Rank,CAND_ID,Category,Similarity_Score,Skill_Match_Score,Final_Score,Matched_Skills,Missing_Skills,Fit_Justification
1,CAND_1717,ENGINEERING,13.53,60.0,32.12,"Git, Machine Learning, Pandas, Python, SQL, Scikit-learn","AWS, Docker, NLP, NumPy","Candidate CAND_1717 possesses several core technical skills required [Git, Machine Learning, Pandas, Python, SQL, Scikit-learn] (60.0% skill match), but their overall resume structure has a lower general textual overlap (13.53%)."
2,CAND_1762,ENGINEERING,20.56,40.0,28.34,"Machine Learning, Pandas, Python, SQL","AWS, Docker, Git, NLP, NumPy, Scikit-learn","Candidate CAND_1762 shows weak overall alignment (20.56% text similarity, 40.0% skill match). Missing critical requirements: [AWS, Docker, Git, NLP, NumPy, Scikit-learn]."
3,CAND_2395,AVIATION,11.23,50.0,26.74,"Docker, Git, NLP, Python, SQL","AWS, Machine Learning, NumPy, Pandas, Scikit-learn","Candidate CAND_2395 shows weak overall alignment (11.23% text similarity, 50.0% skill match). Missing critical requirements: [AWS, Machine Learning, NumPy, Pandas, Scikit-learn]."
4,CAND_1799,ENGINEERING,15.31,40.0,25.19,"AWS, Git, Python, SQL","Docker, Machine Learning, NLP, NumPy, Pandas, Scikit-learn","Candidate CAND_1799 shows weak overall alignment (15.31% text similarity, 40.0% skill match). Missing critical requirements: [Docker, Machine Learning, NLP, NumPy, Pandas, Scikit-learn]."
5,CAND_2199,BANKING,8.16,50.0,24.9,"AWS, Docker, Git, NLP, SQL","Machine Learning, NumPy, Pandas, Python, Scikit-learn","Candidate CAND_2199 shows weak overall alignment (8.16% text similarity, 50.0% skill match). Missing critical requirements: [Machine Learning, NumPy, Pandas, Python, Scikit-learn]."
6,CAND_927,AGRICULTURE,13.92,40.0,24.35,"Pandas, Python, SQL, Scikit-learn","AWS, Docker, Git, Machine Learning, NLP, NumPy","Candidate CAND_927 shows weak overall alignment (13.92% text similarity, 40.0% skill match). Missing critical requirements: [AWS, Docker, Git, Machine Learning, NLP, NumPy]."
7,CAND_930,AGRICULTURE,12.97,40.0,23.78,"AWS, Pandas, Python, SQL","Docker, Git, Machine Learning, NLP, NumPy, Scikit-learn","Candidate CAND_930 shows weak overall alignment (12.97% text similarity, 40.0% skill match). Missing critical requirements: [Docker, Git, Machine Learning, NLP, NumPy, Scikit-learn]."
8,CAND_1340,AUTOMOBILE,12.72,40.0,23.63,"NumPy, Pandas, Python, SQL","AWS, Docker, Git, Machine Learning, NLP, Scikit-learn","Candidate CAND_1340 shows weak overall alignment (12.72% text similarity, 40.0% skill match). Missing critical requirements: [AWS, Docker, Git, Machine Learning, NLP, Scikit-learn]."
9,CAND_2153,BANKING,18.2,30.0,22.92,"Machine Learning, Python, SQL","AWS, Docker, Git, NLP, NumPy, Pandas, Scikit-learn","Candidate CAND_2153 shows weak overall alignment (18.2% text similarity, 30.0% skill match). Missing critical requirements: [AWS, Docker, Git, NLP, NumPy, Pandas, Scikit-learn]."
10,CAND_1349,AUTOMOBILE,18.14,30.0,22.88,"Machine Learning, Python, SQL","AWS, Docker, Git, NLP, NumPy, Pandas, Scikit-learn","Candidate CAND_1349 shows weak overall alignment (18.14% text similarity, 30.0% skill match). Missing critical requirements: [AWS, Docker, Git, NLP, NumPy, Pandas, Scikit-learn]."
11,CAND_299,INFORMATION-TECHNOLOGY,22.47,20.0,21.48,"AWS, Python","Docker, Git, Machine Learning, NLP, NumPy, Pandas, SQL, Scikit-learn","Candidate CAND_299 shows weak overall alignment (22.47% text similarity, 20.0% skill match). Missing critical requirements: [Docker, Git, Machine Learning, NLP, NumPy, Pandas, SQL, Scikit-learn]."
12,CAND_1219,CONSULTANT,14.72,30.0,20.83,"Machine Learning, Python, SQL","AWS, Docker, Git, NLP, NumPy, Pandas, Scikit-learn","Candidate CAND_1219 shows weak overall alignment (14.72% text similarity, 30.0% skill match). Missing critical requirements: [AWS, Docker, Git, NLP, NumPy, Pandas, Scikit-learn]."
13,CAND_1750,ENGINEERING,13.09,30.0,19.85,"Git, Python, SQL","AWS, Docker, Machine Learning, NLP, NumPy, Pandas, Scikit-learn","Candidate CAND_1750 shows weak overall alignment (13.09% text similarity, 30.0% skill match). Missing critical requirements: [AWS, Docker, Machine Learning, NLP, NumPy, Pandas, Scikit-learn]."
14,CAND_2457,AVIATION,10.03,30.0,18.02,"AWS, Git, SQL","Docker, Machine Learning, NLP, NumPy, Pandas, Python, Scikit-learn","Candidate CAND_2457 shows weak overall alignment (10.03% text similarity, 30.0% skill match). Missing critical requirements: [Docker, Machine Learning, NLP, NumPy, Pandas, Python, Scikit-learn]."
15,CAND_1764,ENGINEERING,22.0,10.0,17.2,Machine Learning,"AWS, Docker, Git, NLP, NumPy, Pandas, Python, SQL, Scikit-learn","Candidate CAND_1764 shows weak overall alignment (22.0% text similarity, 10.0% skill match). Missing critical requirements: [AWS, Docker, Git, NLP, NumPy, Pandas, Python, SQL, Scikit-learn]."
16,CAND_298,INFORMATION-TECHNOLOGY,8.23,30.0,16.94,"AWS, Git, SQL","Docker, Machine Learning, NLP, NumPy, Pandas, Python, Scikit-learn","Candidate CAND_298 shows weak overall alignment (8.23% text similarity, 30.0% skill match). Missing critical requirements: [Docker, Machine Learning, NLP, NumPy, Pandas, Python, Scikit-learn]."
17,CAND_1756,ENGINEERING,14.51,20.0,16.71,"Python, SQL","AWS, Docker, Git, Machine Learning, NLP, NumPy, Pandas, Scikit-learn","Candidate CAND_1756 shows weak overall alignment (14.51% text similarity, 20.0% skill match). Missing critical requirements: [AWS, Docker, Git, Machine Learning, NLP, NumPy, Pandas, Scikit-learn]."
18,CAND_332,INFORMATION-TECHNOLOGY,7.84,30.0,16.7,"AWS, Python, SQL","Docker, Git, Machine Learning, NLP, NumPy, Pandas, Scikit-learn","Candidate CAND_332 shows weak overall alignment (7.84% text similarity, 30.0% skill match). Missing critical requirements: [Docker, Git, Machine Learning, NLP, NumPy, Pandas, Scikit-learn]."
19,CAND_845,FITNESS,12.35,20.0,15.41,"Python, SQL","AWS, Docker, Git, Machine Learning, NLP, NumPy, Pandas, Scikit-learn","Candidate CAND_845 shows weak overall alignment (12.35% text similarity, 20.0% skill match). Missing critical requirements: [AWS, Docker, Git, Machine Learning, NLP, NumPy, Pandas, Scikit-learn]."
20,CAND_747,HEALTHCARE,24.49,0.0,14.69,,"AWS, Docker, Git, Machine Learning, NLP, NumPy, Pandas, Python, SQL, Scikit-learn","Candidate CAND_747 shows weak overall alignment (24.49% text similarity, 0.0% skill match). Missing critical requirements: [AWS, Docker, Git, Machine Learning, NLP, NumPy, Pandas, Python, SQL, Scikit-learn]."
21,CAND_663,BUSINESS-DEVELOPMENT,10.23,20.0,14.14,"Python, SQL","AWS, Docker, Git, Machine Learning, NLP, NumPy, Pandas, Scikit-learn","Candidate CAND_663 shows weak overall alignment (10.23% text similarity, 20.0% skill match). Missing critical requirements: [AWS, Docker, Git, Machine Learning, NLP, NumPy, Pandas, Scikit-learn]."
22,CAND_1732,ENGINEERING,9.85,20.0,13.91,"Python, SQL","AWS, Docker, Git, Machine Learning, NLP, NumPy, Pandas, Scikit-learn","Candidate CAND_1732 shows weak overall alignment (9.85% text similarity, 20.0% skill match). Missing critical requirements: [AWS, Docker, Git, Machine Learning, NLP, NumPy, Pandas, Scikit-learn]."
23,CAND_1112,CONSULTANT,9.71,20.0,13.83,"Git, SQL","AWS, Docker, Machine Learning, NLP, NumPy, Pandas, Python, Scikit-learn","Candidate CAND_1112 shows weak overall alignment (9.71% text similarity, 20.0% skill match). Missing critical requirements: [AWS, Docker, Machine Learning, NLP, NumPy, Pandas, Python, Scikit-learn]."
24,CAND_1695,ENGINEERING,9.44,20.0,13.66,"Python, SQL","AWS, Docker, Git, Machine Learning, NLP, NumPy, Pandas, Scikit-learn","Candidate CAND_1695 shows weak overall alignment (9.44% text similarity, 20.0% skill match). Missing critical requirements: [AWS, Docker, Git, Machine Learning, NLP, NumPy, Pandas, Scikit-learn]."
25,CAND_125,DESIGNER,8.94,20.0,13.36,"Git, SQL","AWS, Docker, Machine Learning, NLP, NumPy, Pandas, Python, Scikit-learn","Candidate CAND_125 shows weak overall alignment (8.94% text similarity, 20.0% skill match). Missing critical requirements: [AWS, Docker, Machine Learning, NLP, NumPy, Pandas, Python, Scikit-learn]."
26,CAND_264,INFORMATION-TECHNOLOGY,8.81,20.0,13.29,"AWS, SQL","Docker, Git, Machine Learning, NLP, NumPy, Pandas, Python, Scikit-learn","Candidate CAND_264 shows weak overall alignment (8.81% text similarity, 20.0% skill match). Missing critical requirements: [Docker, Git, Machine Learning, NLP, NumPy, Pandas, Python, Scikit-learn]."
27,CAND_320,INFORMATION-TECHNOLOGY,8.71,20.0,13.23,"Git, SQL","AWS, Docker, Machine Learning, NLP, NumPy, Pandas, Python, Scikit-learn","Candidate CAND_320 shows weak overall alignment (8.71% text similarity, 20.0% skill match). Missing critical requirements: [AWS, Docker, Machine Learning, NLP, NumPy, Pandas, Python, Scikit-learn]."
28,CAND_316,INFORMATION-TECHNOLOGY,8.69,20.0,13.21,"Python, SQL","AWS, Docker, Git, Machine Learning, NLP, NumPy, Pandas, Scikit-learn","Candidate CAND_316 shows weak overall alignment (8.69% text similarity, 20.0% skill match). Missing critical requirements: [AWS, Docker, Git, Machine Learning, NLP, NumPy, Pandas, Scikit-learn]."
29,CAND_1235,DIGITAL-MEDIA,8.29,20.0,12.97,"AWS, SQL","Docker, Git, Machine Learning, NLP, NumPy, Pandas, Python, Scikit-learn","Candidate CAND_1235 shows weak overall alignment (8.29% text similarity, 20.0% skill match). Missing critical requirements: [Docker, Git, Machine Learning, NLP, NumPy, Pandas, Python, Scikit-learn]."
30,CAND_292,INFORMATION-TECHNOLOGY,8.07,20.0,12.84,"Python, SQL","AWS, Docker, Git, Machine Learning, NLP, NumPy, Pandas, Scikit-learn","Candidate CAND_292 shows weak overall alignment (8.07% text similarity, 20.0% skill match). Missing critical requirements: [AWS, Docker, Git, Machine Learning, NLP, NumPy, Pandas, Scikit-learn]."
31,CAND_1143,CONSULTANT,14.6,10.0,12.76,SQL,"AWS, Docker, Git, Machine Learning, NLP, NumPy, Pandas, Python, Scikit-learn","Candidate CAND_1143 shows weak overall alignment (14.6% text similarity, 10.0% skill match). Missing critical requirements: [AWS, Docker, Git, Machine Learning, NLP, NumPy, Pandas, Python, Scikit-learn]."
32,CAND_1118,CONSULTANT,7.68,20.0,12.61,"AWS, SQL","Docker, Git, Machine Learning, NLP, NumPy, Pandas, Python, Scikit-learn","Candidate CAND_1118 shows weak overall alignment (7.68% text similarity, 20.0% skill match). Missing critical requirements: [Docker, Git, Machine Learning, NLP, NumPy, Pandas, Python, Scikit-learn]."
33,CAND_1803,ENGINEERING,14.27,10.0,12.56,SQL,"AWS, Docker, Git, Machine Learning, NLP, NumPy, Pandas, Python, Scikit-learn","Candidate CAND_1803 shows weak overall alignment (14.27% text similarity, 10.0% skill match). Missing critical requirements: [AWS, Docker, Git, Machine Learning, NLP, NumPy, Pandas, Python, Scikit-learn]."
34,CAND_1172,CONSULTANT,7.44,20.0,12.46,"AWS, SQL","Docker, Git, Machine Learning, NLP, NumPy, Pandas, Python, Scikit-learn","Candidate CAND_1172 shows weak overall alignment (7.44% text similarity, 20.0% skill match). Missing critical requirements: [Docker, Git, Machine Learning, NLP, NumPy, Pandas, Python, Scikit-learn]."
35,CAND_300,INFORMATION-TECHNOLOGY,7.41,20.0,12.45,"AWS, SQL","Docker, Git, Machine Learning, NLP, NumPy, Pandas, Python, Scikit-learn","Candidate CAND_300 shows weak overall alignment (7.41% text similarity, 20.0% skill match). Missing critical requirements: [Docker, Git, Machine Learning, NLP, NumPy, Pandas, Python, Scikit-learn]."
36,CAND_564,BUSINESS-DEVELOPMENT,7.32,20.0,12.39,"Python, SQL","AWS, Docker, Git, Machine Learning, NLP, NumPy, Pandas, Scikit-learn","Candidate CAND_564 shows weak overall alignment (7.32% text similarity, 20.0% skill match). Missing critical requirements: [AWS, Docker, Git, Machine Learning, NLP, NumPy, Pandas, Scikit-learn]."
37,CAND_1136,CONSULTANT,6.76,20.0,12.06,"Machine Learning, SQL","AWS, Docker, Git, NLP, NumPy, Pandas, Python, Scikit-learn","Candidate CAND_1136 shows weak overall alignment (6.76% text similarity, 20.0% skill match). Missing critical requirements: [AWS, Docker, Git, NLP, NumPy, Pandas, Python, Scikit-learn]."
38,CAND_310,INFORMATION-TECHNOLOGY,6.7,20.0,12.02,"Git, SQL","AWS, Docker, Machine Learning, NLP, NumPy, Pandas, Python, Scikit-learn","Candidate CAND_310 shows weak overall alignment (6.7% text similarity, 20.0% skill match). Missing critical requirements: [AWS, Docker, Machine Learning, NLP, NumPy, Pandas, Python, Scikit-learn]."
39,CAND_1173,CONSULTANT,6.51,20.0,11.91,"Python, SQL","AWS, Docker, Git, Machine Learning, NLP, NumPy, Pandas, Scikit-learn","Candidate CAND_1173 shows weak overall alignment (6.51% text similarity, 20.0% skill match). Missing critical requirements: [AWS, Docker, Git, Machine Learning, NLP, NumPy, Pandas, Scikit-learn]."
40,CAND_129,DESIGNER,6.48,20.0,11.89,"Python, SQL","AWS, Docker, Git, Machine Learning, NLP, NumPy, Pandas, Scikit-learn","Candidate CAND_129 shows weak overall alignment (6.48% text similarity, 20.0% skill match). Missing critical requirements: [AWS, Docker, Git, Machine Learning, NLP, NumPy, Pandas, Scikit-learn]."
41,CAND_1116,CONSULTANT,6.29,20.0,11.77,"AWS, SQL","Docker, Git, Machine Learning, NLP, NumPy, Pandas, Python, Scikit-learn","Candidate CAND_1116 shows weak overall alignment (6.29% text similarity, 20.0% skill match). Missing critical requirements: [Docker, Git, Machine Learning, NLP, NumPy, Pandas, Python, Scikit-learn]."
42,CAND_2385,AVIATION,6.26,20.0,11.76,"Python, SQL","AWS, Docker, Git, Machine Learning, NLP, NumPy, Pandas, Scikit-learn","Candidate CAND_2385 shows weak overall alignment (6.26% text similarity, 20.0% skill match). Missing critical requirements: [AWS, Docker, Git, Machine Learning, NLP, NumPy, Pandas, Scikit-learn]."
43,CAND_312,INFORMATION-TECHNOLOGY,6.21,20.0,11.73,"Git, SQL","AWS, Docker, Machine Learning, NLP, NumPy, Pandas, Python, Scikit-learn","Candidate CAND_312 shows weak overall alignment (6.21% text similarity, 20.0% skill match). Missing critical requirements: [AWS, Docker, Machine Learning, NLP, NumPy, Pandas, Python, Scikit-learn]."
44,CAND_156,DESIGNER,12.7,10.0,11.62,AWS,"Docker, Git, Machine Learning, NLP, NumPy, Pandas, Python, SQL, Scikit-learn","Candidate CAND_156 shows weak overall alignment (12.7% text similarity, 10.0% skill match). Missing critical requirements: [Docker, Git, Machine Learning, NLP, NumPy, Pandas, Python, SQL, Scikit-learn]."
45,CAND_268,INFORMATION-TECHNOLOGY,5.88,20.0,11.53,"Python, SQL","AWS, Docker, Git, Machine Learning, NLP, NumPy, Pandas, Scikit-learn","Candidate CAND_268 shows weak overall alignment (5.88% text similarity, 20.0% skill match). Missing critical requirements: [AWS, Docker, Git, Machine Learning, NLP, NumPy, Pandas, Scikit-learn]."
46,CAND_1733,ENGINEERING,12.47,10.0,11.48,Python,"AWS, Docker, Git, Machine Learning, NLP, NumPy, Pandas, SQL, Scikit-learn","Candidate CAND_1733 shows weak overall alignment (12.47% text similarity, 10.0% skill match). Missing critical requirements: [AWS, Docker, Git, Machine Learning, NLP, NumPy, Pandas, SQL, Scikit-learn]."
47,CAND_1707,ENGINEERING,12.3,10.0,11.38,Machine Learning,"AWS, Docker, Git, NLP, NumPy, Pandas, Python, SQL, Scikit-learn","Candidate CAND_1707 shows weak overall alignment (12.3% text similarity, 10.0% skill match). Missing critical requirements: [AWS, Docker, Git, NLP, NumPy, Pandas, Python, SQL, Scikit-learn]."
48,CAND_2184,BANKING,12.2,10.0,11.32,SQL,"AWS, Docker, Git, Machine Learning, NLP, NumPy, Pandas, Python, Scikit-learn","Candidate CAND_2184 shows weak overall alignment (12.2% text similarity, 10.0% skill match). Missing critical requirements: [AWS, Docker, Git, Machine Learning, NLP, NumPy, Pandas, Python, Scikit-learn]."
49,CAND_1168,CONSULTANT,12.16,10.0,11.3,SQL,"AWS, Docker, Git, Machine Learning, NLP, NumPy, Pandas, Python, Scikit-learn","Candidate CAND_1168 shows weak overall alignment (12.16% text similarity, 10.0% skill match). Missing critical requirements: [AWS, Docker, Git, Machine Learning, NLP, NumPy, Pandas, Python, Scikit-learn]."
50,CAND_1148,CONSULTANT,5.48,20.0,11.29,"AWS, SQL","Docker, Git, Machine Learning, NLP, NumPy, Pandas, Python, Scikit-learn","Candidate CAND_1148 shows weak overall alignment (5.48% text similarity, 20.0% skill match). Missing critical requirements: [Docker, Git, Machine Learning, NLP, NumPy, Pandas, Python, Scikit-learn]."
51,CAND_244,INFORMATION-TECHNOLOGY,12.08,10.0,11.25,SQL,"AWS, Docker, Git, Machine Learning, NLP, NumPy, Pandas, Python, Scikit-learn","Candidate CAND_244 shows weak overall alignment (12.08% text similarity, 10.0% skill match). Missing critical requirements: [AWS, Docker, Git, Machine Learning, NLP, NumPy, Pandas, Python, Scikit-learn]."
52,CAND_1304,DIGITAL-MEDIA,5.28,20.0,11.17,"Python, SQL","AWS, Docker, Git, Machine Learning, NLP, NumPy, Pandas, Scikit-learn","Candidate CAND_1304 shows weak overall alignment (5.28% text similarity, 20.0% skill match). Missing critical requirements: [AWS, Docker, Git, Machine Learning, NLP, NumPy, Pandas, Scikit-learn]."
53,CAND_1740,ENGINEERING,18.24,0.0,10.94,,"AWS, Docker, Git, Machine Learning, NLP, NumPy, Pandas, Python, SQL, Scikit-learn","Candidate CAND_1740 shows weak overall alignment (18.24% text similarity, 0.0% skill match). Missing critical requirements: [AWS, Docker, Git, Machine Learning, NLP, NumPy, Pandas, Python, SQL, Scikit-learn]."
54,CAND_548,ADVOCATE,4.6,20.0,10.76,"AWS, SQL","Docker, Git, Machine Learning, NLP, NumPy, Pandas, Python, Scikit-learn","Candidate CAND_548 shows weak overall alignment (4.6% text similarity, 20.0% skill match). Missing critical requirements: [Docker, Git, Machine Learning, NLP, NumPy, Pandas, Python, Scikit-learn]."
55,CAND_281,INFORMATION-TECHNOLOGY,10.77,10.0,10.46,SQL,"AWS, Docker, Git, Machine Learning, NLP, NumPy, Pandas, Python, Scikit-learn","Candidate CAND_281 shows weak overall alignment (10.77% text similarity, 10.0% skill match). Missing critical requirements: [AWS, Docker, Git, Machine Learning, NLP, NumPy, Pandas, Python, Scikit-learn]."
56,CAND_1742,ENGINEERING,10.6,10.0,10.36,SQL,"AWS, Docker, Git, Machine Learning, NLP, NumPy, Pandas, Python, Scikit-learn","Candidate CAND_1742 shows weak overall alignment (10.6% text similarity, 10.0% skill match). Missing critical requirements: [AWS, Docker, Git, Machine Learning, NLP, NumPy, Pandas, Python, Scikit-learn]."
57,CAND_987,BPO,10.34,10.0,10.2,SQL,"AWS, Docker, Git, Machine Learning, NLP, NumPy, Pandas, Python, Scikit-learn","Candidate CAND_987 shows weak overall alignment (10.34% text similarity, 10.0% skill match). Missing critical requirements: [AWS, Docker, Git, Machine Learning, NLP, NumPy, Pandas, Python, Scikit-learn]."
58,CAND_1719,ENGINEERING,10.09,10.0,10.05,AWS,"Docker, Git, Machine Learning, NLP, NumPy, Pandas, Python, SQL, Scikit-learn","Candidate CAND_1719 shows weak overall alignment (10.09% text similarity, 10.0% skill match). Missing critical requirements: [Docker, Git, Machine Learning, NLP, NumPy, Pandas, Python, SQL, Scikit-learn]."
59,CAND_127,DESIGNER,9.88,10.0,9.93,Python,"AWS, Docker, Git, Machine Learning, NLP, NumPy, Pandas, SQL, Scikit-learn","Candidate CAND_127 shows weak overall alignment (9.88% text similarity, 10.0% skill match). Missing critical requirements: [AWS, Docker, Git, Machine Learning, NLP, NumPy, Pandas, SQL, Scikit-learn]."
60,CAND_584,BUSINESS-DEVELOPMENT,9.82,10.0,9.89,Python,"AWS, Docker, Git, Machine Learning, NLP, NumPy, Pandas, SQL, Scikit-learn","Candidate CAND_584 shows weak overall alignment (9.82% text similarity, 10.0% skill match). Missing critical requirements: [AWS, Docker, Git, Machine Learning, NLP, NumPy, Pandas, SQL, Scikit-learn]."
61,CAND_1208,CONSULTANT,3.07,20.0,9.84,"Python, SQL","AWS, Docker, Git, Machine Learning, NLP, NumPy, Pandas, Scikit-learn","Candidate CAND_1208 shows weak overall alignment (3.07% text similarity, 20.0% skill match). Missing critical requirements: [AWS, Docker, Git, Machine Learning, NLP, NumPy, Pandas, Scikit-learn]."
62,CAND_1128,CONSULTANT,9.67,10.0,9.8,SQL,"AWS, Docker, Git, Machine Learning, NLP, NumPy, Pandas, Python, Scikit-learn","Candidate CAND_1128 shows weak overall alignment (9.67% text similarity, 10.0% skill match). Missing critical requirements: [AWS, Docker, Git, Machine Learning, NLP, NumPy, Pandas, Python, Scikit-learn]."
63,CAND_1795,ENGINEERING,9.55,10.0,9.73,Machine Learning,"AWS, Docker, Git, NLP, NumPy, Pandas, Python, SQL, Scikit-learn","Candidate CAND_1795 shows weak overall alignment (9.55% text similarity, 10.0% skill match). Missing critical requirements: [AWS, Docker, Git, NLP, NumPy, Pandas, Python, SQL, Scikit-learn]."
64,CAND_230,INFORMATION-TECHNOLOGY,9.54,10.0,9.72,SQL,"AWS, Docker, Git, Machine Learning, NLP, NumPy, Pandas, Python, Scikit-learn","Candidate CAND_230 shows weak overall alignment (9.54% text similarity, 10.0% skill match). Missing critical requirements: [AWS, Docker, Git, Machine Learning, NLP, NumPy, Pandas, Python, Scikit-learn]."
65,CAND_1153,CONSULTANT,2.81,20.0,9.69,"Python, SQL","AWS, Docker, Git, Machine Learning, NLP, NumPy, Pandas, Scikit-learn","Candidate CAND_1153 shows weak overall alignment (2.81% text similarity, 20.0% skill match). Missing critical requirements: [AWS, Docker, Git, Machine Learning, NLP, NumPy, Pandas, Scikit-learn]."
66,CAND_1758,ENGINEERING,15.9,0.0,9.54,,"AWS, Docker, Git, Machine Learning, NLP, NumPy, Pandas, Python, SQL, Scikit-learn","Candidate CAND_1758 shows weak overall alignment (15.9% text similarity, 0.0% skill match). Missing critical requirements: [AWS, Docker, Git, Machine Learning, NLP, NumPy, Pandas, Python, SQL, Scikit-learn]."
67,CAND_251,INFORMATION-TECHNOLOGY,2.02,20.0,9.21,"AWS, SQL","Docker, Git, Machine Learning, NLP, NumPy, Pandas, Python, Scikit-learn","Candidate CAND_251 shows weak overall alignment (2.02% text similarity, 20.0% skill match). Missing critical requirements: [Docker, Git, Machine Learning, NLP, NumPy, Pandas, Python, Scikit-learn]."
68,CAND_121,DESIGNER,8.64,10.0,9.18,SQL,"AWS, Docker, Git, Machine Learning, NLP, NumPy, Pandas, Python, Scikit-learn","Candidate CAND_121 shows weak overall alignment (8.64% text similarity, 10.0% skill match). Missing critical requirements: [AWS, Docker, Git, Machine Learning, NLP, NumPy, Pandas, Python, Scikit-learn]."
69,CAND_1785,ENGINEERING,8.45,10.0,9.07,SQL,"AWS, Docker, Git, Machine Learning, NLP, NumPy, Pandas, Python, Scikit-learn","Candidate CAND_1785 shows weak overall alignment (8.45% text similarity, 10.0% skill match). Missing critical requirements: [AWS, Docker, Git, Machine Learning, NLP, NumPy, Pandas, Python, Scikit-learn]."
70,CAND_178,DESIGNER,8.26,10.0,8.96,AWS,"Docker, Git, Machine Learning, NLP, NumPy, Pandas, Python, SQL, Scikit-learn","Candidate CAND_178 shows weak overall alignment (8.26% text similarity, 10.0% skill match). Missing critical requirements: [Docker, Git, Machine Learning, NLP, NumPy, Pandas, Python, SQL, Scikit-learn]."
71,CAND_311,INFORMATION-TECHNOLOGY,8.18,10.0,8.91,SQL,"AWS, Docker, Git, Machine Learning, NLP, NumPy, Pandas, Python, Scikit-learn","Candidate CAND_311 shows weak overall alignment (8.18% text similarity, 10.0% skill match). Missing critical requirements: [AWS, Docker, Git, Machine Learning, NLP, NumPy, Pandas, Python, Scikit-learn]."
72,CAND_2403,AVIATION,7.94,10.0,8.76,Python,"AWS, Docker, Git, Machine Learning, NLP, NumPy, Pandas, SQL, Scikit-learn","Candidate CAND_2403 shows weak overall alignment (7.94% text similarity, 10.0% skill match). Missing critical requirements: [AWS, Docker, Git, Machine Learning, NLP, NumPy, Pandas, SQL, Scikit-learn]."
73,CAND_1092,SALES,7.86,10.0,8.72,SQL,"AWS, Docker, Git, Machine Learning, NLP, NumPy, Pandas, Python, Scikit-learn","Candidate CAND_1092 shows weak overall alignment (7.86% text similarity, 10.0% skill match). Missing critical requirements: [AWS, Docker, Git, Machine Learning, NLP, NumPy, Pandas, Python, Scikit-learn]."
74,CAND_1724,ENGINEERING,7.77,10.0,8.66,SQL,"AWS, Docker, Git, Machine Learning, NLP, NumPy, Pandas, Python, Scikit-learn","Candidate CAND_1724 shows weak overall alignment (7.77% text similarity, 10.0% skill match). Missing critical requirements: [AWS, Docker, Git, Machine Learning, NLP, NumPy, Pandas, Python, Scikit-learn]."
75,CAND_369,TEACHER,14.44,0.0,8.66,,"AWS, Docker, Git, Machine Learning, NLP, NumPy, Pandas, Python, SQL, Scikit-learn","Candidate CAND_369 shows weak overall alignment (14.44% text similarity, 0.0% skill match). Missing critical requirements: [AWS, Docker, Git, Machine Learning, NLP, NumPy, Pandas, Python, SQL, Scikit-learn]."
76,CAND_1766,ENGINEERING,7.48,10.0,8.49,Python,"AWS, Docker, Git, Machine Learning, NLP, NumPy, Pandas, SQL, Scikit-learn","Candidate CAND_1766 shows weak overall alignment (7.48% text similarity, 10.0% skill match). Missing critical requirements: [AWS, Docker, Git, Machine Learning, NLP, NumPy, Pandas, SQL, Scikit-learn]."
77,CAND_1154,CONSULTANT,7.35,10.0,8.41,SQL,"AWS, Docker, Git, Machine Learning, NLP, NumPy, Pandas, Python, Scikit-learn","Candidate CAND_1154 shows weak overall alignment (7.35% text similarity, 10.0% skill match). Missing critical requirements: [AWS, Docker, Git, Machine Learning, NLP, NumPy, Pandas, Python, Scikit-learn]."
78,CAND_2211,BANKING,7.31,10.0,8.39,SQL,"AWS, Docker, Git, Machine Learning, NLP, NumPy, Pandas, Python, Scikit-learn","Candidate CAND_2211 shows weak overall alignment (7.31% text similarity, 10.0% skill match). Missing critical requirements: [AWS, Docker, Git, Machine Learning, NLP, NumPy, Pandas, Python, Scikit-learn]."
79,CAND_228,INFORMATION-TECHNOLOGY,7.16,10.0,8.3,SQL,"AWS, Docker, Git, Machine Learning, NLP, NumPy, Pandas, Python, Scikit-learn","Candidate CAND_228 shows weak overall alignment (7.16% text similarity, 10.0% skill match). Missing critical requirements: [AWS, Docker, Git, Machine Learning, NLP, NumPy, Pandas, Python, Scikit-learn]."
80,CAND_1778,ENGINEERING,7.06,10.0,8.24,Python,"AWS, Docker, Git, Machine Learning, NLP, NumPy, Pandas, SQL, Scikit-learn","Candidate CAND_1778 shows weak overall alignment (7.06% text similarity, 10.0% skill match). Missing critical requirements: [AWS, Docker, Git, Machine Learning, NLP, NumPy, Pandas, SQL, Scikit-learn]."
81,CAND_1787,ENGINEERING,13.71,0.0,8.23,,"AWS, Docker, Git, Machine Learning, NLP, NumPy, Pandas, Python, SQL, Scikit-learn","Candidate CAND_1787 shows weak overall alignment (13.71% text similarity, 0.0% skill match). Missing critical requirements: [AWS, Docker, Git, Machine Learning, NLP, NumPy, Pandas, Python, SQL, Scikit-learn]."
82,CAND_1215,CONSULTANT,7.02,10.0,8.21,SQL,"AWS, Docker, Git, Machine Learning, NLP, NumPy, Pandas, Python, Scikit-learn","Candidate CAND_1215 shows weak overall alignment (7.02% text similarity, 10.0% skill match). Missing critical requirements: [AWS, Docker, Git, Machine Learning, NLP, NumPy, Pandas, Python, Scikit-learn]."
83,CAND_1714,ENGINEERING,6.94,10.0,8.16,SQL,"AWS, Docker, Git, Machine Learning, NLP, NumPy, Pandas, Python, Scikit-learn","Candidate CAND_1714 shows weak overall alignment (6.94% text similarity, 10.0% skill match). Missing critical requirements: [AWS, Docker, Git, Machine Learning, NLP, NumPy, Pandas, Python, Scikit-learn]."
84,CAND_1934,CONSTRUCTION,13.51,0.0,8.11,,"AWS, Docker, Git, Machine Learning, NLP, NumPy, Pandas, Python, SQL, Scikit-learn","Candidate CAND_1934 shows weak overall alignment (13.51% text similarity, 0.0% skill match). Missing critical requirements: [AWS, Docker, Git, Machine Learning, NLP, NumPy, Pandas, Python, SQL, Scikit-learn]."
85,CAND_164,DESIGNER,6.84,10.0,8.1,SQL,"AWS, Docker, Git, Machine Learning, NLP, NumPy, Pandas, Python, Scikit-learn","Candidate CAND_164 shows weak overall alignment (6.84% text similarity, 10.0% skill match). Missing critical requirements: [AWS, Docker, Git, Machine Learning, NLP, NumPy, Pandas, Python, Scikit-learn]."
86,CAND_195,DESIGNER,13.46,0.0,8.08,,"AWS, Docker, Git, Machine Learning, NLP, NumPy, Pandas, Python, SQL, Scikit-learn","Candidate CAND_195 shows weak overall alignment (13.46% text similarity, 0.0% skill match). Missing critical requirements: [AWS, Docker, Git, Machine Learning, NLP, NumPy, Pandas, Python, SQL, Scikit-learn]."
87,CAND_2220,BANKING,6.73,10.0,8.04,SQL,"AWS, Docker, Git, Machine Learning, NLP, NumPy, Pandas, Python, Scikit-learn","Candidate CAND_2220 shows weak overall alignment (6.73% text similarity, 10.0% skill match). Missing critical requirements: [AWS, Docker, Git, Machine Learning, NLP, NumPy, Pandas, Python, Scikit-learn]."
88,CAND_297,INFORMATION-TECHNOLOGY,6.64,10.0,7.98,SQL,"AWS, Docker, Git, Machine Learning, NLP, NumPy, Pandas, Python, Scikit-learn","Candidate CAND_297 shows weak overall alignment (6.64% text similarity, 10.0% skill match). Missing critical requirements: [AWS, Docker, Git, Machine Learning, NLP, NumPy, Pandas, Python, Scikit-learn]."
89,CAND_1041,SALES,6.56,10.0,7.94,Machine Learning,"AWS, Docker, Git, NLP, NumPy, Pandas, Python, SQL, Scikit-learn","Candidate CAND_1041 shows weak overall alignment (6.56% text similarity, 10.0% skill match). Missing critical requirements: [AWS, Docker, Git, NLP, NumPy, Pandas, Python, SQL, Scikit-learn]."
90,CAND_949,AGRICULTURE,13.14,0.0,7.88,,"AWS, Docker, Git, Machine Learning, NLP, NumPy, Pandas, Python, SQL, Scikit-learn","Candidate CAND_949 shows weak overall alignment (13.14% text similarity, 0.0% skill match). Missing critical requirements: [AWS, Docker, Git, Machine Learning, NLP, NumPy, Pandas, Python, SQL, Scikit-learn]."
91,CAND_1805,ENGINEERING,13.14,0.0,7.88,,"AWS, Docker, Git, Machine Learning, NLP, NumPy, Pandas, Python, SQL, Scikit-learn","Candidate CAND_1805 shows weak overall alignment (13.14% text similarity, 0.0% skill match). Missing critical requirements: [AWS, Docker, Git, Machine Learning, NLP, NumPy, Pandas, Python, SQL, Scikit-learn]."
92,CAND_988,BPO,6.42,10.0,7.85,SQL,"AWS, Docker, Git, Machine Learning, NLP, NumPy, Pandas, Python, Scikit-learn","Candidate CAND_988 shows weak overall alignment (6.42% text similarity, 10.0% skill match). Missing critical requirements: [AWS, Docker, Git, Machine Learning, NLP, NumPy, Pandas, Python, Scikit-learn]."
93,CAND_1961,CONSTRUCTION,6.42,10.0,7.85,SQL,"AWS, Docker, Git, Machine Learning, NLP, NumPy, Pandas, Python, Scikit-learn","Candidate CAND_1961 shows weak overall alignment (6.42% text similarity, 10.0% skill match). Missing critical requirements: [AWS, Docker, Git, Machine Learning, NLP, NumPy, Pandas, Python, Scikit-learn]."
94,CAND_2291,ARTS,12.96,0.0,7.78,,"AWS, Docker, Git, Machine Learning, NLP, NumPy, Pandas, Python, SQL, Scikit-learn","Candidate CAND_2291 shows weak overall alignment (12.96% text similarity, 0.0% skill match). Missing critical requirements: [AWS, Docker, Git, Machine Learning, NLP, NumPy, Pandas, Python, SQL, Scikit-learn]."
95,CAND_477,ADVOCATE,6.2,10.0,7.72,Python,"AWS, Docker, Git, Machine Learning, NLP, NumPy, Pandas, SQL, Scikit-learn","Candidate CAND_477 shows weak overall alignment (6.2% text similarity, 10.0% skill match). Missing critical requirements: [AWS, Docker, Git, Machine Learning, NLP, NumPy, Pandas, SQL, Scikit-learn]."
96,CAND_2171,BANKING,5.97,10.0,7.58,Python,"AWS, Docker, Git, Machine Learning, NLP, NumPy, Pandas, SQL, Scikit-learn","Candidate CAND_2171 shows weak overall alignment (5.97% text similarity, 10.0% skill match). Missing critical requirements: [AWS, Docker, Git, Machine Learning, NLP, NumPy, Pandas, SQL, Scikit-learn]."
97,CAND_1188,CONSULTANT,5.91,10.0,7.55,SQL,"AWS, Docker, Git, Machine Learning, NLP, NumPy, Pandas, Python, Scikit-learn","Candidate CAND_1188 shows weak overall alignment (5.91% text similarity, 10.0% skill match). Missing critical requirements: [AWS, Docker, Git, Machine Learning, NLP, NumPy, Pandas, Python, Scikit-learn]."
98,CAND_250,INFORMATION-TECHNOLOGY,5.88,10.0,7.53,Python,"AWS, Docker, Git, Machine Learning, NLP, NumPy, Pandas, SQL, Scikit-learn","Candidate CAND_250 shows weak overall alignment (5.88% text similarity, 10.0% skill match). Missing critical requirements: [AWS, Docker, Git, Machine Learning, NLP, NumPy, Pandas, SQL, Scikit-learn]."
99,CAND_133,DESIGNER,5.82,10.0,7.49,SQL,"AWS, Docker, Git, Machine Learning, NLP, NumPy, Pandas, Python, Scikit-learn","Candidate CAND_133 shows weak overall alignment (5.82% text similarity, 10.0% skill match). Missing critical requirements: [AWS, Docker, Git, Machine Learning, NLP, NumPy, Pandas, Python, Scikit-learn]."
100,CAND_1753,ENGINEERING,12.47,0.0,7.48,,"AWS, Docker, Git, Machine Learning, NLP, NumPy, Pandas, Python, SQL, Scikit-learn","Candidate CAND_1753 shows weak overall alignment (12.47% text similarity, 0.0% skill match). Missing critical requirements: [AWS, Docker, Git, Machine Learning, NLP, NumPy, Pandas, Python, SQL, Scikit-learn]."
101,CAND_173,DESIGNER,12.41,0.0,7.45,,"AWS, Docker, Git, Machine Learning, NLP, NumPy, Pandas, Python, SQL, Scikit-learn","Candidate CAND_173 shows weak overall alignment (12.41% text similarity, 0.0% skill match). Missing critical requirements: [AWS, Docker, Git, Machine Learning, NLP, NumPy, Pandas, Python, SQL, Scikit-learn]."
102,CAND_500,ADVOCATE,5.62,10.0,7.37,AWS,"Docker, Git, Machine Learning, NLP, NumPy, Pandas, Python, SQL, Scikit-learn","Candidate CAND_500 shows weak overall alignment (5.62% text similarity, 10.0% skill match). Missing critical requirements: [Docker, Git, Machine Learning, NLP, NumPy, Pandas, Python, SQL, Scikit-learn]."
103,CAND_1180,CONSULTANT,5.6,10.0,7.36,SQL,"AWS, Docker, Git, Machine Learning, NLP, NumPy, Pandas, Python, Scikit-learn","Candidate CAND_1180 shows weak overall alignment (5.6% text similarity, 10.0% skill match). Missing critical requirements: [AWS, Docker, Git, Machine Learning, NLP, NumPy, Pandas, Python, Scikit-learn]."
104,CAND_1780,ENGINEERING,12.27,0.0,7.36,,"AWS, Docker, Git, Machine Learning, NLP, NumPy, Pandas, Python, SQL, Scikit-learn","Candidate CAND_1780 shows weak overall alignment (12.27% text similarity, 0.0% skill match). Missing critical requirements: [AWS, Docker, Git, Machine Learning, NLP, NumPy, Pandas, Python, SQL, Scikit-learn]."
105,CAND_243,INFORMATION-TECHNOLOGY,5.55,10.0,7.33,SQL,"AWS, Docker, Git, Machine Learning, NLP, NumPy, Pandas, Python, Scikit-learn","Candidate CAND_243 shows weak overall alignment (5.55% text similarity, 10.0% skill match). Missing critical requirements: [AWS, Docker, Git, Machine Learning, NLP, NumPy, Pandas, Python, Scikit-learn]."
106,CAND_1737,ENGINEERING,5.54,10.0,7.32,Machine Learning,"AWS, Docker, Git, NLP, NumPy, Pandas, Python, SQL, Scikit-learn","Candidate CAND_1737 shows weak overall alignment (5.54% text similarity, 10.0% skill match). Missing critical requirements: [AWS, Docker, Git, NLP, NumPy, Pandas, Python, SQL, Scikit-learn]."
107,CAND_2196,BANKING,5.46,10.0,7.28,SQL,"AWS, Docker, Git, Machine Learning, NLP, NumPy, Pandas, Python, Scikit-learn","Candidate CAND_2196 shows weak overall alignment (5.46% text similarity, 10.0% skill match). Missing critical requirements: [AWS, Docker, Git, Machine Learning, NLP, NumPy, Pandas, Python, Scikit-learn]."
108,CAND_183,DESIGNER,5.42,10.0,7.25,SQL,"AWS, Docker, Git, Machine Learning, NLP, NumPy, Pandas, Python, Scikit-learn","Candidate CAND_183 shows weak overall alignment (5.42% text similarity, 10.0% skill match). Missing critical requirements: [AWS, Docker, Git, Machine Learning, NLP, NumPy, Pandas, Python, Scikit-learn]."
109,CAND_1804,ENGINEERING,12.02,0.0,7.21,,"AWS, Docker, Git, Machine Learning, NLP, NumPy, Pandas, Python, SQL, Scikit-learn","Candidate CAND_1804 shows weak overall alignment (12.02% text similarity, 0.0% skill match). Missing critical requirements: [AWS, Docker, Git, Machine Learning, NLP, NumPy, Pandas, Python, SQL, Scikit-learn]."
110,CAND_2190,BANKING,5.32,10.0,7.19,SQL,"AWS, Docker, Git, Machine Learning, NLP, NumPy, Pandas, Python, Scikit-learn","Candidate CAND_2190 shows weak overall alignment (5.32% text similarity, 10.0% skill match). Missing critical requirements: [AWS, Docker, Git, Machine Learning, NLP, NumPy, Pandas, Python, Scikit-learn]."
111,CAND_325,INFORMATION-TECHNOLOGY,5.31,10.0,7.19,SQL,"AWS, Docker, Git, Machine Learning, NLP, NumPy, Pandas, Python, Scikit-learn","Candidate CAND_325 shows weak overall alignment (5.31% text similarity, 10.0% skill match). Missing critical requirements: [AWS, Docker, Git, Machine Learning, NLP, NumPy, Pandas, Python, Scikit-learn]."
112,CAND_1709,ENGINEERING,11.97,0.0,7.18,,"AWS, Docker, Git, Machine Learning, NLP, NumPy, Pandas, Python, SQL, Scikit-learn","Candidate CAND_1709 shows weak overall alignment (11.97% text similarity, 0.0% skill match). Missing critical requirements: [AWS, Docker, Git, Machine Learning, NLP, NumPy, Pandas, Python, SQL, Scikit-learn]."
113,CAND_277,INFORMATION-TECHNOLOGY,5.23,10.0,7.14,SQL,"AWS, Docker, Git, Machine Learning, NLP, NumPy, Pandas, Python, Scikit-learn","Candidate CAND_277 shows weak overall alignment (5.23% text similarity, 10.0% skill match). Missing critical requirements: [AWS, Docker, Git, Machine Learning, NLP, NumPy, Pandas, Python, Scikit-learn]."
114,CAND_1693,ENGINEERING,5.09,10.0,7.05,Python,"AWS, Docker, Git, Machine Learning, NLP, NumPy, Pandas, SQL, Scikit-learn","Candidate CAND_1693 shows weak overall alignment (5.09% text similarity, 10.0% skill match). Missing critical requirements: [AWS, Docker, Git, Machine Learning, NLP, NumPy, Pandas, SQL, Scikit-learn]."
115,CAND_1324,AUTOMOBILE,4.96,10.0,6.98,SQL,"AWS, Docker, Git, Machine Learning, NLP, NumPy, Pandas, Python, Scikit-learn","Candidate CAND_1324 shows weak overall alignment (4.96% text similarity, 10.0% skill match). Missing critical requirements: [AWS, Docker, Git, Machine Learning, NLP, NumPy, Pandas, Python, Scikit-learn]."
116,CAND_561,BUSINESS-DEVELOPMENT,4.89,10.0,6.93,SQL,"AWS, Docker, Git, Machine Learning, NLP, NumPy, Pandas, Python, Scikit-learn","Candidate CAND_561 shows weak overall alignment (4.89% text similarity, 10.0% skill match). Missing critical requirements: [AWS, Docker, Git, Machine Learning, NLP, NumPy, Pandas, Python, Scikit-learn]."
117,CAND_1794,ENGINEERING,4.82,10.0,6.89,SQL,"AWS, Docker, Git, Machine Learning, NLP, NumPy, Pandas, Python, Scikit-learn","Candidate CAND_1794 shows weak overall alignment (4.82% text similarity, 10.0% skill match). Missing critical requirements: [AWS, Docker, Git, Machine Learning, NLP, NumPy, Pandas, Python, Scikit-learn]."
118,CAND_248,INFORMATION-TECHNOLOGY,4.77,10.0,6.86,SQL,"AWS, Docker, Git, Machine Learning, NLP, NumPy, Pandas, Python, Scikit-learn","Candidate CAND_248 shows weak overall alignment (4.77% text similarity, 10.0% skill match). Missing critical requirements: [AWS, Docker, Git, Machine Learning, NLP, NumPy, Pandas, Python, Scikit-learn]."
119,CAND_1181,CONSULTANT,4.73,10.0,6.84,SQL,"AWS, Docker, Git, Machine Learning, NLP, NumPy, Pandas, Python, Scikit-learn","Candidate CAND_1181 shows weak overall alignment (4.73% text similarity, 10.0% skill match). Missing critical requirements: [AWS, Docker, Git, Machine Learning, NLP, NumPy, Pandas, Python, Scikit-learn]."
120,CAND_1641,APPAREL,4.72,10.0,6.83,SQL,"AWS, Docker, Git, Machine Learning, NLP, NumPy, Pandas, Python, Scikit-learn","Candidate CAND_1641 shows weak overall alignment (4.72% text similarity, 10.0% skill match). Missing critical requirements: [AWS, Docker, Git, Machine Learning, NLP, NumPy, Pandas, Python, Scikit-learn]."
121,CAND_1138,CONSULTANT,4.72,10.0,6.83,SQL,"AWS, Docker, Git, Machine Learning, NLP, NumPy, Pandas, Python, Scikit-learn","Candidate CAND_1138 shows weak overall alignment (4.72% text similarity, 10.0% skill match). Missing critical requirements: [AWS, Docker, Git, Machine Learning, NLP, NumPy, Pandas, Python, Scikit-learn]."
122,CAND_1807,ENGINEERING,11.3,0.0,6.78,,"AWS, Docker, Git, Machine Learning, NLP, NumPy, Pandas, Python, SQL, Scikit-learn","Candidate CAND_1807 shows weak overall alignment (11.3% text similarity, 0.0% skill match). Missing critical requirements: [AWS, Docker, Git, Machine Learning, NLP, NumPy, Pandas, Python, SQL, Scikit-learn]."
123,CAND_1543,FINANCE,4.63,10.0,6.78,SQL,"AWS, Docker, Git, Machine Learning, NLP, NumPy, Pandas, Python, Scikit-learn","Candidate CAND_1543 shows weak overall alignment (4.63% text similarity, 10.0% skill match). Missing critical requirements: [AWS, Docker, Git, Machine Learning, NLP, NumPy, Pandas, Python, Scikit-learn]."
124,CAND_1800,ENGINEERING,11.26,0.0,6.76,,"AWS, Docker, Git, Machine Learning, NLP, NumPy, Pandas, Python, SQL, Scikit-learn","Candidate CAND_1800 shows weak overall alignment (11.26% text similarity, 0.0% skill match). Missing critical requirements: [AWS, Docker, Git, Machine Learning, NLP, NumPy, Pandas, Python, SQL, Scikit-learn]."
125,CAND_739,HEALTHCARE,4.49,10.0,6.69,SQL,"AWS, Docker, Git, Machine Learning, NLP, NumPy, Pandas, Python, Scikit-learn","Candidate CAND_739 shows weak overall alignment (4.49% text similarity, 10.0% skill match). Missing critical requirements: [AWS, Docker, Git, Machine Learning, NLP, NumPy, Pandas, Python, Scikit-learn]."
126,CAND_317,INFORMATION-TECHNOLOGY,4.46,10.0,6.68,SQL,"AWS, Docker, Git, Machine Learning, NLP, NumPy, Pandas, Python, Scikit-learn","Candidate CAND_317 shows weak overall alignment (4.46% text similarity, 10.0% skill match). Missing critical requirements: [AWS, Docker, Git, Machine Learning, NLP, NumPy, Pandas, Python, Scikit-learn]."
127,CAND_1938,CONSTRUCTION,4.39,10.0,6.63,AWS,"Docker, Git, Machine Learning, NLP, NumPy, Pandas, Python, SQL, Scikit-learn","Candidate CAND_1938 shows weak overall alignment (4.39% text similarity, 10.0% skill match). Missing critical requirements: [Docker, Git, Machine Learning, NLP, NumPy, Pandas, Python, SQL, Scikit-learn]."
128,CAND_092,HR,4.37,10.0,6.62,SQL,"AWS, Docker, Git, Machine Learning, NLP, NumPy, Pandas, Python, Scikit-learn","Candidate CAND_092 shows weak overall alignment (4.37% text similarity, 10.0% skill match). Missing critical requirements: [AWS, Docker, Git, Machine Learning, NLP, NumPy, Pandas, Python, Scikit-learn]."
129,CAND_1195,CONSULTANT,4.37,10.0,6.62,SQL,"AWS, Docker, Git, Machine Learning, NLP, NumPy, Pandas, Python, Scikit-learn","Candidate CAND_1195 shows weak overall alignment (4.37% text similarity, 10.0% skill match). Missing critical requirements: [AWS, Docker, Git, Machine Learning, NLP, NumPy, Pandas, Python, Scikit-learn]."
130,CAND_266,INFORMATION-TECHNOLOGY,4.35,10.0,6.61,SQL,"AWS, Docker, Git, Machine Learning, NLP, NumPy, Pandas, Python, Scikit-learn","Candidate CAND_266 shows weak overall alignment (4.35% text similarity, 10.0% skill match). Missing critical requirements: [AWS, Docker, Git, Machine Learning, NLP, NumPy, Pandas, Python, Scikit-learn]."
131,CAND_2089,PUBLIC-RELATIONS,4.32,10.0,6.59,SQL,"AWS, Docker, Git, Machine Learning, NLP, NumPy, Pandas, Python, Scikit-learn","Candidate CAND_2089 shows weak overall alignment (4.32% text similarity, 10.0% skill match). Missing critical requirements: [AWS, Docker, Git, Machine Learning, NLP, NumPy, Pandas, Python, Scikit-learn]."
132,CAND_1723,ENGINEERING,10.94,0.0,6.56,,"AWS, Docker, Git, Machine Learning, NLP, NumPy, Pandas, Python, SQL, Scikit-learn","Candidate CAND_1723 shows weak overall alignment (10.94% text similarity, 0.0% skill match). Missing critical requirements: [AWS, Docker, Git, Machine Learning, NLP, NumPy, Pandas, Python, SQL, Scikit-learn]."
133,CAND_118,DESIGNER,4.25,10.0,6.55,SQL,"AWS, Docker, Git, Machine Learning, NLP, NumPy, Pandas, Python, Scikit-learn","Candidate CAND_118 shows weak overall alignment (4.25% text similarity, 10.0% skill match). Missing critical requirements: [AWS, Docker, Git, Machine Learning, NLP, NumPy, Pandas, Python, Scikit-learn]."
134,CAND_327,INFORMATION-TECHNOLOGY,4.13,10.0,6.48,SQL,"AWS, Docker, Git, Machine Learning, NLP, NumPy, Pandas, Python, Scikit-learn","Candidate CAND_327 shows weak overall alignment (4.13% text similarity, 10.0% skill match). Missing critical requirements: [AWS, Docker, Git, Machine Learning, NLP, NumPy, Pandas, Python, Scikit-learn]."
135,CAND_1798,ENGINEERING,4.01,10.0,6.41,SQL,"AWS, Docker, Git, Machine Learning, NLP, NumPy, Pandas, Python, Scikit-learn","Candidate CAND_1798 shows weak overall alignment (4.01% text similarity, 10.0% skill match). Missing critical requirements: [AWS, Docker, Git, Machine Learning, NLP, NumPy, Pandas, Python, Scikit-learn]."
136,CAND_2362,ARTS,4.0,10.0,6.4,AWS,"Docker, Git, Machine Learning, NLP, NumPy, Pandas, Python, SQL, Scikit-learn","Candidate CAND_2362 shows weak overall alignment (4.0% text similarity, 10.0% skill match). Missing critical requirements: [Docker, Git, Machine Learning, NLP, NumPy, Pandas, Python, SQL, Scikit-learn]."
137,CAND_779,HEALTHCARE,3.99,10.0,6.39,SQL,"AWS, Docker, Git, Machine Learning, NLP, NumPy, Pandas, Python, Scikit-learn","Candidate CAND_779 shows weak overall alignment (3.99% text similarity, 10.0% skill match). Missing critical requirements: [AWS, Docker, Git, Machine Learning, NLP, NumPy, Pandas, Python, Scikit-learn]."
138,CAND_1260,DIGITAL-MEDIA,3.89,10.0,6.33,Machine Learning,"AWS, Docker, Git, NLP, NumPy, Pandas, Python, SQL, Scikit-learn","Candidate CAND_1260 shows weak overall alignment (3.89% text similarity, 10.0% skill match). Missing critical requirements: [AWS, Docker, Git, NLP, NumPy, Pandas, Python, SQL, Scikit-learn]."
139,CAND_2367,AVIATION,10.54,0.0,6.32,,"AWS, Docker, Git, Machine Learning, NLP, NumPy, Pandas, Python, SQL, Scikit-learn","Candidate CAND_2367 shows weak overall alignment (10.54% text similarity, 0.0% skill match). Missing critical requirements: [AWS, Docker, Git, Machine Learning, NLP, NumPy, Pandas, Python, SQL, Scikit-learn]."
140,CAND_232,INFORMATION-TECHNOLOGY,3.76,10.0,6.26,SQL,"AWS, Docker, Git, Machine Learning, NLP, NumPy, Pandas, Python, Scikit-learn","Candidate CAND_232 shows weak overall alignment (3.76% text similarity, 10.0% skill match). Missing critical requirements: [AWS, Docker, Git, Machine Learning, NLP, NumPy, Pandas, Python, Scikit-learn]."
141,CAND_1802,ENGINEERING,3.76,10.0,6.26,SQL,"AWS, Docker, Git, Machine Learning, NLP, NumPy, Pandas, Python, Scikit-learn","Candidate CAND_1802 shows weak overall alignment (3.76% text similarity, 10.0% skill match). Missing critical requirements: [AWS, Docker, Git, Machine Learning, NLP, NumPy, Pandas, Python, Scikit-learn]."
142,CAND_1763,ENGINEERING,10.44,0.0,6.26,,"AWS, Docker, Git, Machine Learning, NLP, NumPy, Pandas, Python, SQL, Scikit-learn","Candidate CAND_1763 shows weak overall alignment (10.44% text similarity, 0.0% skill match). Missing critical requirements: [AWS, Docker, Git, Machine Learning, NLP, NumPy, Pandas, Python, SQL, Scikit-learn]."
143,CAND_240,INFORMATION-TECHNOLOGY,3.75,10.0,6.25,SQL,"AWS, Docker, Git, Machine Learning, NLP, NumPy, Pandas, Python, Scikit-learn","Candidate CAND_240 shows weak overall alignment (3.75% text similarity, 10.0% skill match). Missing critical requirements: [AWS, Docker, Git, Machine Learning, NLP, NumPy, Pandas, Python, Scikit-learn]."
144,CAND_275,INFORMATION-TECHNOLOGY,3.71,10.0,6.23,SQL,"AWS, Docker, Git, Machine Learning, NLP, NumPy, Pandas, Python, Scikit-learn","Candidate CAND_275 shows weak overall alignment (3.71% text similarity, 10.0% skill match). Missing critical requirements: [AWS, Docker, Git, Machine Learning, NLP, NumPy, Pandas, Python, Scikit-learn]."
145,CAND_1702,ENGINEERING,10.37,0.0,6.22,,"AWS, Docker, Git, Machine Learning, NLP, NumPy, Pandas, Python, SQL, Scikit-learn","Candidate CAND_1702 shows weak overall alignment (10.37% text similarity, 0.0% skill match). Missing critical requirements: [AWS, Docker, Git, Machine Learning, NLP, NumPy, Pandas, Python, SQL, Scikit-learn]."
146,CAND_1125,CONSULTANT,3.62,10.0,6.17,SQL,"AWS, Docker, Git, Machine Learning, NLP, NumPy, Pandas, Python, Scikit-learn","Candidate CAND_1125 shows weak overall alignment (3.62% text similarity, 10.0% skill match). Missing critical requirements: [AWS, Docker, Git, Machine Learning, NLP, NumPy, Pandas, Python, Scikit-learn]."
147,CAND_231,INFORMATION-TECHNOLOGY,3.62,10.0,6.17,SQL,"AWS, Docker, Git, Machine Learning, NLP, NumPy, Pandas, Python, Scikit-learn","Candidate CAND_231 shows weak overall alignment (3.62% text similarity, 10.0% skill match). Missing critical requirements: [AWS, Docker, Git, Machine Learning, NLP, NumPy, Pandas, Python, Scikit-learn]."
148,CAND_079,HR,3.54,10.0,6.12,SQL,"AWS, Docker, Git, Machine Learning, NLP, NumPy, Pandas, Python, Scikit-learn","Candidate CAND_079 shows weak overall alignment (3.54% text similarity, 10.0% skill match). Missing critical requirements: [AWS, Docker, Git, Machine Learning, NLP, NumPy, Pandas, Python, Scikit-learn]."
149,CAND_242,INFORMATION-TECHNOLOGY,3.46,10.0,6.08,SQL,"AWS, Docker, Git, Machine Learning, NLP, NumPy, Pandas, Python, Scikit-learn","Candidate CAND_242 shows weak overall alignment (3.46% text similarity, 10.0% skill match). Missing critical requirements: [AWS, Docker, Git, Machine Learning, NLP, NumPy, Pandas, Python, Scikit-learn]."
150,CAND_2208,BANKING,3.46,10.0,6.08,SQL,"AWS, Docker, Git, Machine Learning, NLP, NumPy, Pandas, Python, Scikit-learn","Candidate CAND_2208 shows weak overall alignment (3.46% text similarity, 10.0% skill match). Missing critical requirements: [AWS, Docker, Git, Machine Learning, NLP, NumPy, Pandas, Python, Scikit-learn]."
151,CAND_673,BUSINESS-DEVELOPMENT,3.46,10.0,6.08,SQL,"AWS, Docker, Git, Machine Learning, NLP, NumPy, Pandas, Python, Scikit-learn","Candidate CAND_673 shows weak overall alignment (3.46% text similarity, 10.0% skill match). Missing critical requirements: [AWS, Docker, Git, Machine Learning, NLP, NumPy, Pandas, Python, Scikit-learn]."
152,CAND_718,HEALTHCARE,3.45,10.0,6.07,SQL,"AWS, Docker, Git, Machine Learning, NLP, NumPy, Pandas, Python, Scikit-learn","Candidate CAND_718 shows weak overall alignment (3.45% text similarity, 10.0% skill match). Missing critical requirements: [AWS, Docker, Git, Machine Learning, NLP, NumPy, Pandas, Python, Scikit-learn]."
153,CAND_117,DESIGNER,3.41,10.0,6.05,SQL,"AWS, Docker, Git, Machine Learning, NLP, NumPy, Pandas, Python, Scikit-learn","Candidate CAND_117 shows weak overall alignment (3.41% text similarity, 10.0% skill match). Missing critical requirements: [AWS, Docker, Git, Machine Learning, NLP, NumPy, Pandas, Python, Scikit-learn]."
154,CAND_283,INFORMATION-TECHNOLOGY,3.41,10.0,6.05,SQL,"AWS, Docker, Git, Machine Learning, NLP, NumPy, Pandas, Python, Scikit-learn","Candidate CAND_283 shows weak overall alignment (3.41% text similarity, 10.0% skill match). Missing critical requirements: [AWS, Docker, Git, Machine Learning, NLP, NumPy, Pandas, Python, Scikit-learn]."
155,CAND_2027,CONSTRUCTION,3.4,10.0,6.04,AWS,"Docker, Git, Machine Learning, NLP, NumPy, Pandas, Python, SQL, Scikit-learn","Candidate CAND_2027 shows weak overall alignment (3.4% text similarity, 10.0% skill match). Missing critical requirements: [Docker, Git, Machine Learning, NLP, NumPy, Pandas, Python, SQL, Scikit-learn]."
156,CAND_472,ADVOCATE,3.4,10.0,6.04,SQL,"AWS, Docker, Git, Machine Learning, NLP, NumPy, Pandas, Python, Scikit-learn","Candidate CAND_472 shows weak overall alignment (3.4% text similarity, 10.0% skill match). Missing critical requirements: [AWS, Docker, Git, Machine Learning, NLP, NumPy, Pandas, Python, Scikit-learn]."
157,CAND_1139,CONSULTANT,3.39,10.0,6.03,SQL,"AWS, Docker, Git, Machine Learning, NLP, NumPy, Pandas, Python, Scikit-learn","Candidate CAND_1139 shows weak overall alignment (3.39% text similarity, 10.0% skill match). Missing critical requirements: [AWS, Docker, Git, Machine Learning, NLP, NumPy, Pandas, Python, Scikit-learn]."
158,CAND_273,INFORMATION-TECHNOLOGY,3.39,10.0,6.03,SQL,"AWS, Docker, Git, Machine Learning, NLP, NumPy, Pandas, Python, Scikit-learn","Candidate CAND_273 shows weak overall alignment (3.39% text similarity, 10.0% skill match). Missing critical requirements: [AWS, Docker, Git, Machine Learning, NLP, NumPy, Pandas, Python, Scikit-learn]."
159,CAND_1541,FINANCE,3.35,10.0,6.01,SQL,"AWS, Docker, Git, Machine Learning, NLP, NumPy, Pandas, Python, Scikit-learn","Candidate CAND_1541 shows weak overall alignment (3.35% text similarity, 10.0% skill match). Missing critical requirements: [AWS, Docker, Git, Machine Learning, NLP, NumPy, Pandas, Python, Scikit-learn]."
160,CAND_258,INFORMATION-TECHNOLOGY,3.31,10.0,5.99,SQL,"AWS, Docker, Git, Machine Learning, NLP, NumPy, Pandas, Python, Scikit-learn","Candidate CAND_258 shows weak overall alignment (3.31% text similarity, 10.0% skill match). Missing critical requirements: [AWS, Docker, Git, Machine Learning, NLP, NumPy, Pandas, Python, Scikit-learn]."
161,CAND_977,BPO,3.25,10.0,5.95,SQL,"AWS, Docker, Git, Machine Learning, NLP, NumPy, Pandas, Python, Scikit-learn","Candidate CAND_977 shows weak overall alignment (3.25% text similarity, 10.0% skill match). Missing critical requirements: [AWS, Docker, Git, Machine Learning, NLP, NumPy, Pandas, Python, Scikit-learn]."
162,CAND_304,INFORMATION-TECHNOLOGY,3.23,10.0,5.94,SQL,"AWS, Docker, Git, Machine Learning, NLP, NumPy, Pandas, Python, Scikit-learn","Candidate CAND_304 shows weak overall alignment (3.23% text similarity, 10.0% skill match). Missing critical requirements: [AWS, Docker, Git, Machine Learning, NLP, NumPy, Pandas, Python, Scikit-learn]."
163,CAND_1797,ENGINEERING,9.89,0.0,5.93,,"AWS, Docker, Git, Machine Learning, NLP, NumPy, Pandas, Python, SQL, Scikit-learn","Candidate CAND_1797 shows weak overall alignment (9.89% text similarity, 0.0% skill match). Missing critical requirements: [AWS, Docker, Git, Machine Learning, NLP, NumPy, Pandas, Python, SQL, Scikit-learn]."
164,CAND_907,FITNESS,9.88,0.0,5.93,,"AWS, Docker, Git, Machine Learning, NLP, NumPy, Pandas, Python, SQL, Scikit-learn","Candidate CAND_907 shows weak overall alignment (9.88% text similarity, 0.0% skill match). Missing critical requirements: [AWS, Docker, Git, Machine Learning, NLP, NumPy, Pandas, Python, SQL, Scikit-learn]."
165,CAND_1788,ENGINEERING,9.86,0.0,5.92,,"AWS, Docker, Git, Machine Learning, NLP, NumPy, Pandas, Python, SQL, Scikit-learn","Candidate CAND_1788 shows weak overall alignment (9.86% text similarity, 0.0% skill match). Missing critical requirements: [AWS, Docker, Git, Machine Learning, NLP, NumPy, Pandas, Python, SQL, Scikit-learn]."
166,CAND_1653,APPAREL,9.86,0.0,5.92,,"AWS, Docker, Git, Machine Learning, NLP, NumPy, Pandas, Python, SQL, Scikit-learn","Candidate CAND_1653 shows weak overall alignment (9.86% text similarity, 0.0% skill match). Missing critical requirements: [AWS, Docker, Git, Machine Learning, NLP, NumPy, Pandas, Python, SQL, Scikit-learn]."
167,CAND_1727,ENGINEERING,9.85,0.0,5.91,,"AWS, Docker, Git, Machine Learning, NLP, NumPy, Pandas, Python, SQL, Scikit-learn","Candidate CAND_1727 shows weak overall alignment (9.85% text similarity, 0.0% skill match). Missing critical requirements: [AWS, Docker, Git, Machine Learning, NLP, NumPy, Pandas, Python, SQL, Scikit-learn]."
168,CAND_1132,CONSULTANT,3.06,10.0,5.84,SQL,"AWS, Docker, Git, Machine Learning, NLP, NumPy, Pandas, Python, Scikit-learn","Candidate CAND_1132 shows weak overall alignment (3.06% text similarity, 10.0% skill match). Missing critical requirements: [AWS, Docker, Git, Machine Learning, NLP, NumPy, Pandas, Python, Scikit-learn]."
169,CAND_689,HEALTHCARE,3.07,10.0,5.84,SQL,"AWS, Docker, Git, Machine Learning, NLP, NumPy, Pandas, Python, Scikit-learn","Candidate CAND_689 shows weak overall alignment (3.07% text similarity, 10.0% skill match). Missing critical requirements: [AWS, Docker, Git, Machine Learning, NLP, NumPy, Pandas, Python, Scikit-learn]."
170,CAND_336,INFORMATION-TECHNOLOGY,3.07,10.0,5.84,SQL,"AWS, Docker, Git, Machine Learning, NLP, NumPy, Pandas, Python, Scikit-learn","Candidate CAND_336 shows weak overall alignment (3.07% text similarity, 10.0% skill match). Missing critical requirements: [AWS, Docker, Git, Machine Learning, NLP, NumPy, Pandas, Python, Scikit-learn]."
171,CAND_334,INFORMATION-TECHNOLOGY,3.03,10.0,5.82,Python,"AWS, Docker, Git, Machine Learning, NLP, NumPy, Pandas, SQL, Scikit-learn","Candidate CAND_334 shows weak overall alignment (3.03% text similarity, 10.0% skill match). Missing critical requirements: [AWS, Docker, Git, Machine Learning, NLP, NumPy, Pandas, SQL, Scikit-learn]."
172,CAND_439,TEACHER,9.61,0.0,5.77,,"AWS, Docker, Git, Machine Learning, NLP, NumPy, Pandas, Python, SQL, Scikit-learn","Candidate CAND_439 shows weak overall alignment (9.61% text similarity, 0.0% skill match). Missing critical requirements: [AWS, Docker, Git, Machine Learning, NLP, NumPy, Pandas, Python, SQL, Scikit-learn]."
173,CAND_1946,CONSTRUCTION,9.6,0.0,5.76,,"AWS, Docker, Git, Machine Learning, NLP, NumPy, Pandas, Python, SQL, Scikit-learn","Candidate CAND_1946 shows weak overall alignment (9.6% text similarity, 0.0% skill match). Missing critical requirements: [AWS, Docker, Git, Machine Learning, NLP, NumPy, Pandas, Python, SQL, Scikit-learn]."
174,CAND_2151,BANKING,2.89,10.0,5.73,SQL,"AWS, Docker, Git, Machine Learning, NLP, NumPy, Pandas, Python, Scikit-learn","Candidate CAND_2151 shows weak overall alignment (2.89% text similarity, 10.0% skill match). Missing critical requirements: [AWS, Docker, Git, Machine Learning, NLP, NumPy, Pandas, Python, Scikit-learn]."
175,CAND_1272,DIGITAL-MEDIA,2.85,10.0,5.71,SQL,"AWS, Docker, Git, Machine Learning, NLP, NumPy, Pandas, Python, Scikit-learn","Candidate CAND_1272 shows weak overall alignment (2.85% text similarity, 10.0% skill match). Missing critical requirements: [AWS, Docker, Git, Machine Learning, NLP, NumPy, Pandas, Python, Scikit-learn]."
176,CAND_708,HEALTHCARE,2.83,10.0,5.7,SQL,"AWS, Docker, Git, Machine Learning, NLP, NumPy, Pandas, Python, Scikit-learn","Candidate CAND_708 shows weak overall alignment (2.83% text similarity, 10.0% skill match). Missing critical requirements: [AWS, Docker, Git, Machine Learning, NLP, NumPy, Pandas, Python, Scikit-learn]."
177,CAND_1191,CONSULTANT,2.81,10.0,5.69,SQL,"AWS, Docker, Git, Machine Learning, NLP, NumPy, Pandas, Python, Scikit-learn","Candidate CAND_1191 shows weak overall alignment (2.81% text similarity, 10.0% skill match). Missing critical requirements: [AWS, Docker, Git, Machine Learning, NLP, NumPy, Pandas, Python, Scikit-learn]."
178,CAND_1729,ENGINEERING,9.46,0.0,5.68,,"AWS, Docker, Git, Machine Learning, NLP, NumPy, Pandas, Python, SQL, Scikit-learn","Candidate CAND_1729 shows weak overall alignment (9.46% text similarity, 0.0% skill match). Missing critical requirements: [AWS, Docker, Git, Machine Learning, NLP, NumPy, Pandas, Python, SQL, Scikit-learn]."
179,CAND_1043,SALES,9.45,0.0,5.67,,"AWS, Docker, Git, Machine Learning, NLP, NumPy, Pandas, Python, SQL, Scikit-learn","Candidate CAND_1043 shows weak overall alignment (9.45% text similarity, 0.0% skill match). Missing critical requirements: [AWS, Docker, Git, Machine Learning, NLP, NumPy, Pandas, Python, SQL, Scikit-learn]."
180,CAND_1786,ENGINEERING,9.43,0.0,5.66,,"AWS, Docker, Git, Machine Learning, NLP, NumPy, Pandas, Python, SQL, Scikit-learn","Candidate CAND_1786 shows weak overall alignment (9.43% text similarity, 0.0% skill match). Missing critical requirements: [AWS, Docker, Git, Machine Learning, NLP, NumPy, Pandas, Python, SQL, Scikit-learn]."
181,CAND_279,INFORMATION-TECHNOLOGY,2.76,10.0,5.66,SQL,"AWS, Docker, Git, Machine Learning, NLP, NumPy, Pandas, Python, Scikit-learn","Candidate CAND_279 shows weak overall alignment (2.76% text similarity, 10.0% skill match). Missing critical requirements: [AWS, Docker, Git, Machine Learning, NLP, NumPy, Pandas, Python, Scikit-learn]."
182,CAND_1252,DIGITAL-MEDIA,2.74,10.0,5.64,Git,"AWS, Docker, Machine Learning, NLP, NumPy, Pandas, Python, SQL, Scikit-learn","Candidate CAND_1252 shows weak overall alignment (2.74% text similarity, 10.0% skill match). Missing critical requirements: [AWS, Docker, Machine Learning, NLP, NumPy, Pandas, Python, SQL, Scikit-learn]."
183,CAND_280,INFORMATION-TECHNOLOGY,9.39,0.0,5.63,,"AWS, Docker, Git, Machine Learning, NLP, NumPy, Pandas, Python, SQL, Scikit-learn","Candidate CAND_280 shows weak overall alignment (9.39% text similarity, 0.0% skill match). Missing critical requirements: [AWS, Docker, Git, Machine Learning, NLP, NumPy, Pandas, Python, SQL, Scikit-learn]."
184,CAND_1480,FINANCE,2.66,10.0,5.6,SQL,"AWS, Docker, Git, Machine Learning, NLP, NumPy, Pandas, Python, Scikit-learn","Candidate CAND_1480 shows weak overall alignment (2.66% text similarity, 10.0% skill match). Missing critical requirements: [AWS, Docker, Git, Machine Learning, NLP, NumPy, Pandas, Python, Scikit-learn]."
185,CAND_2242,BANKING,2.63,10.0,5.58,SQL,"AWS, Docker, Git, Machine Learning, NLP, NumPy, Pandas, Python, Scikit-learn","Candidate CAND_2242 shows weak overall alignment (2.63% text similarity, 10.0% skill match). Missing critical requirements: [AWS, Docker, Git, Machine Learning, NLP, NumPy, Pandas, Python, Scikit-learn]."
186,CAND_2191,BANKING,2.63,10.0,5.58,SQL,"AWS, Docker, Git, Machine Learning, NLP, NumPy, Pandas, Python, Scikit-learn","Candidate CAND_2191 shows weak overall alignment (2.63% text similarity, 10.0% skill match). Missing critical requirements: [AWS, Docker, Git, Machine Learning, NLP, NumPy, Pandas, Python, Scikit-learn]."
187,CAND_1342,AUTOMOBILE,9.3,0.0,5.58,,"AWS, Docker, Git, Machine Learning, NLP, NumPy, Pandas, Python, SQL, Scikit-learn","Candidate CAND_1342 shows weak overall alignment (9.3% text similarity, 0.0% skill match). Missing critical requirements: [AWS, Docker, Git, Machine Learning, NLP, NumPy, Pandas, Python, SQL, Scikit-learn]."
188,CAND_328,INFORMATION-TECHNOLOGY,2.61,10.0,5.57,SQL,"AWS, Docker, Git, Machine Learning, NLP, NumPy, Pandas, Python, Scikit-learn","Candidate CAND_328 shows weak overall alignment (2.61% text similarity, 10.0% skill match). Missing critical requirements: [AWS, Docker, Git, Machine Learning, NLP, NumPy, Pandas, Python, Scikit-learn]."
189,CAND_1240,DIGITAL-MEDIA,2.6,10.0,5.56,SQL,"AWS, Docker, Git, Machine Learning, NLP, NumPy, Pandas, Python, Scikit-learn","Candidate CAND_1240 shows weak overall alignment (2.6% text similarity, 10.0% skill match). Missing critical requirements: [AWS, Docker, Git, Machine Learning, NLP, NumPy, Pandas, Python, Scikit-learn]."
190,CAND_775,HEALTHCARE,2.57,10.0,5.54,SQL,"AWS, Docker, Git, Machine Learning, NLP, NumPy, Pandas, Python, Scikit-learn","Candidate CAND_775 shows weak overall alignment (2.57% text similarity, 10.0% skill match). Missing critical requirements: [AWS, Docker, Git, Machine Learning, NLP, NumPy, Pandas, Python, Scikit-learn]."
191,CAND_259,INFORMATION-TECHNOLOGY,2.56,10.0,5.54,SQL,"AWS, Docker, Git, Machine Learning, NLP, NumPy, Pandas, Python, Scikit-learn","Candidate CAND_259 shows weak overall alignment (2.56% text similarity, 10.0% skill match). Missing critical requirements: [AWS, Docker, Git, Machine Learning, NLP, NumPy, Pandas, Python, Scikit-learn]."
192,CAND_136,DESIGNER,9.21,0.0,5.53,,"AWS, Docker, Git, Machine Learning, NLP, NumPy, Pandas, Python, SQL, Scikit-learn","Candidate CAND_136 shows weak overall alignment (9.21% text similarity, 0.0% skill match). Missing critical requirements: [AWS, Docker, Git, Machine Learning, NLP, NumPy, Pandas, Python, SQL, Scikit-learn]."
193,CAND_437,TEACHER,9.12,0.0,5.47,,"AWS, Docker, Git, Machine Learning, NLP, NumPy, Pandas, Python, SQL, Scikit-learn","Candidate CAND_437 shows weak overall alignment (9.12% text similarity, 0.0% skill match). Missing critical requirements: [AWS, Docker, Git, Machine Learning, NLP, NumPy, Pandas, Python, SQL, Scikit-learn]."
194,CAND_338,TEACHER,9.05,0.0,5.43,,"AWS, Docker, Git, Machine Learning, NLP, NumPy, Pandas, Python, SQL, Scikit-learn","Candidate CAND_338 shows weak overall alignment (9.05% text similarity, 0.0% skill match). Missing critical requirements: [AWS, Docker, Git, Machine Learning, NLP, NumPy, Pandas, Python, SQL, Scikit-learn]."
195,CAND_1317,DIGITAL-MEDIA,2.38,10.0,5.43,SQL,"AWS, Docker, Git, Machine Learning, NLP, NumPy, Pandas, Python, Scikit-learn","Candidate CAND_1317 shows weak overall alignment (2.38% text similarity, 10.0% skill match). Missing critical requirements: [AWS, Docker, Git, Machine Learning, NLP, NumPy, Pandas, Python, Scikit-learn]."
196,CAND_1761,ENGINEERING,9.0,0.0,5.4,,"AWS, Docker, Git, Machine Learning, NLP, NumPy, Pandas, Python, SQL, Scikit-learn","Candidate CAND_1761 shows weak overall alignment (9.0% text similarity, 0.0% skill match). Missing critical requirements: [AWS, Docker, Git, Machine Learning, NLP, NumPy, Pandas, Python, SQL, Scikit-learn]."
197,CAND_1703,ENGINEERING,8.98,0.0,5.39,,"AWS, Docker, Git, Machine Learning, NLP, NumPy, Pandas, Python, SQL, Scikit-learn","Candidate CAND_1703 shows weak overall alignment (8.98% text similarity, 0.0% skill match). Missing critical requirements: [AWS, Docker, Git, Machine Learning, NLP, NumPy, Pandas, Python, SQL, Scikit-learn]."
198,CAND_2338,ARTS,8.97,0.0,5.38,,"AWS, Docker, Git, Machine Learning, NLP, NumPy, Pandas, Python, SQL, Scikit-learn","Candidate CAND_2338 shows weak overall alignment (8.97% text similarity, 0.0% skill match). Missing critical requirements: [AWS, Docker, Git, Machine Learning, NLP, NumPy, Pandas, Python, SQL, Scikit-learn]."
199,CAND_042,HR,2.29,10.0,5.37,SQL,"AWS, Docker, Git, Machine Learning, NLP, NumPy, Pandas, Python, Scikit-learn","Candidate CAND_042 shows weak overall alignment (2.29% text similarity, 10.0% skill match). Missing critical requirements: [AWS, Docker, Git, Machine Learning, NLP, NumPy, Pandas, Python, Scikit-learn]."
200,CAND_2202,BANKING,2.29,10.0,5.37,SQL,"AWS, Docker, Git, Machine Learning, NLP, NumPy, Pandas, Python, Scikit-learn","Candidate CAND_2202 shows weak overall alignment (2.29% text similarity, 10.0% skill match). Missing critical requirements: [AWS, Docker, Git, Machine Learning, NLP, NumPy, Pandas, Python, Scikit-learn]."
201,CAND_225,INFORMATION-TECHNOLOGY,2.27,10.0,5.36,SQL,"AWS, Docker, Git, Machine Learning, NLP, NumPy, Pandas, Python, Scikit-learn","Candidate CAND_225 shows weak overall alignment (2.27% text similarity, 10.0% skill match). Missing critical requirements: [AWS, Docker, Git, Machine Learning, NLP, NumPy, Pandas, Python, Scikit-learn]."
202,CAND_2251,BANKING,2.27,10.0,5.36,SQL,"AWS, Docker, Git, Machine Learning, NLP, NumPy, Pandas, Python, Scikit-learn","Candidate CAND_2251 shows weak overall alignment (2.27% text similarity, 10.0% skill match). Missing critical requirements: [AWS, Docker, Git, Machine Learning, NLP, NumPy, Pandas, Python, Scikit-learn]."
203,CAND_1165,CONSULTANT,2.21,10.0,5.33,SQL,"AWS, Docker, Git, Machine Learning, NLP, NumPy, Pandas, Python, Scikit-learn","Candidate CAND_1165 shows weak overall alignment (2.21% text similarity, 10.0% skill match). Missing critical requirements: [AWS, Docker, Git, Machine Learning, NLP, NumPy, Pandas, Python, Scikit-learn]."
204,CAND_252,INFORMATION-TECHNOLOGY,2.22,10.0,5.33,SQL,"AWS, Docker, Git, Machine Learning, NLP, NumPy, Pandas, Python, Scikit-learn","Candidate CAND_252 shows weak overall alignment (2.22% text similarity, 10.0% skill match). Missing critical requirements: [AWS, Docker, Git, Machine Learning, NLP, NumPy, Pandas, Python, Scikit-learn]."
205,CAND_2120,PUBLIC-RELATIONS,2.2,10.0,5.32,Machine Learning,"AWS, Docker, Git, NLP, NumPy, Pandas, Python, SQL, Scikit-learn","Candidate CAND_2120 shows weak overall alignment (2.2% text similarity, 10.0% skill match). Missing critical requirements: [AWS, Docker, Git, NLP, NumPy, Pandas, Python, SQL, Scikit-learn]."
206,CAND_1826,ACCOUNTANT,2.15,10.0,5.29,SQL,"AWS, Docker, Git, Machine Learning, NLP, NumPy, Pandas, Python, Scikit-learn","Candidate CAND_1826 shows weak overall alignment (2.15% text similarity, 10.0% skill match). Missing critical requirements: [AWS, Docker, Git, Machine Learning, NLP, NumPy, Pandas, Python, Scikit-learn]."
207,CAND_2225,BANKING,2.12,10.0,5.27,SQL,"AWS, Docker, Git, Machine Learning, NLP, NumPy, Pandas, Python, Scikit-learn","Candidate CAND_2225 shows weak overall alignment (2.12% text similarity, 10.0% skill match). Missing critical requirements: [AWS, Docker, Git, Machine Learning, NLP, NumPy, Pandas, Python, Scikit-learn]."
208,CAND_302,INFORMATION-TECHNOLOGY,2.12,10.0,5.27,SQL,"AWS, Docker, Git, Machine Learning, NLP, NumPy, Pandas, Python, Scikit-learn","Candidate CAND_302 shows weak overall alignment (2.12% text similarity, 10.0% skill match). Missing critical requirements: [AWS, Docker, Git, Machine Learning, NLP, NumPy, Pandas, Python, Scikit-learn]."
209,CAND_944,AGRICULTURE,2.11,10.0,5.27,SQL,"AWS, Docker, Git, Machine Learning, NLP, NumPy, Pandas, Python, Scikit-learn","Candidate CAND_944 shows weak overall alignment (2.11% text similarity, 10.0% skill match). Missing critical requirements: [AWS, Docker, Git, Machine Learning, NLP, NumPy, Pandas, Python, Scikit-learn]."
210,CAND_1879,ACCOUNTANT,8.79,0.0,5.27,,"AWS, Docker, Git, Machine Learning, NLP, NumPy, Pandas, Python, SQL, Scikit-learn","Candidate CAND_1879 shows weak overall alignment (8.79% text similarity, 0.0% skill match). Missing critical requirements: [AWS, Docker, Git, Machine Learning, NLP, NumPy, Pandas, Python, SQL, Scikit-learn]."
211,CAND_2333,ARTS,8.77,0.0,5.26,,"AWS, Docker, Git, Machine Learning, NLP, NumPy, Pandas, Python, SQL, Scikit-learn","Candidate CAND_2333 shows weak overall alignment (8.77% text similarity, 0.0% skill match). Missing critical requirements: [AWS, Docker, Git, Machine Learning, NLP, NumPy, Pandas, Python, SQL, Scikit-learn]."
212,CAND_375,TEACHER,8.77,0.0,5.26,,"AWS, Docker, Git, Machine Learning, NLP, NumPy, Pandas, Python, SQL, Scikit-learn","Candidate CAND_375 shows weak overall alignment (8.77% text similarity, 0.0% skill match). Missing critical requirements: [AWS, Docker, Git, Machine Learning, NLP, NumPy, Pandas, Python, SQL, Scikit-learn]."
213,CAND_1518,FINANCE,2.08,10.0,5.25,SQL,"AWS, Docker, Git, Machine Learning, NLP, NumPy, Pandas, Python, Scikit-learn","Candidate CAND_1518 shows weak overall alignment (2.08% text similarity, 10.0% skill match). Missing critical requirements: [AWS, Docker, Git, Machine Learning, NLP, NumPy, Pandas, Python, Scikit-learn]."
214,CAND_1688,APPAREL,8.71,0.0,5.23,,"AWS, Docker, Git, Machine Learning, NLP, NumPy, Pandas, Python, SQL, Scikit-learn","Candidate CAND_1688 shows weak overall alignment (8.71% text similarity, 0.0% skill match). Missing critical requirements: [AWS, Docker, Git, Machine Learning, NLP, NumPy, Pandas, Python, SQL, Scikit-learn]."
215,CAND_2462,AVIATION,8.71,0.0,5.23,,"AWS, Docker, Git, Machine Learning, NLP, NumPy, Pandas, Python, SQL, Scikit-learn","Candidate CAND_2462 shows weak overall alignment (8.71% text similarity, 0.0% skill match). Missing critical requirements: [AWS, Docker, Git, Machine Learning, NLP, NumPy, Pandas, Python, SQL, Scikit-learn]."
216,CAND_1712,ENGINEERING,2.03,10.0,5.22,Git,"AWS, Docker, Machine Learning, NLP, NumPy, Pandas, Python, SQL, Scikit-learn","Candidate CAND_1712 shows weak overall alignment (2.03% text similarity, 10.0% skill match). Missing critical requirements: [AWS, Docker, Machine Learning, NLP, NumPy, Pandas, Python, SQL, Scikit-learn]."
217,CAND_291,INFORMATION-TECHNOLOGY,2.03,10.0,5.22,SQL,"AWS, Docker, Git, Machine Learning, NLP, NumPy, Pandas, Python, Scikit-learn","Candidate CAND_291 shows weak overall alignment (2.03% text similarity, 10.0% skill match). Missing critical requirements: [AWS, Docker, Git, Machine Learning, NLP, NumPy, Pandas, Python, Scikit-learn]."
218,CAND_1068,SALES,1.99,10.0,5.19,SQL,"AWS, Docker, Git, Machine Learning, NLP, NumPy, Pandas, Python, Scikit-learn","Candidate CAND_1068 shows weak overall alignment (1.99% text similarity, 10.0% skill match). Missing critical requirements: [AWS, Docker, Git, Machine Learning, NLP, NumPy, Pandas, Python, Scikit-learn]."
219,CAND_1930,CONSTRUCTION,8.63,0.0,5.18,,"AWS, Docker, Git, Machine Learning, NLP, NumPy, Pandas, Python, SQL, Scikit-learn","Candidate CAND_1930 shows weak overall alignment (8.63% text similarity, 0.0% skill match). Missing critical requirements: [AWS, Docker, Git, Machine Learning, NLP, NumPy, Pandas, Python, SQL, Scikit-learn]."
220,CAND_295,INFORMATION-TECHNOLOGY,1.93,10.0,5.16,SQL,"AWS, Docker, Git, Machine Learning, NLP, NumPy, Pandas, Python, Scikit-learn","Candidate CAND_295 shows weak overall alignment (1.93% text similarity, 10.0% skill match). Missing critical requirements: [AWS, Docker, Git, Machine Learning, NLP, NumPy, Pandas, Python, Scikit-learn]."
221,CAND_1720,ENGINEERING,8.6,0.0,5.16,,"AWS, Docker, Git, Machine Learning, NLP, NumPy, Pandas, Python, SQL, Scikit-learn","Candidate CAND_1720 shows weak overall alignment (8.6% text similarity, 0.0% skill match). Missing critical requirements: [AWS, Docker, Git, Machine Learning, NLP, NumPy, Pandas, Python, SQL, Scikit-learn]."
222,CAND_2198,BANKING,1.94,10.0,5.16,SQL,"AWS, Docker, Git, Machine Learning, NLP, NumPy, Pandas, Python, Scikit-learn","Candidate CAND_2198 shows weak overall alignment (1.94% text similarity, 10.0% skill match). Missing critical requirements: [AWS, Docker, Git, Machine Learning, NLP, NumPy, Pandas, Python, Scikit-learn]."
223,CAND_229,INFORMATION-TECHNOLOGY,1.84,10.0,5.1,SQL,"AWS, Docker, Git, Machine Learning, NLP, NumPy, Pandas, Python, Scikit-learn","Candidate CAND_229 shows weak overall alignment (1.84% text similarity, 10.0% skill match). Missing critical requirements: [AWS, Docker, Git, Machine Learning, NLP, NumPy, Pandas, Python, Scikit-learn]."
224,CAND_1274,DIGITAL-MEDIA,1.8,10.0,5.08,SQL,"AWS, Docker, Git, Machine Learning, NLP, NumPy, Pandas, Python, Scikit-learn","Candidate CAND_1274 shows weak overall alignment (1.8% text similarity, 10.0% skill match). Missing critical requirements: [AWS, Docker, Git, Machine Learning, NLP, NumPy, Pandas, Python, Scikit-learn]."
225,CAND_303,INFORMATION-TECHNOLOGY,1.79,10.0,5.07,SQL,"AWS, Docker, Git, Machine Learning, NLP, NumPy, Pandas, Python, Scikit-learn","Candidate CAND_303 shows weak overall alignment (1.79% text similarity, 10.0% skill match). Missing critical requirements: [AWS, Docker, Git, Machine Learning, NLP, NumPy, Pandas, Python, Scikit-learn]."
226,CAND_1107,SALES,1.78,10.0,5.07,SQL,"AWS, Docker, Git, Machine Learning, NLP, NumPy, Pandas, Python, Scikit-learn","Candidate CAND_1107 shows weak overall alignment (1.78% text similarity, 10.0% skill match). Missing critical requirements: [AWS, Docker, Git, Machine Learning, NLP, NumPy, Pandas, Python, Scikit-learn]."
227,CAND_1721,ENGINEERING,8.44,0.0,5.06,,"AWS, Docker, Git, Machine Learning, NLP, NumPy, Pandas, Python, SQL, Scikit-learn","Candidate CAND_1721 shows weak overall alignment (8.44% text similarity, 0.0% skill match). Missing critical requirements: [AWS, Docker, Git, Machine Learning, NLP, NumPy, Pandas, Python, SQL, Scikit-learn]."
228,CAND_1185,CONSULTANT,1.77,10.0,5.06,SQL,"AWS, Docker, Git, Machine Learning, NLP, NumPy, Pandas, Python, Scikit-learn","Candidate CAND_1185 shows weak overall alignment (1.77% text similarity, 10.0% skill match). Missing critical requirements: [AWS, Docker, Git, Machine Learning, NLP, NumPy, Pandas, Python, Scikit-learn]."
229,CAND_253,INFORMATION-TECHNOLOGY,1.75,10.0,5.05,SQL,"AWS, Docker, Git, Machine Learning, NLP, NumPy, Pandas, Python, Scikit-learn","Candidate CAND_253 shows weak overall alignment (1.75% text similarity, 10.0% skill match). Missing critical requirements: [AWS, Docker, Git, Machine Learning, NLP, NumPy, Pandas, Python, Scikit-learn]."
230,CAND_1878,ACCOUNTANT,1.73,10.0,5.04,SQL,"AWS, Docker, Git, Machine Learning, NLP, NumPy, Pandas, Python, Scikit-learn","Candidate CAND_1878 shows weak overall alignment (1.73% text similarity, 10.0% skill match). Missing critical requirements: [AWS, Docker, Git, Machine Learning, NLP, NumPy, Pandas, Python, Scikit-learn]."
231,CAND_1345,AUTOMOBILE,1.71,10.0,5.03,SQL,"AWS, Docker, Git, Machine Learning, NLP, NumPy, Pandas, Python, Scikit-learn","Candidate CAND_1345 shows weak overall alignment (1.71% text similarity, 10.0% skill match). Missing critical requirements: [AWS, Docker, Git, Machine Learning, NLP, NumPy, Pandas, Python, Scikit-learn]."
232,CAND_1134,CONSULTANT,1.7,10.0,5.02,SQL,"AWS, Docker, Git, Machine Learning, NLP, NumPy, Pandas, Python, Scikit-learn","Candidate CAND_1134 shows weak overall alignment (1.7% text similarity, 10.0% skill match). Missing critical requirements: [AWS, Docker, Git, Machine Learning, NLP, NumPy, Pandas, Python, Scikit-learn]."
233,CAND_1357,AUTOMOBILE,1.68,10.0,5.01,SQL,"AWS, Docker, Git, Machine Learning, NLP, NumPy, Pandas, Python, Scikit-learn","Candidate CAND_1357 shows weak overall alignment (1.68% text similarity, 10.0% skill match). Missing critical requirements: [AWS, Docker, Git, Machine Learning, NLP, NumPy, Pandas, Python, Scikit-learn]."
234,CAND_1538,FINANCE,1.67,10.0,5.0,SQL,"AWS, Docker, Git, Machine Learning, NLP, NumPy, Pandas, Python, Scikit-learn","Candidate CAND_1538 shows weak overall alignment (1.67% text similarity, 10.0% skill match). Missing critical requirements: [AWS, Docker, Git, Machine Learning, NLP, NumPy, Pandas, Python, Scikit-learn]."
235,CAND_1239,DIGITAL-MEDIA,1.67,10.0,5.0,SQL,"AWS, Docker, Git, Machine Learning, NLP, NumPy, Pandas, Python, Scikit-learn","Candidate CAND_1239 shows weak overall alignment (1.67% text similarity, 10.0% skill match). Missing critical requirements: [AWS, Docker, Git, Machine Learning, NLP, NumPy, Pandas, Python, Scikit-learn]."
236,CAND_224,INFORMATION-TECHNOLOGY,1.67,10.0,5.0,SQL,"AWS, Docker, Git, Machine Learning, NLP, NumPy, Pandas, Python, Scikit-learn","Candidate CAND_224 shows weak overall alignment (1.67% text similarity, 10.0% skill match). Missing critical requirements: [AWS, Docker, Git, Machine Learning, NLP, NumPy, Pandas, Python, Scikit-learn]."
237,CAND_1196,CONSULTANT,1.58,10.0,4.95,Git,"AWS, Docker, Machine Learning, NLP, NumPy, Pandas, Python, SQL, Scikit-learn","Candidate CAND_1196 shows weak overall alignment (1.58% text similarity, 10.0% skill match). Missing critical requirements: [AWS, Docker, Machine Learning, NLP, NumPy, Pandas, Python, SQL, Scikit-learn]."
238,CAND_1735,ENGINEERING,8.23,0.0,4.94,,"AWS, Docker, Git, Machine Learning, NLP, NumPy, Pandas, Python, SQL, Scikit-learn","Candidate CAND_1735 shows weak overall alignment (8.23% text similarity, 0.0% skill match). Missing critical requirements: [AWS, Docker, Git, Machine Learning, NLP, NumPy, Pandas, Python, SQL, Scikit-learn]."
239,CAND_1725,ENGINEERING,8.2,0.0,4.92,,"AWS, Docker, Git, Machine Learning, NLP, NumPy, Pandas, Python, SQL, Scikit-learn","Candidate CAND_1725 shows weak overall alignment (8.2% text similarity, 0.0% skill match). Missing critical requirements: [AWS, Docker, Git, Machine Learning, NLP, NumPy, Pandas, Python, SQL, Scikit-learn]."
240,CAND_050,HR,1.53,10.0,4.92,Git,"AWS, Docker, Machine Learning, NLP, NumPy, Pandas, Python, SQL, Scikit-learn","Candidate CAND_050 shows weak overall alignment (1.53% text similarity, 10.0% skill match). Missing critical requirements: [AWS, Docker, Machine Learning, NLP, NumPy, Pandas, Python, SQL, Scikit-learn]."
241,CAND_282,INFORMATION-TECHNOLOGY,1.47,10.0,4.88,SQL,"AWS, Docker, Git, Machine Learning, NLP, NumPy, Pandas, Python, Scikit-learn","Candidate CAND_282 shows weak overall alignment (1.47% text similarity, 10.0% skill match). Missing critical requirements: [AWS, Docker, Git, Machine Learning, NLP, NumPy, Pandas, Python, Scikit-learn]."
242,CAND_2136,PUBLIC-RELATIONS,1.46,10.0,4.88,Python,"AWS, Docker, Git, Machine Learning, NLP, NumPy, Pandas, SQL, Scikit-learn","Candidate CAND_2136 shows weak overall alignment (1.46% text similarity, 10.0% skill match). Missing critical requirements: [AWS, Docker, Git, Machine Learning, NLP, NumPy, Pandas, SQL, Scikit-learn]."
243,CAND_1114,CONSULTANT,1.41,10.0,4.85,SQL,"AWS, Docker, Git, Machine Learning, NLP, NumPy, Pandas, Python, Scikit-learn","Candidate CAND_1114 shows weak overall alignment (1.41% text similarity, 10.0% skill match). Missing critical requirements: [AWS, Docker, Git, Machine Learning, NLP, NumPy, Pandas, Python, Scikit-learn]."
244,CAND_1162,CONSULTANT,1.37,10.0,4.82,SQL,"AWS, Docker, Git, Machine Learning, NLP, NumPy, Pandas, Python, Scikit-learn","Candidate CAND_1162 shows weak overall alignment (1.37% text similarity, 10.0% skill match). Missing critical requirements: [AWS, Docker, Git, Machine Learning, NLP, NumPy, Pandas, Python, Scikit-learn]."
245,CAND_1105,SALES,8.03,0.0,4.82,,"AWS, Docker, Git, Machine Learning, NLP, NumPy, Pandas, Python, SQL, Scikit-learn","Candidate CAND_1105 shows weak overall alignment (8.03% text similarity, 0.0% skill match). Missing critical requirements: [AWS, Docker, Git, Machine Learning, NLP, NumPy, Pandas, Python, SQL, Scikit-learn]."
246,CAND_284,INFORMATION-TECHNOLOGY,1.37,10.0,4.82,SQL,"AWS, Docker, Git, Machine Learning, NLP, NumPy, Pandas, Python, Scikit-learn","Candidate CAND_284 shows weak overall alignment (1.37% text similarity, 10.0% skill match). Missing critical requirements: [AWS, Docker, Git, Machine Learning, NLP, NumPy, Pandas, Python, Scikit-learn]."
247,CAND_1726,ENGINEERING,8.02,0.0,4.81,,"AWS, Docker, Git, Machine Learning, NLP, NumPy, Pandas, Python, SQL, Scikit-learn","Candidate CAND_1726 shows weak overall alignment (8.02% text similarity, 0.0% skill match). Missing critical requirements: [AWS, Docker, Git, Machine Learning, NLP, NumPy, Pandas, Python, SQL, Scikit-learn]."
248,CAND_1856,ACCOUNTANT,1.34,10.0,4.8,SQL,"AWS, Docker, Git, Machine Learning, NLP, NumPy, Pandas, Python, Scikit-learn","Candidate CAND_1856 shows weak overall alignment (1.34% text similarity, 10.0% skill match). Missing critical requirements: [AWS, Docker, Git, Machine Learning, NLP, NumPy, Pandas, Python, Scikit-learn]."
249,CAND_319,INFORMATION-TECHNOLOGY,1.33,10.0,4.8,SQL,"AWS, Docker, Git, Machine Learning, NLP, NumPy, Pandas, Python, Scikit-learn","Candidate CAND_319 shows weak overall alignment (1.33% text similarity, 10.0% skill match). Missing critical requirements: [AWS, Docker, Git, Machine Learning, NLP, NumPy, Pandas, Python, Scikit-learn]."
250,CAND_1736,ENGINEERING,7.98,0.0,4.79,,"AWS, Docker, Git, Machine Learning, NLP, NumPy, Pandas, Python, SQL, Scikit-learn","Candidate CAND_1736 shows weak overall alignment (7.98% text similarity, 0.0% skill match). Missing critical requirements: [AWS, Docker, Git, Machine Learning, NLP, NumPy, Pandas, Python, SQL, Scikit-learn]."
251,CAND_1488,FINANCE,1.26,10.0,4.76,SQL,"AWS, Docker, Git, Machine Learning, NLP, NumPy, Pandas, Python, Scikit-learn","Candidate CAND_1488 shows weak overall alignment (1.26% text similarity, 10.0% skill match). Missing critical requirements: [AWS, Docker, Git, Machine Learning, NLP, NumPy, Pandas, Python, Scikit-learn]."
252,CAND_523,ADVOCATE,1.26,10.0,4.76,SQL,"AWS, Docker, Git, Machine Learning, NLP, NumPy, Pandas, Python, Scikit-learn","Candidate CAND_523 shows weak overall alignment (1.26% text similarity, 10.0% skill match). Missing critical requirements: [AWS, Docker, Git, Machine Learning, NLP, NumPy, Pandas, Python, Scikit-learn]."
253,CAND_1328,AUTOMOBILE,7.86,0.0,4.72,,"AWS, Docker, Git, Machine Learning, NLP, NumPy, Pandas, Python, SQL, Scikit-learn","Candidate CAND_1328 shows weak overall alignment (7.86% text similarity, 0.0% skill match). Missing critical requirements: [AWS, Docker, Git, Machine Learning, NLP, NumPy, Pandas, Python, SQL, Scikit-learn]."
254,CAND_1186,CONSULTANT,1.2,10.0,4.72,SQL,"AWS, Docker, Git, Machine Learning, NLP, NumPy, Pandas, Python, Scikit-learn","Candidate CAND_1186 shows weak overall alignment (1.2% text similarity, 10.0% skill match). Missing critical requirements: [AWS, Docker, Git, Machine Learning, NLP, NumPy, Pandas, Python, Scikit-learn]."
255,CAND_1699,ENGINEERING,7.87,0.0,4.72,,"AWS, Docker, Git, Machine Learning, NLP, NumPy, Pandas, Python, SQL, Scikit-learn","Candidate CAND_1699 shows weak overall alignment (7.87% text similarity, 0.0% skill match). Missing critical requirements: [AWS, Docker, Git, Machine Learning, NLP, NumPy, Pandas, Python, SQL, Scikit-learn]."
256,CAND_1266,DIGITAL-MEDIA,1.19,10.0,4.71,Git,"AWS, Docker, Machine Learning, NLP, NumPy, Pandas, Python, SQL, Scikit-learn","Candidate CAND_1266 shows weak overall alignment (1.19% text similarity, 10.0% skill match). Missing critical requirements: [AWS, Docker, Machine Learning, NLP, NumPy, Pandas, Python, SQL, Scikit-learn]."
257,CAND_2221,BANKING,1.09,10.0,4.65,SQL,"AWS, Docker, Git, Machine Learning, NLP, NumPy, Pandas, Python, Scikit-learn","Candidate CAND_2221 shows weak overall alignment (1.09% text similarity, 10.0% skill match). Missing critical requirements: [AWS, Docker, Git, Machine Learning, NLP, NumPy, Pandas, Python, Scikit-learn]."
258,CAND_1537,FINANCE,1.0,10.0,4.6,SQL,"AWS, Docker, Git, Machine Learning, NLP, NumPy, Pandas, Python, Scikit-learn","Candidate CAND_1537 shows weak overall alignment (1.0% text similarity, 10.0% skill match). Missing critical requirements: [AWS, Docker, Git, Machine Learning, NLP, NumPy, Pandas, Python, Scikit-learn]."
259,CAND_1887,ACCOUNTANT,0.99,10.0,4.59,SQL,"AWS, Docker, Git, Machine Learning, NLP, NumPy, Pandas, Python, Scikit-learn","Candidate CAND_1887 shows weak overall alignment (0.99% text similarity, 10.0% skill match). Missing critical requirements: [AWS, Docker, Git, Machine Learning, NLP, NumPy, Pandas, Python, Scikit-learn]."
260,CAND_2476,AVIATION,7.64,0.0,4.58,,"AWS, Docker, Git, Machine Learning, NLP, NumPy, Pandas, Python, SQL, Scikit-learn","Candidate CAND_2476 shows weak overall alignment (7.64% text similarity, 0.0% skill match). Missing critical requirements: [AWS, Docker, Git, Machine Learning, NLP, NumPy, Pandas, Python, SQL, Scikit-learn]."
261,CAND_1810,ACCOUNTANT,0.97,10.0,4.58,SQL,"AWS, Docker, Git, Machine Learning, NLP, NumPy, Pandas, Python, Scikit-learn","Candidate CAND_1810 shows weak overall alignment (0.97% text similarity, 10.0% skill match). Missing critical requirements: [AWS, Docker, Git, Machine Learning, NLP, NumPy, Pandas, Python, Scikit-learn]."
262,CAND_1899,ACCOUNTANT,0.97,10.0,4.58,SQL,"AWS, Docker, Git, Machine Learning, NLP, NumPy, Pandas, Python, Scikit-learn","Candidate CAND_1899 shows weak overall alignment (0.97% text similarity, 10.0% skill match). Missing critical requirements: [AWS, Docker, Git, Machine Learning, NLP, NumPy, Pandas, Python, Scikit-learn]."
263,CAND_1974,CONSTRUCTION,0.95,10.0,4.57,SQL,"AWS, Docker, Git, Machine Learning, NLP, NumPy, Pandas, Python, Scikit-learn","Candidate CAND_1974 shows weak overall alignment (0.95% text similarity, 10.0% skill match). Missing critical requirements: [AWS, Docker, Git, Machine Learning, NLP, NumPy, Pandas, Python, Scikit-learn]."
264,CAND_1759,ENGINEERING,7.62,0.0,4.57,,"AWS, Docker, Git, Machine Learning, NLP, NumPy, Pandas, Python, SQL, Scikit-learn","Candidate CAND_1759 shows weak overall alignment (7.62% text similarity, 0.0% skill match). Missing critical requirements: [AWS, Docker, Git, Machine Learning, NLP, NumPy, Pandas, Python, SQL, Scikit-learn]."
265,CAND_1007,SALES,0.9,10.0,4.54,SQL,"AWS, Docker, Git, Machine Learning, NLP, NumPy, Pandas, Python, Scikit-learn","Candidate CAND_1007 shows weak overall alignment (0.9% text similarity, 10.0% skill match). Missing critical requirements: [AWS, Docker, Git, Machine Learning, NLP, NumPy, Pandas, Python, Scikit-learn]."
266,CAND_2433,AVIATION,7.39,0.0,4.43,,"AWS, Docker, Git, Machine Learning, NLP, NumPy, Pandas, Python, SQL, Scikit-learn","Candidate CAND_2433 shows weak overall alignment (7.39% text similarity, 0.0% skill match). Missing critical requirements: [AWS, Docker, Git, Machine Learning, NLP, NumPy, Pandas, Python, SQL, Scikit-learn]."
267,CAND_2077,PUBLIC-RELATIONS,0.69,10.0,4.41,SQL,"AWS, Docker, Git, Machine Learning, NLP, NumPy, Pandas, Python, Scikit-learn","Candidate CAND_2077 shows weak overall alignment (0.69% text similarity, 10.0% skill match). Missing critical requirements: [AWS, Docker, Git, Machine Learning, NLP, NumPy, Pandas, Python, Scikit-learn]."
268,CAND_1704,ENGINEERING,7.32,0.0,4.39,,"AWS, Docker, Git, Machine Learning, NLP, NumPy, Pandas, Python, SQL, Scikit-learn","Candidate CAND_1704 shows weak overall alignment (7.32% text similarity, 0.0% skill match). Missing critical requirements: [AWS, Docker, Git, Machine Learning, NLP, NumPy, Pandas, Python, SQL, Scikit-learn]."
269,CAND_2026,CONSTRUCTION,7.27,0.0,4.36,,"AWS, Docker, Git, Machine Learning, NLP, NumPy, Pandas, Python, SQL, Scikit-learn","Candidate CAND_2026 shows weak overall alignment (7.27% text similarity, 0.0% skill match). Missing critical requirements: [AWS, Docker, Git, Machine Learning, NLP, NumPy, Pandas, Python, SQL, Scikit-learn]."
270,CAND_1069,SALES,7.17,0.0,4.3,,"AWS, Docker, Git, Machine Learning, NLP, NumPy, Pandas, Python, SQL, Scikit-learn","Candidate CAND_1069 shows weak overall alignment (7.17% text similarity, 0.0% skill match). Missing critical requirements: [AWS, Docker, Git, Machine Learning, NLP, NumPy, Pandas, Python, SQL, Scikit-learn]."
271,CAND_2425,AVIATION,7.16,0.0,4.3,,"AWS, Docker, Git, Machine Learning, NLP, NumPy, Pandas, Python, SQL, Scikit-learn","Candidate CAND_2425 shows weak overall alignment (7.16% text similarity, 0.0% skill match). Missing critical requirements: [AWS, Docker, Git, Machine Learning, NLP, NumPy, Pandas, Python, SQL, Scikit-learn]."
272,CAND_1796,ENGINEERING,7.13,0.0,4.28,,"AWS, Docker, Git, Machine Learning, NLP, NumPy, Pandas, Python, SQL, Scikit-learn","Candidate CAND_1796 shows weak overall alignment (7.13% text similarity, 0.0% skill match). Missing critical requirements: [AWS, Docker, Git, Machine Learning, NLP, NumPy, Pandas, Python, SQL, Scikit-learn]."
273,CAND_350,TEACHER,7.11,0.0,4.27,,"AWS, Docker, Git, Machine Learning, NLP, NumPy, Pandas, Python, SQL, Scikit-learn","Candidate CAND_350 shows weak overall alignment (7.11% text similarity, 0.0% skill match). Missing critical requirements: [AWS, Docker, Git, Machine Learning, NLP, NumPy, Pandas, Python, SQL, Scikit-learn]."
274,CAND_1739,ENGINEERING,7.08,0.0,4.25,,"AWS, Docker, Git, Machine Learning, NLP, NumPy, Pandas, Python, SQL, Scikit-learn","Candidate CAND_1739 shows weak overall alignment (7.08% text similarity, 0.0% skill match). Missing critical requirements: [AWS, Docker, Git, Machine Learning, NLP, NumPy, Pandas, Python, SQL, Scikit-learn]."
275,CAND_145,DESIGNER,7.07,0.0,4.24,,"AWS, Docker, Git, Machine Learning, NLP, NumPy, Pandas, Python, SQL, Scikit-learn","Candidate CAND_145 shows weak overall alignment (7.07% text similarity, 0.0% skill match). Missing critical requirements: [AWS, Docker, Git, Machine Learning, NLP, NumPy, Pandas, Python, SQL, Scikit-learn]."
276,CAND_1305,DIGITAL-MEDIA,0.4,10.0,4.24,Git,"AWS, Docker, Machine Learning, NLP, NumPy, Pandas, Python, SQL, Scikit-learn","Candidate CAND_1305 shows weak overall alignment (0.4% text similarity, 10.0% skill match). Missing critical requirements: [AWS, Docker, Machine Learning, NLP, NumPy, Pandas, Python, SQL, Scikit-learn]."
277,CAND_2431,AVIATION,7.03,0.0,4.22,,"AWS, Docker, Git, Machine Learning, NLP, NumPy, Pandas, Python, SQL, Scikit-learn","Candidate CAND_2431 shows weak overall alignment (7.03% text similarity, 0.0% skill match). Missing critical requirements: [AWS, Docker, Git, Machine Learning, NLP, NumPy, Pandas, Python, SQL, Scikit-learn]."
278,CAND_1355,AUTOMOBILE,6.98,0.0,4.19,,"AWS, Docker, Git, Machine Learning, NLP, NumPy, Pandas, Python, SQL, Scikit-learn","Candidate CAND_1355 shows weak overall alignment (6.98% text similarity, 0.0% skill match). Missing critical requirements: [AWS, Docker, Git, Machine Learning, NLP, NumPy, Pandas, Python, SQL, Scikit-learn]."
279,CAND_1936,CONSTRUCTION,6.97,0.0,4.18,,"AWS, Docker, Git, Machine Learning, NLP, NumPy, Pandas, Python, SQL, Scikit-learn","Candidate CAND_1936 shows weak overall alignment (6.97% text similarity, 0.0% skill match). Missing critical requirements: [AWS, Docker, Git, Machine Learning, NLP, NumPy, Pandas, Python, SQL, Scikit-learn]."
280,CAND_1091,SALES,6.97,0.0,4.18,,"AWS, Docker, Git, Machine Learning, NLP, NumPy, Pandas, Python, SQL, Scikit-learn","Candidate CAND_1091 shows weak overall alignment (6.97% text similarity, 0.0% skill match). Missing critical requirements: [AWS, Docker, Git, Machine Learning, NLP, NumPy, Pandas, Python, SQL, Scikit-learn]."
281,CAND_254,INFORMATION-TECHNOLOGY,6.89,0.0,4.13,,"AWS, Docker, Git, Machine Learning, NLP, NumPy, Pandas, Python, SQL, Scikit-learn","Candidate CAND_254 shows weak overall alignment (6.89% text similarity, 0.0% skill match). Missing critical requirements: [AWS, Docker, Git, Machine Learning, NLP, NumPy, Pandas, Python, SQL, Scikit-learn]."
282,CAND_1751,ENGINEERING,6.88,0.0,4.13,,"AWS, Docker, Git, Machine Learning, NLP, NumPy, Pandas, Python, SQL, Scikit-learn","Candidate CAND_1751 shows weak overall alignment (6.88% text similarity, 0.0% skill match). Missing critical requirements: [AWS, Docker, Git, Machine Learning, NLP, NumPy, Pandas, Python, SQL, Scikit-learn]."
283,CAND_1085,SALES,6.87,0.0,4.12,,"AWS, Docker, Git, Machine Learning, NLP, NumPy, Pandas, Python, SQL, Scikit-learn","Candidate CAND_1085 shows weak overall alignment (6.87% text similarity, 0.0% skill match). Missing critical requirements: [AWS, Docker, Git, Machine Learning, NLP, NumPy, Pandas, Python, SQL, Scikit-learn]."
284,CAND_1741,ENGINEERING,6.79,0.0,4.07,,"AWS, Docker, Git, Machine Learning, NLP, NumPy, Pandas, Python, SQL, Scikit-learn","Candidate CAND_1741 shows weak overall alignment (6.79% text similarity, 0.0% skill match). Missing critical requirements: [AWS, Docker, Git, Machine Learning, NLP, NumPy, Pandas, Python, SQL, Scikit-learn]."
285,CAND_1624,APPAREL,6.78,0.0,4.07,,"AWS, Docker, Git, Machine Learning, NLP, NumPy, Pandas, Python, SQL, Scikit-learn","Candidate CAND_1624 shows weak overall alignment (6.78% text similarity, 0.0% skill match). Missing critical requirements: [AWS, Docker, Git, Machine Learning, NLP, NumPy, Pandas, Python, SQL, Scikit-learn]."
286,CAND_1731,ENGINEERING,6.77,0.0,4.06,,"AWS, Docker, Git, Machine Learning, NLP, NumPy, Pandas, Python, SQL, Scikit-learn","Candidate CAND_1731 shows weak overall alignment (6.77% text similarity, 0.0% skill match). Missing critical requirements: [AWS, Docker, Git, Machine Learning, NLP, NumPy, Pandas, Python, SQL, Scikit-learn]."
287,CAND_715,HEALTHCARE,0.09,10.0,4.05,Machine Learning,"AWS, Docker, Git, NLP, NumPy, Pandas, Python, SQL, Scikit-learn","Candidate CAND_715 shows weak overall alignment (0.09% text similarity, 10.0% skill match). Missing critical requirements: [AWS, Docker, Git, NLP, NumPy, Pandas, Python, SQL, Scikit-learn]."
288,CAND_1791,ENGINEERING,6.69,0.0,4.01,,"AWS, Docker, Git, Machine Learning, NLP, NumPy, Pandas, Python, SQL, Scikit-learn","Candidate CAND_1791 shows weak overall alignment (6.69% text similarity, 0.0% skill match). Missing critical requirements: [AWS, Docker, Git, Machine Learning, NLP, NumPy, Pandas, Python, SQL, Scikit-learn]."
289,CAND_416,TEACHER,6.69,0.0,4.01,,"AWS, Docker, Git, Machine Learning, NLP, NumPy, Pandas, Python, SQL, Scikit-learn","Candidate CAND_416 shows weak overall alignment (6.69% text similarity, 0.0% skill match). Missing critical requirements: [AWS, Docker, Git, Machine Learning, NLP, NumPy, Pandas, Python, SQL, Scikit-learn]."
290,CAND_2397,AVIATION,6.65,0.0,3.99,,"AWS, Docker, Git, Machine Learning, NLP, NumPy, Pandas, Python, SQL, Scikit-learn","Candidate CAND_2397 shows weak overall alignment (6.65% text similarity, 0.0% skill match). Missing critical requirements: [AWS, Docker, Git, Machine Learning, NLP, NumPy, Pandas, Python, SQL, Scikit-learn]."
291,CAND_126,DESIGNER,6.64,0.0,3.98,,"AWS, Docker, Git, Machine Learning, NLP, NumPy, Pandas, Python, SQL, Scikit-learn","Candidate CAND_126 shows weak overall alignment (6.64% text similarity, 0.0% skill match). Missing critical requirements: [AWS, Docker, Git, Machine Learning, NLP, NumPy, Pandas, Python, SQL, Scikit-learn]."
292,CAND_506,ADVOCATE,6.64,0.0,3.98,,"AWS, Docker, Git, Machine Learning, NLP, NumPy, Pandas, Python, SQL, Scikit-learn","Candidate CAND_506 shows weak overall alignment (6.64% text similarity, 0.0% skill match). Missing critical requirements: [AWS, Docker, Git, Machine Learning, NLP, NumPy, Pandas, Python, SQL, Scikit-learn]."
293,CAND_1234,DIGITAL-MEDIA,6.5,0.0,3.9,,"AWS, Docker, Git, Machine Learning, NLP, NumPy, Pandas, Python, SQL, Scikit-learn","Candidate CAND_1234 shows weak overall alignment (6.5% text similarity, 0.0% skill match). Missing critical requirements: [AWS, Docker, Git, Machine Learning, NLP, NumPy, Pandas, Python, SQL, Scikit-learn]."
294,CAND_1713,ENGINEERING,6.48,0.0,3.89,,"AWS, Docker, Git, Machine Learning, NLP, NumPy, Pandas, Python, SQL, Scikit-learn","Candidate CAND_1713 shows weak overall alignment (6.48% text similarity, 0.0% skill match). Missing critical requirements: [AWS, Docker, Git, Machine Learning, NLP, NumPy, Pandas, Python, SQL, Scikit-learn]."
295,CAND_2417,AVIATION,6.49,0.0,3.89,,"AWS, Docker, Git, Machine Learning, NLP, NumPy, Pandas, Python, SQL, Scikit-learn","Candidate CAND_2417 shows weak overall alignment (6.49% text similarity, 0.0% skill match). Missing critical requirements: [AWS, Docker, Git, Machine Learning, NLP, NumPy, Pandas, Python, SQL, Scikit-learn]."
296,CAND_1706,ENGINEERING,6.46,0.0,3.88,,"AWS, Docker, Git, Machine Learning, NLP, NumPy, Pandas, Python, SQL, Scikit-learn","Candidate CAND_1706 shows weak overall alignment (6.46% text similarity, 0.0% skill match). Missing critical requirements: [AWS, Docker, Git, Machine Learning, NLP, NumPy, Pandas, Python, SQL, Scikit-learn]."
297,CAND_1646,APPAREL,6.38,0.0,3.83,,"AWS, Docker, Git, Machine Learning, NLP, NumPy, Pandas, Python, SQL, Scikit-learn","Candidate CAND_1646 shows weak overall alignment (6.38% text similarity, 0.0% skill match). Missing critical requirements: [AWS, Docker, Git, Machine Learning, NLP, NumPy, Pandas, Python, SQL, Scikit-learn]."
298,CAND_1696,ENGINEERING,6.35,0.0,3.81,,"AWS, Docker, Git, Machine Learning, NLP, NumPy, Pandas, Python, SQL, Scikit-learn","Candidate CAND_1696 shows weak overall alignment (6.35% text similarity, 0.0% skill match). Missing critical requirements: [AWS, Docker, Git, Machine Learning, NLP, NumPy, Pandas, Python, SQL, Scikit-learn]."
299,CAND_1743,ENGINEERING,6.35,0.0,3.81,,"AWS, Docker, Git, Machine Learning, NLP, NumPy, Pandas, Python, SQL, Scikit-learn","Candidate CAND_1743 shows weak overall alignment (6.35% text similarity, 0.0% skill match). Missing critical requirements: [AWS, Docker, Git, Machine Learning, NLP, NumPy, Pandas, Python, SQL, Scikit-learn]."
300,CAND_1772,ENGINEERING,6.31,0.0,3.79,,"AWS, Docker, Git, Machine Learning, NLP, NumPy, Pandas, Python, SQL, Scikit-learn","Candidate CAND_1772 shows weak overall alignment (6.31% text similarity, 0.0% skill match). Missing critical requirements: [AWS, Docker, Git, Machine Learning, NLP, NumPy, Pandas, Python, SQL, Scikit-learn]."
301,CAND_1779,ENGINEERING,6.27,0.0,3.76,,"AWS, Docker, Git, Machine Learning, NLP, NumPy, Pandas, Python, SQL, Scikit-learn","Candidate CAND_1779 shows weak overall alignment (6.27% text similarity, 0.0% skill match). Missing critical requirements: [AWS, Docker, Git, Machine Learning, NLP, NumPy, Pandas, Python, SQL, Scikit-learn]."
302,CAND_169,DESIGNER,6.25,0.0,3.75,,"AWS, Docker, Git, Machine Learning, NLP, NumPy, Pandas, Python, SQL, Scikit-learn","Candidate CAND_169 shows weak overall alignment (6.25% text similarity, 0.0% skill match). Missing critical requirements: [AWS, Docker, Git, Machine Learning, NLP, NumPy, Pandas, Python, SQL, Scikit-learn]."
303,CAND_210,DESIGNER,6.25,0.0,3.75,,"AWS, Docker, Git, Machine Learning, NLP, NumPy, Pandas, Python, SQL, Scikit-learn","Candidate CAND_210 shows weak overall alignment (6.25% text similarity, 0.0% skill match). Missing critical requirements: [AWS, Docker, Git, Machine Learning, NLP, NumPy, Pandas, Python, SQL, Scikit-learn]."
304,CAND_165,DESIGNER,6.24,0.0,3.74,,"AWS, Docker, Git, Machine Learning, NLP, NumPy, Pandas, Python, SQL, Scikit-learn","Candidate CAND_165 shows weak overall alignment (6.24% text similarity, 0.0% skill match). Missing critical requirements: [AWS, Docker, Git, Machine Learning, NLP, NumPy, Pandas, Python, SQL, Scikit-learn]."
305,CAND_257,INFORMATION-TECHNOLOGY,6.14,0.0,3.68,,"AWS, Docker, Git, Machine Learning, NLP, NumPy, Pandas, Python, SQL, Scikit-learn","Candidate CAND_257 shows weak overall alignment (6.14% text similarity, 0.0% skill match). Missing critical requirements: [AWS, Docker, Git, Machine Learning, NLP, NumPy, Pandas, Python, SQL, Scikit-learn]."
306,CAND_1453,CHEF,6.14,0.0,3.68,,"AWS, Docker, Git, Machine Learning, NLP, NumPy, Pandas, Python, SQL, Scikit-learn","Candidate CAND_1453 shows weak overall alignment (6.14% text similarity, 0.0% skill match). Missing critical requirements: [AWS, Docker, Git, Machine Learning, NLP, NumPy, Pandas, Python, SQL, Scikit-learn]."
307,CAND_1615,APPAREL,6.14,0.0,3.68,,"AWS, Docker, Git, Machine Learning, NLP, NumPy, Pandas, Python, SQL, Scikit-learn","Candidate CAND_1615 shows weak overall alignment (6.14% text similarity, 0.0% skill match). Missing critical requirements: [AWS, Docker, Git, Machine Learning, NLP, NumPy, Pandas, Python, SQL, Scikit-learn]."
308,CAND_270,INFORMATION-TECHNOLOGY,6.11,0.0,3.67,,"AWS, Docker, Git, Machine Learning, NLP, NumPy, Pandas, Python, SQL, Scikit-learn","Candidate CAND_270 shows weak overall alignment (6.11% text similarity, 0.0% skill match). Missing critical requirements: [AWS, Docker, Git, Machine Learning, NLP, NumPy, Pandas, Python, SQL, Scikit-learn]."
309,CAND_1806,ENGINEERING,6.06,0.0,3.64,,"AWS, Docker, Git, Machine Learning, NLP, NumPy, Pandas, Python, SQL, Scikit-learn","Candidate CAND_1806 shows weak overall alignment (6.06% text similarity, 0.0% skill match). Missing critical requirements: [AWS, Docker, Git, Machine Learning, NLP, NumPy, Pandas, Python, SQL, Scikit-learn]."
310,CAND_1005,SALES,6.06,0.0,3.64,,"AWS, Docker, Git, Machine Learning, NLP, NumPy, Pandas, Python, SQL, Scikit-learn","Candidate CAND_1005 shows weak overall alignment (6.06% text similarity, 0.0% skill match). Missing critical requirements: [AWS, Docker, Git, Machine Learning, NLP, NumPy, Pandas, Python, SQL, Scikit-learn]."
311,CAND_1006,SALES,6.04,0.0,3.62,,"AWS, Docker, Git, Machine Learning, NLP, NumPy, Pandas, Python, SQL, Scikit-learn","Candidate CAND_1006 shows weak overall alignment (6.04% text similarity, 0.0% skill match). Missing critical requirements: [AWS, Docker, Git, Machine Learning, NLP, NumPy, Pandas, Python, SQL, Scikit-learn]."
312,CAND_227,INFORMATION-TECHNOLOGY,6.0,0.0,3.6,,"AWS, Docker, Git, Machine Learning, NLP, NumPy, Pandas, Python, SQL, Scikit-learn","Candidate CAND_227 shows weak overall alignment (6.0% text similarity, 0.0% skill match). Missing critical requirements: [AWS, Docker, Git, Machine Learning, NLP, NumPy, Pandas, Python, SQL, Scikit-learn]."
313,CAND_427,TEACHER,5.98,0.0,3.59,,"AWS, Docker, Git, Machine Learning, NLP, NumPy, Pandas, Python, SQL, Scikit-learn","Candidate CAND_427 shows weak overall alignment (5.98% text similarity, 0.0% skill match). Missing critical requirements: [AWS, Docker, Git, Machine Learning, NLP, NumPy, Pandas, Python, SQL, Scikit-learn]."
314,CAND_1941,CONSTRUCTION,5.95,0.0,3.57,,"AWS, Docker, Git, Machine Learning, NLP, NumPy, Pandas, Python, SQL, Scikit-learn","Candidate CAND_1941 shows weak overall alignment (5.95% text similarity, 0.0% skill match). Missing critical requirements: [AWS, Docker, Git, Machine Learning, NLP, NumPy, Pandas, Python, SQL, Scikit-learn]."
315,CAND_2316,ARTS,5.93,0.0,3.56,,"AWS, Docker, Git, Machine Learning, NLP, NumPy, Pandas, Python, SQL, Scikit-learn","Candidate CAND_2316 shows weak overall alignment (5.93% text similarity, 0.0% skill match). Missing critical requirements: [AWS, Docker, Git, Machine Learning, NLP, NumPy, Pandas, Python, SQL, Scikit-learn]."
316,CAND_2436,AVIATION,5.89,0.0,3.53,,"AWS, Docker, Git, Machine Learning, NLP, NumPy, Pandas, Python, SQL, Scikit-learn","Candidate CAND_2436 shows weak overall alignment (5.89% text similarity, 0.0% skill match). Missing critical requirements: [AWS, Docker, Git, Machine Learning, NLP, NumPy, Pandas, Python, SQL, Scikit-learn]."
317,CAND_1710,ENGINEERING,5.86,0.0,3.52,,"AWS, Docker, Git, Machine Learning, NLP, NumPy, Pandas, Python, SQL, Scikit-learn","Candidate CAND_1710 shows weak overall alignment (5.86% text similarity, 0.0% skill match). Missing critical requirements: [AWS, Docker, Git, Machine Learning, NLP, NumPy, Pandas, Python, SQL, Scikit-learn]."
318,CAND_342,TEACHER,5.79,0.0,3.47,,"AWS, Docker, Git, Machine Learning, NLP, NumPy, Pandas, Python, SQL, Scikit-learn","Candidate CAND_342 shows weak overall alignment (5.79% text similarity, 0.0% skill match). Missing critical requirements: [AWS, Docker, Git, Machine Learning, NLP, NumPy, Pandas, Python, SQL, Scikit-learn]."
319,CAND_132,DESIGNER,5.78,0.0,3.47,,"AWS, Docker, Git, Machine Learning, NLP, NumPy, Pandas, Python, SQL, Scikit-learn","Candidate CAND_132 shows weak overall alignment (5.78% text similarity, 0.0% skill match). Missing critical requirements: [AWS, Docker, Git, Machine Learning, NLP, NumPy, Pandas, Python, SQL, Scikit-learn]."
320,CAND_1755,ENGINEERING,5.75,0.0,3.45,,"AWS, Docker, Git, Machine Learning, NLP, NumPy, Pandas, Python, SQL, Scikit-learn","Candidate CAND_1755 shows weak overall alignment (5.75% text similarity, 0.0% skill match). Missing critical requirements: [AWS, Docker, Git, Machine Learning, NLP, NumPy, Pandas, Python, SQL, Scikit-learn]."
321,CAND_362,TEACHER,5.74,0.0,3.44,,"AWS, Docker, Git, Machine Learning, NLP, NumPy, Pandas, Python, SQL, Scikit-learn","Candidate CAND_362 shows weak overall alignment (5.74% text similarity, 0.0% skill match). Missing critical requirements: [AWS, Docker, Git, Machine Learning, NLP, NumPy, Pandas, Python, SQL, Scikit-learn]."
322,CAND_1959,CONSTRUCTION,5.7,0.0,3.42,,"AWS, Docker, Git, Machine Learning, NLP, NumPy, Pandas, Python, SQL, Scikit-learn","Candidate CAND_1959 shows weak overall alignment (5.7% text similarity, 0.0% skill match). Missing critical requirements: [AWS, Docker, Git, Machine Learning, NLP, NumPy, Pandas, Python, SQL, Scikit-learn]."
323,CAND_2037,CONSTRUCTION,5.7,0.0,3.42,,"AWS, Docker, Git, Machine Learning, NLP, NumPy, Pandas, Python, SQL, Scikit-learn","Candidate CAND_2037 shows weak overall alignment (5.7% text similarity, 0.0% skill match). Missing critical requirements: [AWS, Docker, Git, Machine Learning, NLP, NumPy, Pandas, Python, SQL, Scikit-learn]."
324,CAND_1211,CONSULTANT,5.7,0.0,3.42,,"AWS, Docker, Git, Machine Learning, NLP, NumPy, Pandas, Python, SQL, Scikit-learn","Candidate CAND_1211 shows weak overall alignment (5.7% text similarity, 0.0% skill match). Missing critical requirements: [AWS, Docker, Git, Machine Learning, NLP, NumPy, Pandas, Python, SQL, Scikit-learn]."
325,CAND_347,TEACHER,5.69,0.0,3.41,,"AWS, Docker, Git, Machine Learning, NLP, NumPy, Pandas, Python, SQL, Scikit-learn","Candidate CAND_347 shows weak overall alignment (5.69% text similarity, 0.0% skill match). Missing critical requirements: [AWS, Docker, Git, Machine Learning, NLP, NumPy, Pandas, Python, SQL, Scikit-learn]."
326,CAND_1698,ENGINEERING,5.66,0.0,3.4,,"AWS, Docker, Git, Machine Learning, NLP, NumPy, Pandas, Python, SQL, Scikit-learn","Candidate CAND_1698 shows weak overall alignment (5.66% text similarity, 0.0% skill match). Missing critical requirements: [AWS, Docker, Git, Machine Learning, NLP, NumPy, Pandas, Python, SQL, Scikit-learn]."
327,CAND_2460,AVIATION,5.65,0.0,3.39,,"AWS, Docker, Git, Machine Learning, NLP, NumPy, Pandas, Python, SQL, Scikit-learn","Candidate CAND_2460 shows weak overall alignment (5.65% text similarity, 0.0% skill match). Missing critical requirements: [AWS, Docker, Git, Machine Learning, NLP, NumPy, Pandas, Python, SQL, Scikit-learn]."
328,CAND_1405,CHEF,5.65,0.0,3.39,,"AWS, Docker, Git, Machine Learning, NLP, NumPy, Pandas, Python, SQL, Scikit-learn","Candidate CAND_1405 shows weak overall alignment (5.65% text similarity, 0.0% skill match). Missing critical requirements: [AWS, Docker, Git, Machine Learning, NLP, NumPy, Pandas, Python, SQL, Scikit-learn]."
329,CAND_2306,ARTS,5.64,0.0,3.38,,"AWS, Docker, Git, Machine Learning, NLP, NumPy, Pandas, Python, SQL, Scikit-learn","Candidate CAND_2306 shows weak overall alignment (5.64% text similarity, 0.0% skill match). Missing critical requirements: [AWS, Docker, Git, Machine Learning, NLP, NumPy, Pandas, Python, SQL, Scikit-learn]."
330,CAND_2475,AVIATION,5.63,0.0,3.38,,"AWS, Docker, Git, Machine Learning, NLP, NumPy, Pandas, Python, SQL, Scikit-learn","Candidate CAND_2475 shows weak overall alignment (5.63% text similarity, 0.0% skill match). Missing critical requirements: [AWS, Docker, Git, Machine Learning, NLP, NumPy, Pandas, Python, SQL, Scikit-learn]."
331,CAND_1771,ENGINEERING,5.62,0.0,3.37,,"AWS, Docker, Git, Machine Learning, NLP, NumPy, Pandas, Python, SQL, Scikit-learn","Candidate CAND_1771 shows weak overall alignment (5.62% text similarity, 0.0% skill match). Missing critical requirements: [AWS, Docker, Git, Machine Learning, NLP, NumPy, Pandas, Python, SQL, Scikit-learn]."
332,CAND_1789,ENGINEERING,5.61,0.0,3.37,,"AWS, Docker, Git, Machine Learning, NLP, NumPy, Pandas, Python, SQL, Scikit-learn","Candidate CAND_1789 shows weak overall alignment (5.61% text similarity, 0.0% skill match). Missing critical requirements: [AWS, Docker, Git, Machine Learning, NLP, NumPy, Pandas, Python, SQL, Scikit-learn]."
333,CAND_671,BUSINESS-DEVELOPMENT,5.61,0.0,3.37,,"AWS, Docker, Git, Machine Learning, NLP, NumPy, Pandas, Python, SQL, Scikit-learn","Candidate CAND_671 shows weak overall alignment (5.61% text similarity, 0.0% skill match). Missing critical requirements: [AWS, Docker, Git, Machine Learning, NLP, NumPy, Pandas, Python, SQL, Scikit-learn]."
334,CAND_423,TEACHER,5.56,0.0,3.34,,"AWS, Docker, Git, Machine Learning, NLP, NumPy, Pandas, Python, SQL, Scikit-learn","Candidate CAND_423 shows weak overall alignment (5.56% text similarity, 0.0% skill match). Missing critical requirements: [AWS, Docker, Git, Machine Learning, NLP, NumPy, Pandas, Python, SQL, Scikit-learn]."
335,CAND_143,DESIGNER,5.53,0.0,3.32,,"AWS, Docker, Git, Machine Learning, NLP, NumPy, Pandas, Python, SQL, Scikit-learn","Candidate CAND_143 shows weak overall alignment (5.53% text similarity, 0.0% skill match). Missing critical requirements: [AWS, Docker, Git, Machine Learning, NLP, NumPy, Pandas, Python, SQL, Scikit-learn]."
336,CAND_2304,ARTS,5.46,0.0,3.28,,"AWS, Docker, Git, Machine Learning, NLP, NumPy, Pandas, Python, SQL, Scikit-learn","Candidate CAND_2304 shows weak overall alignment (5.46% text similarity, 0.0% skill match). Missing critical requirements: [AWS, Docker, Git, Machine Learning, NLP, NumPy, Pandas, Python, SQL, Scikit-learn]."
337,CAND_159,DESIGNER,5.46,0.0,3.28,,"AWS, Docker, Git, Machine Learning, NLP, NumPy, Pandas, Python, SQL, Scikit-learn","Candidate CAND_159 shows weak overall alignment (5.46% text similarity, 0.0% skill match). Missing critical requirements: [AWS, Docker, Git, Machine Learning, NLP, NumPy, Pandas, Python, SQL, Scikit-learn]."
338,CAND_1635,APPAREL,5.45,0.0,3.27,,"AWS, Docker, Git, Machine Learning, NLP, NumPy, Pandas, Python, SQL, Scikit-learn","Candidate CAND_1635 shows weak overall alignment (5.45% text similarity, 0.0% skill match). Missing critical requirements: [AWS, Docker, Git, Machine Learning, NLP, NumPy, Pandas, Python, SQL, Scikit-learn]."
339,CAND_221,INFORMATION-TECHNOLOGY,5.45,0.0,3.27,,"AWS, Docker, Git, Machine Learning, NLP, NumPy, Pandas, Python, SQL, Scikit-learn","Candidate CAND_221 shows weak overall alignment (5.45% text similarity, 0.0% skill match). Missing critical requirements: [AWS, Docker, Git, Machine Learning, NLP, NumPy, Pandas, Python, SQL, Scikit-learn]."
340,CAND_1174,CONSULTANT,5.44,0.0,3.26,,"AWS, Docker, Git, Machine Learning, NLP, NumPy, Pandas, Python, SQL, Scikit-learn","Candidate CAND_1174 shows weak overall alignment (5.44% text similarity, 0.0% skill match). Missing critical requirements: [AWS, Docker, Git, Machine Learning, NLP, NumPy, Pandas, Python, SQL, Scikit-learn]."
341,CAND_1984,CONSTRUCTION,5.41,0.0,3.25,,"AWS, Docker, Git, Machine Learning, NLP, NumPy, Pandas, Python, SQL, Scikit-learn","Candidate CAND_1984 shows weak overall alignment (5.41% text similarity, 0.0% skill match). Missing critical requirements: [AWS, Docker, Git, Machine Learning, NLP, NumPy, Pandas, Python, SQL, Scikit-learn]."
342,CAND_1700,ENGINEERING,5.42,0.0,3.25,,"AWS, Docker, Git, Machine Learning, NLP, NumPy, Pandas, Python, SQL, Scikit-learn","Candidate CAND_1700 shows weak overall alignment (5.42% text similarity, 0.0% skill match). Missing critical requirements: [AWS, Docker, Git, Machine Learning, NLP, NumPy, Pandas, Python, SQL, Scikit-learn]."
343,CAND_606,BUSINESS-DEVELOPMENT,5.38,0.0,3.23,,"AWS, Docker, Git, Machine Learning, NLP, NumPy, Pandas, Python, SQL, Scikit-learn","Candidate CAND_606 shows weak overall alignment (5.38% text similarity, 0.0% skill match). Missing critical requirements: [AWS, Docker, Git, Machine Learning, NLP, NumPy, Pandas, Python, SQL, Scikit-learn]."
344,CAND_1777,ENGINEERING,5.35,0.0,3.21,,"AWS, Docker, Git, Machine Learning, NLP, NumPy, Pandas, Python, SQL, Scikit-learn","Candidate CAND_1777 shows weak overall alignment (5.35% text similarity, 0.0% skill match). Missing critical requirements: [AWS, Docker, Git, Machine Learning, NLP, NumPy, Pandas, Python, SQL, Scikit-learn]."
345,CAND_2004,CONSTRUCTION,5.35,0.0,3.21,,"AWS, Docker, Git, Machine Learning, NLP, NumPy, Pandas, Python, SQL, Scikit-learn","Candidate CAND_2004 shows weak overall alignment (5.35% text similarity, 0.0% skill match). Missing critical requirements: [AWS, Docker, Git, Machine Learning, NLP, NumPy, Pandas, Python, SQL, Scikit-learn]."
346,CAND_214,DESIGNER,5.28,0.0,3.17,,"AWS, Docker, Git, Machine Learning, NLP, NumPy, Pandas, Python, SQL, Scikit-learn","Candidate CAND_214 shows weak overall alignment (5.28% text similarity, 0.0% skill match). Missing critical requirements: [AWS, Docker, Git, Machine Learning, NLP, NumPy, Pandas, Python, SQL, Scikit-learn]."
347,CAND_916,AGRICULTURE,5.26,0.0,3.16,,"AWS, Docker, Git, Machine Learning, NLP, NumPy, Pandas, Python, SQL, Scikit-learn","Candidate CAND_916 shows weak overall alignment (5.26% text similarity, 0.0% skill match). Missing critical requirements: [AWS, Docker, Git, Machine Learning, NLP, NumPy, Pandas, Python, SQL, Scikit-learn]."
348,CAND_1697,ENGINEERING,5.24,0.0,3.14,,"AWS, Docker, Git, Machine Learning, NLP, NumPy, Pandas, Python, SQL, Scikit-learn","Candidate CAND_1697 shows weak overall alignment (5.24% text similarity, 0.0% skill match). Missing critical requirements: [AWS, Docker, Git, Machine Learning, NLP, NumPy, Pandas, Python, SQL, Scikit-learn]."
349,CAND_1832,ACCOUNTANT,5.21,0.0,3.13,,"AWS, Docker, Git, Machine Learning, NLP, NumPy, Pandas, Python, SQL, Scikit-learn","Candidate CAND_1832 shows weak overall alignment (5.21% text similarity, 0.0% skill match). Missing critical requirements: [AWS, Docker, Git, Machine Learning, NLP, NumPy, Pandas, Python, SQL, Scikit-learn]."
350,CAND_1701,ENGINEERING,5.22,0.0,3.13,,"AWS, Docker, Git, Machine Learning, NLP, NumPy, Pandas, Python, SQL, Scikit-learn","Candidate CAND_1701 shows weak overall alignment (5.22% text similarity, 0.0% skill match). Missing critical requirements: [AWS, Docker, Git, Machine Learning, NLP, NumPy, Pandas, Python, SQL, Scikit-learn]."
351,CAND_1775,ENGINEERING,5.08,0.0,3.05,,"AWS, Docker, Git, Machine Learning, NLP, NumPy, Pandas, Python, SQL, Scikit-learn","Candidate CAND_1775 shows weak overall alignment (5.08% text similarity, 0.0% skill match). Missing critical requirements: [AWS, Docker, Git, Machine Learning, NLP, NumPy, Pandas, Python, SQL, Scikit-learn]."
352,CAND_1734,ENGINEERING,5.07,0.0,3.04,,"AWS, Docker, Git, Machine Learning, NLP, NumPy, Pandas, Python, SQL, Scikit-learn","Candidate CAND_1734 shows weak overall alignment (5.07% text similarity, 0.0% skill match). Missing critical requirements: [AWS, Docker, Git, Machine Learning, NLP, NumPy, Pandas, Python, SQL, Scikit-learn]."
353,CAND_1793,ENGINEERING,5.03,0.0,3.02,,"AWS, Docker, Git, Machine Learning, NLP, NumPy, Pandas, Python, SQL, Scikit-learn","Candidate CAND_1793 shows weak overall alignment (5.03% text similarity, 0.0% skill match). Missing critical requirements: [AWS, Docker, Git, Machine Learning, NLP, NumPy, Pandas, Python, SQL, Scikit-learn]."
354,CAND_398,TEACHER,5.03,0.0,3.02,,"AWS, Docker, Git, Machine Learning, NLP, NumPy, Pandas, Python, SQL, Scikit-learn","Candidate CAND_398 shows weak overall alignment (5.03% text similarity, 0.0% skill match). Missing critical requirements: [AWS, Docker, Git, Machine Learning, NLP, NumPy, Pandas, Python, SQL, Scikit-learn]."
355,CAND_1994,CONSTRUCTION,5.02,0.0,3.01,,"AWS, Docker, Git, Machine Learning, NLP, NumPy, Pandas, Python, SQL, Scikit-learn","Candidate CAND_1994 shows weak overall alignment (5.02% text similarity, 0.0% skill match). Missing critical requirements: [AWS, Docker, Git, Machine Learning, NLP, NumPy, Pandas, Python, SQL, Scikit-learn]."
356,CAND_2278,ARTS,5.0,0.0,3.0,,"AWS, Docker, Git, Machine Learning, NLP, NumPy, Pandas, Python, SQL, Scikit-learn","Candidate CAND_2278 shows weak overall alignment (5.0% text similarity, 0.0% skill match). Missing critical requirements: [AWS, Docker, Git, Machine Learning, NLP, NumPy, Pandas, Python, SQL, Scikit-learn]."
357,CAND_1947,CONSTRUCTION,5.0,0.0,3.0,,"AWS, Docker, Git, Machine Learning, NLP, NumPy, Pandas, Python, SQL, Scikit-learn","Candidate CAND_1947 shows weak overall alignment (5.0% text similarity, 0.0% skill match). Missing critical requirements: [AWS, Docker, Git, Machine Learning, NLP, NumPy, Pandas, Python, SQL, Scikit-learn]."
358,CAND_149,DESIGNER,4.99,0.0,2.99,,"AWS, Docker, Git, Machine Learning, NLP, NumPy, Pandas, Python, SQL, Scikit-learn","Candidate CAND_149 shows weak overall alignment (4.99% text similarity, 0.0% skill match). Missing critical requirements: [AWS, Docker, Git, Machine Learning, NLP, NumPy, Pandas, Python, SQL, Scikit-learn]."
359,CAND_1159,CONSULTANT,4.9,0.0,2.94,,"AWS, Docker, Git, Machine Learning, NLP, NumPy, Pandas, Python, SQL, Scikit-learn","Candidate CAND_1159 shows weak overall alignment (4.9% text similarity, 0.0% skill match). Missing critical requirements: [AWS, Docker, Git, Machine Learning, NLP, NumPy, Pandas, Python, SQL, Scikit-learn]."
360,CAND_330,INFORMATION-TECHNOLOGY,4.89,0.0,2.93,,"AWS, Docker, Git, Machine Learning, NLP, NumPy, Pandas, Python, SQL, Scikit-learn","Candidate CAND_330 shows weak overall alignment (4.89% text similarity, 0.0% skill match). Missing critical requirements: [AWS, Docker, Git, Machine Learning, NLP, NumPy, Pandas, Python, SQL, Scikit-learn]."
361,CAND_324,INFORMATION-TECHNOLOGY,4.87,0.0,2.92,,"AWS, Docker, Git, Machine Learning, NLP, NumPy, Pandas, Python, SQL, Scikit-learn","Candidate CAND_324 shows weak overall alignment (4.87% text similarity, 0.0% skill match). Missing critical requirements: [AWS, Docker, Git, Machine Learning, NLP, NumPy, Pandas, Python, SQL, Scikit-learn]."
362,CAND_1769,ENGINEERING,4.85,0.0,2.91,,"AWS, Docker, Git, Machine Learning, NLP, NumPy, Pandas, Python, SQL, Scikit-learn","Candidate CAND_1769 shows weak overall alignment (4.85% text similarity, 0.0% skill match). Missing critical requirements: [AWS, Docker, Git, Machine Learning, NLP, NumPy, Pandas, Python, SQL, Scikit-learn]."
363,CAND_2299,ARTS,4.81,0.0,2.89,,"AWS, Docker, Git, Machine Learning, NLP, NumPy, Pandas, Python, SQL, Scikit-learn","Candidate CAND_2299 shows weak overall alignment (4.81% text similarity, 0.0% skill match). Missing critical requirements: [AWS, Docker, Git, Machine Learning, NLP, NumPy, Pandas, Python, SQL, Scikit-learn]."
364,CAND_905,FITNESS,4.76,0.0,2.86,,"AWS, Docker, Git, Machine Learning, NLP, NumPy, Pandas, Python, SQL, Scikit-learn","Candidate CAND_905 shows weak overall alignment (4.76% text similarity, 0.0% skill match). Missing critical requirements: [AWS, Docker, Git, Machine Learning, NLP, NumPy, Pandas, Python, SQL, Scikit-learn]."
365,CAND_2266,ARTS,4.72,0.0,2.83,,"AWS, Docker, Git, Machine Learning, NLP, NumPy, Pandas, Python, SQL, Scikit-learn","Candidate CAND_2266 shows weak overall alignment (4.72% text similarity, 0.0% skill match). Missing critical requirements: [AWS, Docker, Git, Machine Learning, NLP, NumPy, Pandas, Python, SQL, Scikit-learn]."
366,CAND_869,FITNESS,4.68,0.0,2.81,,"AWS, Docker, Git, Machine Learning, NLP, NumPy, Pandas, Python, SQL, Scikit-learn","Candidate CAND_869 shows weak overall alignment (4.68% text similarity, 0.0% skill match). Missing critical requirements: [AWS, Docker, Git, Machine Learning, NLP, NumPy, Pandas, Python, SQL, Scikit-learn]."
367,CAND_2079,PUBLIC-RELATIONS,4.65,0.0,2.79,,"AWS, Docker, Git, Machine Learning, NLP, NumPy, Pandas, Python, SQL, Scikit-learn","Candidate CAND_2079 shows weak overall alignment (4.65% text similarity, 0.0% skill match). Missing critical requirements: [AWS, Docker, Git, Machine Learning, NLP, NumPy, Pandas, Python, SQL, Scikit-learn]."
368,CAND_1034,SALES,4.64,0.0,2.78,,"AWS, Docker, Git, Machine Learning, NLP, NumPy, Pandas, Python, SQL, Scikit-learn","Candidate CAND_1034 shows weak overall alignment (4.64% text similarity, 0.0% skill match). Missing critical requirements: [AWS, Docker, Git, Machine Learning, NLP, NumPy, Pandas, Python, SQL, Scikit-learn]."
369,CAND_1649,APPAREL,4.61,0.0,2.77,,"AWS, Docker, Git, Machine Learning, NLP, NumPy, Pandas, Python, SQL, Scikit-learn","Candidate CAND_1649 shows weak overall alignment (4.61% text similarity, 0.0% skill match). Missing critical requirements: [AWS, Docker, Git, Machine Learning, NLP, NumPy, Pandas, Python, SQL, Scikit-learn]."
370,CAND_417,TEACHER,4.6,0.0,2.76,,"AWS, Docker, Git, Machine Learning, NLP, NumPy, Pandas, Python, SQL, Scikit-learn","Candidate CAND_417 shows weak overall alignment (4.6% text similarity, 0.0% skill match). Missing critical requirements: [AWS, Docker, Git, Machine Learning, NLP, NumPy, Pandas, Python, SQL, Scikit-learn]."
371,CAND_1458,CHEF,4.57,0.0,2.74,,"AWS, Docker, Git, Machine Learning, NLP, NumPy, Pandas, Python, SQL, Scikit-learn","Candidate CAND_1458 shows weak overall alignment (4.57% text similarity, 0.0% skill match). Missing critical requirements: [AWS, Docker, Git, Machine Learning, NLP, NumPy, Pandas, Python, SQL, Scikit-learn]."
372,CAND_805,FITNESS,4.57,0.0,2.74,,"AWS, Docker, Git, Machine Learning, NLP, NumPy, Pandas, Python, SQL, Scikit-learn","Candidate CAND_805 shows weak overall alignment (4.57% text similarity, 0.0% skill match). Missing critical requirements: [AWS, Docker, Git, Machine Learning, NLP, NumPy, Pandas, Python, SQL, Scikit-learn]."
373,CAND_1801,ENGINEERING,4.53,0.0,2.72,,"AWS, Docker, Git, Machine Learning, NLP, NumPy, Pandas, Python, SQL, Scikit-learn","Candidate CAND_1801 shows weak overall alignment (4.53% text similarity, 0.0% skill match). Missing critical requirements: [AWS, Docker, Git, Machine Learning, NLP, NumPy, Pandas, Python, SQL, Scikit-learn]."
374,CAND_365,TEACHER,4.52,0.0,2.71,,"AWS, Docker, Git, Machine Learning, NLP, NumPy, Pandas, Python, SQL, Scikit-learn","Candidate CAND_365 shows weak overall alignment (4.52% text similarity, 0.0% skill match). Missing critical requirements: [AWS, Docker, Git, Machine Learning, NLP, NumPy, Pandas, Python, SQL, Scikit-learn]."
375,CAND_1221,CONSULTANT,4.52,0.0,2.71,,"AWS, Docker, Git, Machine Learning, NLP, NumPy, Pandas, Python, SQL, Scikit-learn","Candidate CAND_1221 shows weak overall alignment (4.52% text similarity, 0.0% skill match). Missing critical requirements: [AWS, Docker, Git, Machine Learning, NLP, NumPy, Pandas, Python, SQL, Scikit-learn]."
376,CAND_370,TEACHER,4.51,0.0,2.71,,"AWS, Docker, Git, Machine Learning, NLP, NumPy, Pandas, Python, SQL, Scikit-learn","Candidate CAND_370 shows weak overall alignment (4.51% text similarity, 0.0% skill match). Missing critical requirements: [AWS, Docker, Git, Machine Learning, NLP, NumPy, Pandas, Python, SQL, Scikit-learn]."
377,CAND_1544,FINANCE,4.47,0.0,2.68,,"AWS, Docker, Git, Machine Learning, NLP, NumPy, Pandas, Python, SQL, Scikit-learn","Candidate CAND_1544 shows weak overall alignment (4.47% text similarity, 0.0% skill match). Missing critical requirements: [AWS, Docker, Git, Machine Learning, NLP, NumPy, Pandas, Python, SQL, Scikit-learn]."
378,CAND_1690,ENGINEERING,4.43,0.0,2.66,,"AWS, Docker, Git, Machine Learning, NLP, NumPy, Pandas, Python, SQL, Scikit-learn","Candidate CAND_1690 shows weak overall alignment (4.43% text similarity, 0.0% skill match). Missing critical requirements: [AWS, Docker, Git, Machine Learning, NLP, NumPy, Pandas, Python, SQL, Scikit-learn]."
379,CAND_1499,FINANCE,4.44,0.0,2.66,,"AWS, Docker, Git, Machine Learning, NLP, NumPy, Pandas, Python, SQL, Scikit-learn","Candidate CAND_1499 shows weak overall alignment (4.44% text similarity, 0.0% skill match). Missing critical requirements: [AWS, Docker, Git, Machine Learning, NLP, NumPy, Pandas, Python, SQL, Scikit-learn]."
380,CAND_436,TEACHER,4.41,0.0,2.65,,"AWS, Docker, Git, Machine Learning, NLP, NumPy, Pandas, Python, SQL, Scikit-learn","Candidate CAND_436 shows weak overall alignment (4.41% text similarity, 0.0% skill match). Missing critical requirements: [AWS, Docker, Git, Machine Learning, NLP, NumPy, Pandas, Python, SQL, Scikit-learn]."
381,CAND_2044,PUBLIC-RELATIONS,4.41,0.0,2.65,,"AWS, Docker, Git, Machine Learning, NLP, NumPy, Pandas, Python, SQL, Scikit-learn","Candidate CAND_2044 shows weak overall alignment (4.41% text similarity, 0.0% skill match). Missing critical requirements: [AWS, Docker, Git, Machine Learning, NLP, NumPy, Pandas, Python, SQL, Scikit-learn]."
382,CAND_395,TEACHER,4.4,0.0,2.64,,"AWS, Docker, Git, Machine Learning, NLP, NumPy, Pandas, Python, SQL, Scikit-learn","Candidate CAND_395 shows weak overall alignment (4.4% text similarity, 0.0% skill match). Missing critical requirements: [AWS, Docker, Git, Machine Learning, NLP, NumPy, Pandas, Python, SQL, Scikit-learn]."
383,CAND_2396,AVIATION,4.39,0.0,2.63,,"AWS, Docker, Git, Machine Learning, NLP, NumPy, Pandas, Python, SQL, Scikit-learn","Candidate CAND_2396 shows weak overall alignment (4.39% text similarity, 0.0% skill match). Missing critical requirements: [AWS, Docker, Git, Machine Learning, NLP, NumPy, Pandas, Python, SQL, Scikit-learn]."
384,CAND_1716,ENGINEERING,4.37,0.0,2.62,,"AWS, Docker, Git, Machine Learning, NLP, NumPy, Pandas, Python, SQL, Scikit-learn","Candidate CAND_1716 shows weak overall alignment (4.37% text similarity, 0.0% skill match). Missing critical requirements: [AWS, Docker, Git, Machine Learning, NLP, NumPy, Pandas, Python, SQL, Scikit-learn]."
385,CAND_431,TEACHER,4.35,0.0,2.61,,"AWS, Docker, Git, Machine Learning, NLP, NumPy, Pandas, Python, SQL, Scikit-learn","Candidate CAND_431 shows weak overall alignment (4.35% text similarity, 0.0% skill match). Missing critical requirements: [AWS, Docker, Git, Machine Learning, NLP, NumPy, Pandas, Python, SQL, Scikit-learn]."
386,CAND_155,DESIGNER,4.33,0.0,2.6,,"AWS, Docker, Git, Machine Learning, NLP, NumPy, Pandas, Python, SQL, Scikit-learn","Candidate CAND_155 shows weak overall alignment (4.33% text similarity, 0.0% skill match). Missing critical requirements: [AWS, Docker, Git, Machine Learning, NLP, NumPy, Pandas, Python, SQL, Scikit-learn]."
387,CAND_1783,ENGINEERING,4.28,0.0,2.57,,"AWS, Docker, Git, Machine Learning, NLP, NumPy, Pandas, Python, SQL, Scikit-learn","Candidate CAND_1783 shows weak overall alignment (4.28% text similarity, 0.0% skill match). Missing critical requirements: [AWS, Docker, Git, Machine Learning, NLP, NumPy, Pandas, Python, SQL, Scikit-learn]."
388,CAND_1632,APPAREL,4.26,0.0,2.56,,"AWS, Docker, Git, Machine Learning, NLP, NumPy, Pandas, Python, SQL, Scikit-learn","Candidate CAND_1632 shows weak overall alignment (4.26% text similarity, 0.0% skill match). Missing critical requirements: [AWS, Docker, Git, Machine Learning, NLP, NumPy, Pandas, Python, SQL, Scikit-learn]."
389,CAND_2000,CONSTRUCTION,4.27,0.0,2.56,,"AWS, Docker, Git, Machine Learning, NLP, NumPy, Pandas, Python, SQL, Scikit-learn","Candidate CAND_2000 shows weak overall alignment (4.27% text similarity, 0.0% skill match). Missing critical requirements: [AWS, Docker, Git, Machine Learning, NLP, NumPy, Pandas, Python, SQL, Scikit-learn]."
390,CAND_352,TEACHER,4.27,0.0,2.56,,"AWS, Docker, Git, Machine Learning, NLP, NumPy, Pandas, Python, SQL, Scikit-learn","Candidate CAND_352 shows weak overall alignment (4.27% text similarity, 0.0% skill match). Missing critical requirements: [AWS, Docker, Git, Machine Learning, NLP, NumPy, Pandas, Python, SQL, Scikit-learn]."
391,CAND_917,AGRICULTURE,4.27,0.0,2.56,,"AWS, Docker, Git, Machine Learning, NLP, NumPy, Pandas, Python, SQL, Scikit-learn","Candidate CAND_917 shows weak overall alignment (4.27% text similarity, 0.0% skill match). Missing critical requirements: [AWS, Docker, Git, Machine Learning, NLP, NumPy, Pandas, Python, SQL, Scikit-learn]."
392,CAND_556,ADVOCATE,4.25,0.0,2.55,,"AWS, Docker, Git, Machine Learning, NLP, NumPy, Pandas, Python, SQL, Scikit-learn","Candidate CAND_556 shows weak overall alignment (4.25% text similarity, 0.0% skill match). Missing critical requirements: [AWS, Docker, Git, Machine Learning, NLP, NumPy, Pandas, Python, SQL, Scikit-learn]."
393,CAND_1708,ENGINEERING,4.25,0.0,2.55,,"AWS, Docker, Git, Machine Learning, NLP, NumPy, Pandas, Python, SQL, Scikit-learn","Candidate CAND_1708 shows weak overall alignment (4.25% text similarity, 0.0% skill match). Missing critical requirements: [AWS, Docker, Git, Machine Learning, NLP, NumPy, Pandas, Python, SQL, Scikit-learn]."
394,CAND_2451,AVIATION,4.23,0.0,2.54,,"AWS, Docker, Git, Machine Learning, NLP, NumPy, Pandas, Python, SQL, Scikit-learn","Candidate CAND_2451 shows weak overall alignment (4.23% text similarity, 0.0% skill match). Missing critical requirements: [AWS, Docker, Git, Machine Learning, NLP, NumPy, Pandas, Python, SQL, Scikit-learn]."
395,CAND_1722,ENGINEERING,4.21,0.0,2.53,,"AWS, Docker, Git, Machine Learning, NLP, NumPy, Pandas, Python, SQL, Scikit-learn","Candidate CAND_1722 shows weak overall alignment (4.21% text similarity, 0.0% skill match). Missing critical requirements: [AWS, Docker, Git, Machine Learning, NLP, NumPy, Pandas, Python, SQL, Scikit-learn]."
396,CAND_104,HR,4.22,0.0,2.53,,"AWS, Docker, Git, Machine Learning, NLP, NumPy, Pandas, Python, SQL, Scikit-learn","Candidate CAND_104 shows weak overall alignment (4.22% text similarity, 0.0% skill match). Missing critical requirements: [AWS, Docker, Git, Machine Learning, NLP, NumPy, Pandas, Python, SQL, Scikit-learn]."
397,CAND_438,TEACHER,4.21,0.0,2.53,,"AWS, Docker, Git, Machine Learning, NLP, NumPy, Pandas, Python, SQL, Scikit-learn","Candidate CAND_438 shows weak overall alignment (4.21% text similarity, 0.0% skill match). Missing critical requirements: [AWS, Docker, Git, Machine Learning, NLP, NumPy, Pandas, Python, SQL, Scikit-learn]."
398,CAND_1768,ENGINEERING,4.2,0.0,2.52,,"AWS, Docker, Git, Machine Learning, NLP, NumPy, Pandas, Python, SQL, Scikit-learn","Candidate CAND_1768 shows weak overall alignment (4.2% text similarity, 0.0% skill match). Missing critical requirements: [AWS, Docker, Git, Machine Learning, NLP, NumPy, Pandas, Python, SQL, Scikit-learn]."
399,CAND_1681,APPAREL,4.19,0.0,2.51,,"AWS, Docker, Git, Machine Learning, NLP, NumPy, Pandas, Python, SQL, Scikit-learn","Candidate CAND_1681 shows weak overall alignment (4.19% text similarity, 0.0% skill match). Missing critical requirements: [AWS, Docker, Git, Machine Learning, NLP, NumPy, Pandas, Python, SQL, Scikit-learn]."
400,CAND_390,TEACHER,4.17,0.0,2.5,,"AWS, Docker, Git, Machine Learning, NLP, NumPy, Pandas, Python, SQL, Scikit-learn","Candidate CAND_390 shows weak overall alignment (4.17% text similarity, 0.0% skill match). Missing critical requirements: [AWS, Docker, Git, Machine Learning, NLP, NumPy, Pandas, Python, SQL, Scikit-learn]."
401,CAND_624,BUSINESS-DEVELOPMENT,4.15,0.0,2.49,,"AWS, Docker, Git, Machine Learning, NLP, NumPy, Pandas, Python, SQL, Scikit-learn","Candidate CAND_624 shows weak overall alignment (4.15% text similarity, 0.0% skill match). Missing critical requirements: [AWS, Docker, Git, Machine Learning, NLP, NumPy, Pandas, Python, SQL, Scikit-learn]."
402,CAND_2009,CONSTRUCTION,4.14,0.0,2.48,,"AWS, Docker, Git, Machine Learning, NLP, NumPy, Pandas, Python, SQL, Scikit-learn","Candidate CAND_2009 shows weak overall alignment (4.14% text similarity, 0.0% skill match). Missing critical requirements: [AWS, Docker, Git, Machine Learning, NLP, NumPy, Pandas, Python, SQL, Scikit-learn]."
403,CAND_1744,ENGINEERING,4.11,0.0,2.47,,"AWS, Docker, Git, Machine Learning, NLP, NumPy, Pandas, Python, SQL, Scikit-learn","Candidate CAND_1744 shows weak overall alignment (4.11% text similarity, 0.0% skill match). Missing critical requirements: [AWS, Docker, Git, Machine Learning, NLP, NumPy, Pandas, Python, SQL, Scikit-learn]."
404,CAND_1459,CHEF,4.12,0.0,2.47,,"AWS, Docker, Git, Machine Learning, NLP, NumPy, Pandas, Python, SQL, Scikit-learn","Candidate CAND_1459 shows weak overall alignment (4.12% text similarity, 0.0% skill match). Missing critical requirements: [AWS, Docker, Git, Machine Learning, NLP, NumPy, Pandas, Python, SQL, Scikit-learn]."
405,CAND_1144,CONSULTANT,4.1,0.0,2.46,,"AWS, Docker, Git, Machine Learning, NLP, NumPy, Pandas, Python, SQL, Scikit-learn","Candidate CAND_1144 shows weak overall alignment (4.1% text similarity, 0.0% skill match). Missing critical requirements: [AWS, Docker, Git, Machine Learning, NLP, NumPy, Pandas, Python, SQL, Scikit-learn]."
406,CAND_1745,ENGINEERING,4.1,0.0,2.46,,"AWS, Docker, Git, Machine Learning, NLP, NumPy, Pandas, Python, SQL, Scikit-learn","Candidate CAND_1745 shows weak overall alignment (4.1% text similarity, 0.0% skill match). Missing critical requirements: [AWS, Docker, Git, Machine Learning, NLP, NumPy, Pandas, Python, SQL, Scikit-learn]."
407,CAND_638,BUSINESS-DEVELOPMENT,4.08,0.0,2.45,,"AWS, Docker, Git, Machine Learning, NLP, NumPy, Pandas, Python, SQL, Scikit-learn","Candidate CAND_638 shows weak overall alignment (4.08% text similarity, 0.0% skill match). Missing critical requirements: [AWS, Docker, Git, Machine Learning, NLP, NumPy, Pandas, Python, SQL, Scikit-learn]."
408,CAND_1155,CONSULTANT,4.06,0.0,2.44,,"AWS, Docker, Git, Machine Learning, NLP, NumPy, Pandas, Python, SQL, Scikit-learn","Candidate CAND_1155 shows weak overall alignment (4.06% text similarity, 0.0% skill match). Missing critical requirements: [AWS, Docker, Git, Machine Learning, NLP, NumPy, Pandas, Python, SQL, Scikit-learn]."
409,CAND_474,ADVOCATE,4.07,0.0,2.44,,"AWS, Docker, Git, Machine Learning, NLP, NumPy, Pandas, Python, SQL, Scikit-learn","Candidate CAND_474 shows weak overall alignment (4.07% text similarity, 0.0% skill match). Missing critical requirements: [AWS, Docker, Git, Machine Learning, NLP, NumPy, Pandas, Python, SQL, Scikit-learn]."
410,CAND_2264,ARTS,4.06,0.0,2.44,,"AWS, Docker, Git, Machine Learning, NLP, NumPy, Pandas, Python, SQL, Scikit-learn","Candidate CAND_2264 shows weak overall alignment (4.06% text similarity, 0.0% skill match). Missing critical requirements: [AWS, Docker, Git, Machine Learning, NLP, NumPy, Pandas, Python, SQL, Scikit-learn]."
411,CAND_849,FITNESS,4.03,0.0,2.42,,"AWS, Docker, Git, Machine Learning, NLP, NumPy, Pandas, Python, SQL, Scikit-learn","Candidate CAND_849 shows weak overall alignment (4.03% text similarity, 0.0% skill match). Missing critical requirements: [AWS, Docker, Git, Machine Learning, NLP, NumPy, Pandas, Python, SQL, Scikit-learn]."
412,CAND_1705,ENGINEERING,4.02,0.0,2.41,,"AWS, Docker, Git, Machine Learning, NLP, NumPy, Pandas, Python, SQL, Scikit-learn","Candidate CAND_1705 shows weak overall alignment (4.02% text similarity, 0.0% skill match). Missing critical requirements: [AWS, Docker, Git, Machine Learning, NLP, NumPy, Pandas, Python, SQL, Scikit-learn]."
413,CAND_1942,CONSTRUCTION,4.0,0.0,2.4,,"AWS, Docker, Git, Machine Learning, NLP, NumPy, Pandas, Python, SQL, Scikit-learn","Candidate CAND_1942 shows weak overall alignment (4.0% text similarity, 0.0% skill match). Missing critical requirements: [AWS, Docker, Git, Machine Learning, NLP, NumPy, Pandas, Python, SQL, Scikit-learn]."
414,CAND_2463,AVIATION,3.93,0.0,2.36,,"AWS, Docker, Git, Machine Learning, NLP, NumPy, Pandas, Python, SQL, Scikit-learn","Candidate CAND_2463 shows weak overall alignment (3.93% text similarity, 0.0% skill match). Missing critical requirements: [AWS, Docker, Git, Machine Learning, NLP, NumPy, Pandas, Python, SQL, Scikit-learn]."
415,CAND_380,TEACHER,3.93,0.0,2.36,,"AWS, Docker, Git, Machine Learning, NLP, NumPy, Pandas, Python, SQL, Scikit-learn","Candidate CAND_380 shows weak overall alignment (3.93% text similarity, 0.0% skill match). Missing critical requirements: [AWS, Docker, Git, Machine Learning, NLP, NumPy, Pandas, Python, SQL, Scikit-learn]."
416,CAND_544,ADVOCATE,3.91,0.0,2.35,,"AWS, Docker, Git, Machine Learning, NLP, NumPy, Pandas, Python, SQL, Scikit-learn","Candidate CAND_544 shows weak overall alignment (3.91% text similarity, 0.0% skill match). Missing critical requirements: [AWS, Docker, Git, Machine Learning, NLP, NumPy, Pandas, Python, SQL, Scikit-learn]."
417,CAND_1752,ENGINEERING,3.9,0.0,2.34,,"AWS, Docker, Git, Machine Learning, NLP, NumPy, Pandas, Python, SQL, Scikit-learn","Candidate CAND_1752 shows weak overall alignment (3.9% text similarity, 0.0% skill match). Missing critical requirements: [AWS, Docker, Git, Machine Learning, NLP, NumPy, Pandas, Python, SQL, Scikit-learn]."
418,CAND_2200,BANKING,3.89,0.0,2.33,,"AWS, Docker, Git, Machine Learning, NLP, NumPy, Pandas, Python, SQL, Scikit-learn","Candidate CAND_2200 shows weak overall alignment (3.89% text similarity, 0.0% skill match). Missing critical requirements: [AWS, Docker, Git, Machine Learning, NLP, NumPy, Pandas, Python, SQL, Scikit-learn]."
419,CAND_377,TEACHER,3.85,0.0,2.31,,"AWS, Docker, Git, Machine Learning, NLP, NumPy, Pandas, Python, SQL, Scikit-learn","Candidate CAND_377 shows weak overall alignment (3.85% text similarity, 0.0% skill match). Missing critical requirements: [AWS, Docker, Git, Machine Learning, NLP, NumPy, Pandas, Python, SQL, Scikit-learn]."
420,CAND_1527,FINANCE,3.84,0.0,2.3,,"AWS, Docker, Git, Machine Learning, NLP, NumPy, Pandas, Python, SQL, Scikit-learn","Candidate CAND_1527 shows weak overall alignment (3.84% text similarity, 0.0% skill match). Missing critical requirements: [AWS, Docker, Git, Machine Learning, NLP, NumPy, Pandas, Python, SQL, Scikit-learn]."
421,CAND_115,DESIGNER,3.83,0.0,2.3,,"AWS, Docker, Git, Machine Learning, NLP, NumPy, Pandas, Python, SQL, Scikit-learn","Candidate CAND_115 shows weak overall alignment (3.83% text similarity, 0.0% skill match). Missing critical requirements: [AWS, Docker, Git, Machine Learning, NLP, NumPy, Pandas, Python, SQL, Scikit-learn]."
422,CAND_2029,CONSTRUCTION,3.82,0.0,2.29,,"AWS, Docker, Git, Machine Learning, NLP, NumPy, Pandas, Python, SQL, Scikit-learn","Candidate CAND_2029 shows weak overall alignment (3.82% text similarity, 0.0% skill match). Missing critical requirements: [AWS, Docker, Git, Machine Learning, NLP, NumPy, Pandas, Python, SQL, Scikit-learn]."
423,CAND_1963,CONSTRUCTION,3.82,0.0,2.29,,"AWS, Docker, Git, Machine Learning, NLP, NumPy, Pandas, Python, SQL, Scikit-learn","Candidate CAND_1963 shows weak overall alignment (3.82% text similarity, 0.0% skill match). Missing critical requirements: [AWS, Docker, Git, Machine Learning, NLP, NumPy, Pandas, Python, SQL, Scikit-learn]."
424,CAND_363,TEACHER,3.81,0.0,2.29,,"AWS, Docker, Git, Machine Learning, NLP, NumPy, Pandas, Python, SQL, Scikit-learn","Candidate CAND_363 shows weak overall alignment (3.81% text similarity, 0.0% skill match). Missing critical requirements: [AWS, Docker, Git, Machine Learning, NLP, NumPy, Pandas, Python, SQL, Scikit-learn]."
425,CAND_684,HEALTHCARE,3.8,0.0,2.28,,"AWS, Docker, Git, Machine Learning, NLP, NumPy, Pandas, Python, SQL, Scikit-learn","Candidate CAND_684 shows weak overall alignment (3.8% text similarity, 0.0% skill match). Missing critical requirements: [AWS, Docker, Git, Machine Learning, NLP, NumPy, Pandas, Python, SQL, Scikit-learn]."
426,CAND_2276,ARTS,3.8,0.0,2.28,,"AWS, Docker, Git, Machine Learning, NLP, NumPy, Pandas, Python, SQL, Scikit-learn","Candidate CAND_2276 shows weak overall alignment (3.8% text similarity, 0.0% skill match). Missing critical requirements: [AWS, Docker, Git, Machine Learning, NLP, NumPy, Pandas, Python, SQL, Scikit-learn]."
427,CAND_2310,ARTS,3.78,0.0,2.27,,"AWS, Docker, Git, Machine Learning, NLP, NumPy, Pandas, Python, SQL, Scikit-learn","Candidate CAND_2310 shows weak overall alignment (3.78% text similarity, 0.0% skill match). Missing critical requirements: [AWS, Docker, Git, Machine Learning, NLP, NumPy, Pandas, Python, SQL, Scikit-learn]."
428,CAND_1774,ENGINEERING,3.77,0.0,2.26,,"AWS, Docker, Git, Machine Learning, NLP, NumPy, Pandas, Python, SQL, Scikit-learn","Candidate CAND_1774 shows weak overall alignment (3.77% text similarity, 0.0% skill match). Missing critical requirements: [AWS, Docker, Git, Machine Learning, NLP, NumPy, Pandas, Python, SQL, Scikit-learn]."
429,CAND_510,ADVOCATE,3.77,0.0,2.26,,"AWS, Docker, Git, Machine Learning, NLP, NumPy, Pandas, Python, SQL, Scikit-learn","Candidate CAND_510 shows weak overall alignment (3.77% text similarity, 0.0% skill match). Missing critical requirements: [AWS, Docker, Git, Machine Learning, NLP, NumPy, Pandas, Python, SQL, Scikit-learn]."
430,CAND_1765,ENGINEERING,3.76,0.0,2.26,,"AWS, Docker, Git, Machine Learning, NLP, NumPy, Pandas, Python, SQL, Scikit-learn","Candidate CAND_1765 shows weak overall alignment (3.76% text similarity, 0.0% skill match). Missing critical requirements: [AWS, Docker, Git, Machine Learning, NLP, NumPy, Pandas, Python, SQL, Scikit-learn]."
431,CAND_358,TEACHER,3.73,0.0,2.24,,"AWS, Docker, Git, Machine Learning, NLP, NumPy, Pandas, Python, SQL, Scikit-learn","Candidate CAND_358 shows weak overall alignment (3.73% text similarity, 0.0% skill match). Missing critical requirements: [AWS, Docker, Git, Machine Learning, NLP, NumPy, Pandas, Python, SQL, Scikit-learn]."
432,CAND_186,DESIGNER,3.72,0.0,2.23,,"AWS, Docker, Git, Machine Learning, NLP, NumPy, Pandas, Python, SQL, Scikit-learn","Candidate CAND_186 shows weak overall alignment (3.72% text similarity, 0.0% skill match). Missing critical requirements: [AWS, Docker, Git, Machine Learning, NLP, NumPy, Pandas, Python, SQL, Scikit-learn]."
433,CAND_1472,CHEF,3.71,0.0,2.23,,"AWS, Docker, Git, Machine Learning, NLP, NumPy, Pandas, Python, SQL, Scikit-learn","Candidate CAND_1472 shows weak overall alignment (3.71% text similarity, 0.0% skill match). Missing critical requirements: [AWS, Docker, Git, Machine Learning, NLP, NumPy, Pandas, Python, SQL, Scikit-learn]."
434,CAND_2426,AVIATION,3.72,0.0,2.23,,"AWS, Docker, Git, Machine Learning, NLP, NumPy, Pandas, Python, SQL, Scikit-learn","Candidate CAND_2426 shows weak overall alignment (3.72% text similarity, 0.0% skill match). Missing critical requirements: [AWS, Docker, Git, Machine Learning, NLP, NumPy, Pandas, Python, SQL, Scikit-learn]."
435,CAND_1052,SALES,3.7,0.0,2.22,,"AWS, Docker, Git, Machine Learning, NLP, NumPy, Pandas, Python, SQL, Scikit-learn","Candidate CAND_1052 shows weak overall alignment (3.7% text similarity, 0.0% skill match). Missing critical requirements: [AWS, Docker, Git, Machine Learning, NLP, NumPy, Pandas, Python, SQL, Scikit-learn]."
436,CAND_980,BPO,3.66,0.0,2.2,,"AWS, Docker, Git, Machine Learning, NLP, NumPy, Pandas, Python, SQL, Scikit-learn","Candidate CAND_980 shows weak overall alignment (3.66% text similarity, 0.0% skill match). Missing critical requirements: [AWS, Docker, Git, Machine Learning, NLP, NumPy, Pandas, Python, SQL, Scikit-learn]."
437,CAND_064,HR,3.67,0.0,2.2,,"AWS, Docker, Git, Machine Learning, NLP, NumPy, Pandas, Python, SQL, Scikit-learn","Candidate CAND_064 shows weak overall alignment (3.67% text similarity, 0.0% skill match). Missing critical requirements: [AWS, Docker, Git, Machine Learning, NLP, NumPy, Pandas, Python, SQL, Scikit-learn]."
438,CAND_175,DESIGNER,3.64,0.0,2.18,,"AWS, Docker, Git, Machine Learning, NLP, NumPy, Pandas, Python, SQL, Scikit-learn","Candidate CAND_175 shows weak overall alignment (3.64% text similarity, 0.0% skill match). Missing critical requirements: [AWS, Docker, Git, Machine Learning, NLP, NumPy, Pandas, Python, SQL, Scikit-learn]."
439,CAND_1792,ENGINEERING,3.62,0.0,2.17,,"AWS, Docker, Git, Machine Learning, NLP, NumPy, Pandas, Python, SQL, Scikit-learn","Candidate CAND_1792 shows weak overall alignment (3.62% text similarity, 0.0% skill match). Missing critical requirements: [AWS, Docker, Git, Machine Learning, NLP, NumPy, Pandas, Python, SQL, Scikit-learn]."
440,CAND_1730,ENGINEERING,3.6,0.0,2.16,,"AWS, Docker, Git, Machine Learning, NLP, NumPy, Pandas, Python, SQL, Scikit-learn","Candidate CAND_1730 shows weak overall alignment (3.6% text similarity, 0.0% skill match). Missing critical requirements: [AWS, Docker, Git, Machine Learning, NLP, NumPy, Pandas, Python, SQL, Scikit-learn]."
441,CAND_1643,APPAREL,3.59,0.0,2.15,,"AWS, Docker, Git, Machine Learning, NLP, NumPy, Pandas, Python, SQL, Scikit-learn","Candidate CAND_1643 shows weak overall alignment (3.59% text similarity, 0.0% skill match). Missing critical requirements: [AWS, Docker, Git, Machine Learning, NLP, NumPy, Pandas, Python, SQL, Scikit-learn]."
442,CAND_1776,ENGINEERING,3.58,0.0,2.15,,"AWS, Docker, Git, Machine Learning, NLP, NumPy, Pandas, Python, SQL, Scikit-learn","Candidate CAND_1776 shows weak overall alignment (3.58% text similarity, 0.0% skill match). Missing critical requirements: [AWS, Docker, Git, Machine Learning, NLP, NumPy, Pandas, Python, SQL, Scikit-learn]."
443,CAND_722,HEALTHCARE,3.59,0.0,2.15,,"AWS, Docker, Git, Machine Learning, NLP, NumPy, Pandas, Python, SQL, Scikit-learn","Candidate CAND_722 shows weak overall alignment (3.59% text similarity, 0.0% skill match). Missing critical requirements: [AWS, Docker, Git, Machine Learning, NLP, NumPy, Pandas, Python, SQL, Scikit-learn]."
444,CAND_2438,AVIATION,3.59,0.0,2.15,,"AWS, Docker, Git, Machine Learning, NLP, NumPy, Pandas, Python, SQL, Scikit-learn","Candidate CAND_2438 shows weak overall alignment (3.59% text similarity, 0.0% skill match). Missing critical requirements: [AWS, Docker, Git, Machine Learning, NLP, NumPy, Pandas, Python, SQL, Scikit-learn]."
445,CAND_1747,ENGINEERING,3.59,0.0,2.15,,"AWS, Docker, Git, Machine Learning, NLP, NumPy, Pandas, Python, SQL, Scikit-learn","Candidate CAND_1747 shows weak overall alignment (3.59% text similarity, 0.0% skill match). Missing critical requirements: [AWS, Docker, Git, Machine Learning, NLP, NumPy, Pandas, Python, SQL, Scikit-learn]."
446,CAND_1692,ENGINEERING,3.59,0.0,2.15,,"AWS, Docker, Git, Machine Learning, NLP, NumPy, Pandas, Python, SQL, Scikit-learn","Candidate CAND_1692 shows weak overall alignment (3.59% text similarity, 0.0% skill match). Missing critical requirements: [AWS, Docker, Git, Machine Learning, NLP, NumPy, Pandas, Python, SQL, Scikit-learn]."
447,CAND_415,TEACHER,3.57,0.0,2.14,,"AWS, Docker, Git, Machine Learning, NLP, NumPy, Pandas, Python, SQL, Scikit-learn","Candidate CAND_415 shows weak overall alignment (3.57% text similarity, 0.0% skill match). Missing critical requirements: [AWS, Docker, Git, Machine Learning, NLP, NumPy, Pandas, Python, SQL, Scikit-learn]."
448,CAND_1950,CONSTRUCTION,3.53,0.0,2.12,,"AWS, Docker, Git, Machine Learning, NLP, NumPy, Pandas, Python, SQL, Scikit-learn","Candidate CAND_1950 shows weak overall alignment (3.53% text similarity, 0.0% skill match). Missing critical requirements: [AWS, Docker, Git, Machine Learning, NLP, NumPy, Pandas, Python, SQL, Scikit-learn]."
449,CAND_108,HR,3.51,0.0,2.11,,"AWS, Docker, Git, Machine Learning, NLP, NumPy, Pandas, Python, SQL, Scikit-learn","Candidate CAND_108 shows weak overall alignment (3.51% text similarity, 0.0% skill match). Missing critical requirements: [AWS, Docker, Git, Machine Learning, NLP, NumPy, Pandas, Python, SQL, Scikit-learn]."
450,CAND_435,TEACHER,3.52,0.0,2.11,,"AWS, Docker, Git, Machine Learning, NLP, NumPy, Pandas, Python, SQL, Scikit-learn","Candidate CAND_435 shows weak overall alignment (3.52% text similarity, 0.0% skill match). Missing critical requirements: [AWS, Docker, Git, Machine Learning, NLP, NumPy, Pandas, Python, SQL, Scikit-learn]."
451,CAND_340,TEACHER,3.52,0.0,2.11,,"AWS, Docker, Git, Machine Learning, NLP, NumPy, Pandas, Python, SQL, Scikit-learn","Candidate CAND_340 shows weak overall alignment (3.52% text similarity, 0.0% skill match). Missing critical requirements: [AWS, Docker, Git, Machine Learning, NLP, NumPy, Pandas, Python, SQL, Scikit-learn]."
452,CAND_411,TEACHER,3.52,0.0,2.11,,"AWS, Docker, Git, Machine Learning, NLP, NumPy, Pandas, Python, SQL, Scikit-learn","Candidate CAND_411 shows weak overall alignment (3.52% text similarity, 0.0% skill match). Missing critical requirements: [AWS, Docker, Git, Machine Learning, NLP, NumPy, Pandas, Python, SQL, Scikit-learn]."
453,CAND_2142,PUBLIC-RELATIONS,3.5,0.0,2.1,,"AWS, Docker, Git, Machine Learning, NLP, NumPy, Pandas, Python, SQL, Scikit-learn","Candidate CAND_2142 shows weak overall alignment (3.5% text similarity, 0.0% skill match). Missing critical requirements: [AWS, Docker, Git, Machine Learning, NLP, NumPy, Pandas, Python, SQL, Scikit-learn]."
454,CAND_588,BUSINESS-DEVELOPMENT,3.5,0.0,2.1,,"AWS, Docker, Git, Machine Learning, NLP, NumPy, Pandas, Python, SQL, Scikit-learn","Candidate CAND_588 shows weak overall alignment (3.5% text similarity, 0.0% skill match). Missing critical requirements: [AWS, Docker, Git, Machine Learning, NLP, NumPy, Pandas, Python, SQL, Scikit-learn]."
455,CAND_833,FITNESS,3.5,0.0,2.1,,"AWS, Docker, Git, Machine Learning, NLP, NumPy, Pandas, Python, SQL, Scikit-learn","Candidate CAND_833 shows weak overall alignment (3.5% text similarity, 0.0% skill match). Missing critical requirements: [AWS, Docker, Git, Machine Learning, NLP, NumPy, Pandas, Python, SQL, Scikit-learn]."
456,CAND_2381,AVIATION,3.49,0.0,2.09,,"AWS, Docker, Git, Machine Learning, NLP, NumPy, Pandas, Python, SQL, Scikit-learn","Candidate CAND_2381 shows weak overall alignment (3.49% text similarity, 0.0% skill match). Missing critical requirements: [AWS, Docker, Git, Machine Learning, NLP, NumPy, Pandas, Python, SQL, Scikit-learn]."
457,CAND_2331,ARTS,3.46,0.0,2.08,,"AWS, Docker, Git, Machine Learning, NLP, NumPy, Pandas, Python, SQL, Scikit-learn","Candidate CAND_2331 shows weak overall alignment (3.46% text similarity, 0.0% skill match). Missing critical requirements: [AWS, Docker, Git, Machine Learning, NLP, NumPy, Pandas, Python, SQL, Scikit-learn]."
458,CAND_2424,AVIATION,3.47,0.0,2.08,,"AWS, Docker, Git, Machine Learning, NLP, NumPy, Pandas, Python, SQL, Scikit-learn","Candidate CAND_2424 shows weak overall alignment (3.47% text similarity, 0.0% skill match). Missing critical requirements: [AWS, Docker, Git, Machine Learning, NLP, NumPy, Pandas, Python, SQL, Scikit-learn]."
459,CAND_1115,CONSULTANT,3.46,0.0,2.08,,"AWS, Docker, Git, Machine Learning, NLP, NumPy, Pandas, Python, SQL, Scikit-learn","Candidate CAND_1115 shows weak overall alignment (3.46% text similarity, 0.0% skill match). Missing critical requirements: [AWS, Docker, Git, Machine Learning, NLP, NumPy, Pandas, Python, SQL, Scikit-learn]."
460,CAND_639,BUSINESS-DEVELOPMENT,3.47,0.0,2.08,,"AWS, Docker, Git, Machine Learning, NLP, NumPy, Pandas, Python, SQL, Scikit-learn","Candidate CAND_639 shows weak overall alignment (3.47% text similarity, 0.0% skill match). Missing critical requirements: [AWS, Docker, Git, Machine Learning, NLP, NumPy, Pandas, Python, SQL, Scikit-learn]."
461,CAND_1685,APPAREL,3.47,0.0,2.08,,"AWS, Docker, Git, Machine Learning, NLP, NumPy, Pandas, Python, SQL, Scikit-learn","Candidate CAND_1685 shows weak overall alignment (3.47% text similarity, 0.0% skill match). Missing critical requirements: [AWS, Docker, Git, Machine Learning, NLP, NumPy, Pandas, Python, SQL, Scikit-learn]."
462,CAND_1064,SALES,3.45,0.0,2.07,,"AWS, Docker, Git, Machine Learning, NLP, NumPy, Pandas, Python, SQL, Scikit-learn","Candidate CAND_1064 shows weak overall alignment (3.45% text similarity, 0.0% skill match). Missing critical requirements: [AWS, Docker, Git, Machine Learning, NLP, NumPy, Pandas, Python, SQL, Scikit-learn]."
463,CAND_1048,SALES,3.42,0.0,2.05,,"AWS, Docker, Git, Machine Learning, NLP, NumPy, Pandas, Python, SQL, Scikit-learn","Candidate CAND_1048 shows weak overall alignment (3.42% text similarity, 0.0% skill match). Missing critical requirements: [AWS, Docker, Git, Machine Learning, NLP, NumPy, Pandas, Python, SQL, Scikit-learn]."
464,CAND_467,ADVOCATE,3.41,0.0,2.05,,"AWS, Docker, Git, Machine Learning, NLP, NumPy, Pandas, Python, SQL, Scikit-learn","Candidate CAND_467 shows weak overall alignment (3.41% text similarity, 0.0% skill match). Missing critical requirements: [AWS, Docker, Git, Machine Learning, NLP, NumPy, Pandas, Python, SQL, Scikit-learn]."
465,CAND_1754,ENGINEERING,3.4,0.0,2.04,,"AWS, Docker, Git, Machine Learning, NLP, NumPy, Pandas, Python, SQL, Scikit-learn","Candidate CAND_1754 shows weak overall alignment (3.4% text similarity, 0.0% skill match). Missing critical requirements: [AWS, Docker, Git, Machine Learning, NLP, NumPy, Pandas, Python, SQL, Scikit-learn]."
466,CAND_420,TEACHER,3.4,0.0,2.04,,"AWS, Docker, Git, Machine Learning, NLP, NumPy, Pandas, Python, SQL, Scikit-learn","Candidate CAND_420 shows weak overall alignment (3.4% text similarity, 0.0% skill match). Missing critical requirements: [AWS, Docker, Git, Machine Learning, NLP, NumPy, Pandas, Python, SQL, Scikit-learn]."
467,CAND_189,DESIGNER,3.39,0.0,2.03,,"AWS, Docker, Git, Machine Learning, NLP, NumPy, Pandas, Python, SQL, Scikit-learn","Candidate CAND_189 shows weak overall alignment (3.39% text similarity, 0.0% skill match). Missing critical requirements: [AWS, Docker, Git, Machine Learning, NLP, NumPy, Pandas, Python, SQL, Scikit-learn]."
468,CAND_403,TEACHER,3.38,0.0,2.03,,"AWS, Docker, Git, Machine Learning, NLP, NumPy, Pandas, Python, SQL, Scikit-learn","Candidate CAND_403 shows weak overall alignment (3.38% text similarity, 0.0% skill match). Missing critical requirements: [AWS, Docker, Git, Machine Learning, NLP, NumPy, Pandas, Python, SQL, Scikit-learn]."
469,CAND_1623,APPAREL,3.36,0.0,2.02,,"AWS, Docker, Git, Machine Learning, NLP, NumPy, Pandas, Python, SQL, Scikit-learn","Candidate CAND_1623 shows weak overall alignment (3.36% text similarity, 0.0% skill match). Missing critical requirements: [AWS, Docker, Git, Machine Learning, NLP, NumPy, Pandas, Python, SQL, Scikit-learn]."
470,CAND_965,AGRICULTURE,3.35,0.0,2.01,,"AWS, Docker, Git, Machine Learning, NLP, NumPy, Pandas, Python, SQL, Scikit-learn","Candidate CAND_965 shows weak overall alignment (3.35% text similarity, 0.0% skill match). Missing critical requirements: [AWS, Docker, Git, Machine Learning, NLP, NumPy, Pandas, Python, SQL, Scikit-learn]."
471,CAND_035,HR,3.34,0.0,2.0,,"AWS, Docker, Git, Machine Learning, NLP, NumPy, Pandas, Python, SQL, Scikit-learn","Candidate CAND_035 shows weak overall alignment (3.34% text similarity, 0.0% skill match). Missing critical requirements: [AWS, Docker, Git, Machine Learning, NLP, NumPy, Pandas, Python, SQL, Scikit-learn]."
472,CAND_124,DESIGNER,3.31,0.0,1.99,,"AWS, Docker, Git, Machine Learning, NLP, NumPy, Pandas, Python, SQL, Scikit-learn","Candidate CAND_124 shows weak overall alignment (3.31% text similarity, 0.0% skill match). Missing critical requirements: [AWS, Docker, Git, Machine Learning, NLP, NumPy, Pandas, Python, SQL, Scikit-learn]."
473,CAND_2273,ARTS,3.31,0.0,1.99,,"AWS, Docker, Git, Machine Learning, NLP, NumPy, Pandas, Python, SQL, Scikit-learn","Candidate CAND_2273 shows weak overall alignment (3.31% text similarity, 0.0% skill match). Missing critical requirements: [AWS, Docker, Git, Machine Learning, NLP, NumPy, Pandas, Python, SQL, Scikit-learn]."
474,CAND_914,AGRICULTURE,3.32,0.0,1.99,,"AWS, Docker, Git, Machine Learning, NLP, NumPy, Pandas, Python, SQL, Scikit-learn","Candidate CAND_914 shows weak overall alignment (3.32% text similarity, 0.0% skill match). Missing critical requirements: [AWS, Docker, Git, Machine Learning, NLP, NumPy, Pandas, Python, SQL, Scikit-learn]."
475,CAND_1245,DIGITAL-MEDIA,3.32,0.0,1.99,,"AWS, Docker, Git, Machine Learning, NLP, NumPy, Pandas, Python, SQL, Scikit-learn","Candidate CAND_1245 shows weak overall alignment (3.32% text similarity, 0.0% skill match). Missing critical requirements: [AWS, Docker, Git, Machine Learning, NLP, NumPy, Pandas, Python, SQL, Scikit-learn]."
476,CAND_929,AGRICULTURE,3.3,0.0,1.98,,"AWS, Docker, Git, Machine Learning, NLP, NumPy, Pandas, Python, SQL, Scikit-learn","Candidate CAND_929 shows weak overall alignment (3.3% text similarity, 0.0% skill match). Missing critical requirements: [AWS, Docker, Git, Machine Learning, NLP, NumPy, Pandas, Python, SQL, Scikit-learn]."
477,CAND_1790,ENGINEERING,3.3,0.0,1.98,,"AWS, Docker, Git, Machine Learning, NLP, NumPy, Pandas, Python, SQL, Scikit-learn","Candidate CAND_1790 shows weak overall alignment (3.3% text similarity, 0.0% skill match). Missing critical requirements: [AWS, Docker, Git, Machine Learning, NLP, NumPy, Pandas, Python, SQL, Scikit-learn]."
478,CAND_2361,ARTS,3.28,0.0,1.97,,"AWS, Docker, Git, Machine Learning, NLP, NumPy, Pandas, Python, SQL, Scikit-learn","Candidate CAND_2361 shows weak overall alignment (3.28% text similarity, 0.0% skill match). Missing critical requirements: [AWS, Docker, Git, Machine Learning, NLP, NumPy, Pandas, Python, SQL, Scikit-learn]."
479,CAND_540,ADVOCATE,3.24,0.0,1.94,,"AWS, Docker, Git, Machine Learning, NLP, NumPy, Pandas, Python, SQL, Scikit-learn","Candidate CAND_540 shows weak overall alignment (3.24% text similarity, 0.0% skill match). Missing critical requirements: [AWS, Docker, Git, Machine Learning, NLP, NumPy, Pandas, Python, SQL, Scikit-learn]."
480,CAND_825,FITNESS,3.23,0.0,1.94,,"AWS, Docker, Git, Machine Learning, NLP, NumPy, Pandas, Python, SQL, Scikit-learn","Candidate CAND_825 shows weak overall alignment (3.23% text similarity, 0.0% skill match). Missing critical requirements: [AWS, Docker, Git, Machine Learning, NLP, NumPy, Pandas, Python, SQL, Scikit-learn]."
481,CAND_1988,CONSTRUCTION,3.24,0.0,1.94,,"AWS, Docker, Git, Machine Learning, NLP, NumPy, Pandas, Python, SQL, Scikit-learn","Candidate CAND_1988 shows weak overall alignment (3.24% text similarity, 0.0% skill match). Missing critical requirements: [AWS, Docker, Git, Machine Learning, NLP, NumPy, Pandas, Python, SQL, Scikit-learn]."
482,CAND_2245,BANKING,3.21,0.0,1.93,,"AWS, Docker, Git, Machine Learning, NLP, NumPy, Pandas, Python, SQL, Scikit-learn","Candidate CAND_2245 shows weak overall alignment (3.21% text similarity, 0.0% skill match). Missing critical requirements: [AWS, Docker, Git, Machine Learning, NLP, NumPy, Pandas, Python, SQL, Scikit-learn]."
483,CAND_1718,ENGINEERING,3.2,0.0,1.92,,"AWS, Docker, Git, Machine Learning, NLP, NumPy, Pandas, Python, SQL, Scikit-learn","Candidate CAND_1718 shows weak overall alignment (3.2% text similarity, 0.0% skill match). Missing critical requirements: [AWS, Docker, Git, Machine Learning, NLP, NumPy, Pandas, Python, SQL, Scikit-learn]."
484,CAND_385,TEACHER,3.2,0.0,1.92,,"AWS, Docker, Git, Machine Learning, NLP, NumPy, Pandas, Python, SQL, Scikit-learn","Candidate CAND_385 shows weak overall alignment (3.2% text similarity, 0.0% skill match). Missing critical requirements: [AWS, Docker, Git, Machine Learning, NLP, NumPy, Pandas, Python, SQL, Scikit-learn]."
485,CAND_593,BUSINESS-DEVELOPMENT,3.15,0.0,1.89,,"AWS, Docker, Git, Machine Learning, NLP, NumPy, Pandas, Python, SQL, Scikit-learn","Candidate CAND_593 shows weak overall alignment (3.15% text similarity, 0.0% skill match). Missing critical requirements: [AWS, Docker, Git, Machine Learning, NLP, NumPy, Pandas, Python, SQL, Scikit-learn]."
486,CAND_2412,AVIATION,3.15,0.0,1.89,,"AWS, Docker, Git, Machine Learning, NLP, NumPy, Pandas, Python, SQL, Scikit-learn","Candidate CAND_2412 shows weak overall alignment (3.15% text similarity, 0.0% skill match). Missing critical requirements: [AWS, Docker, Git, Machine Learning, NLP, NumPy, Pandas, Python, SQL, Scikit-learn]."
487,CAND_1953,CONSTRUCTION,3.13,0.0,1.88,,"AWS, Docker, Git, Machine Learning, NLP, NumPy, Pandas, Python, SQL, Scikit-learn","Candidate CAND_1953 shows weak overall alignment (3.13% text similarity, 0.0% skill match). Missing critical requirements: [AWS, Docker, Git, Machine Learning, NLP, NumPy, Pandas, Python, SQL, Scikit-learn]."
488,CAND_2471,AVIATION,3.14,0.0,1.88,,"AWS, Docker, Git, Machine Learning, NLP, NumPy, Pandas, Python, SQL, Scikit-learn","Candidate CAND_2471 shows weak overall alignment (3.14% text similarity, 0.0% skill match). Missing critical requirements: [AWS, Docker, Git, Machine Learning, NLP, NumPy, Pandas, Python, SQL, Scikit-learn]."
489,CAND_371,TEACHER,3.12,0.0,1.87,,"AWS, Docker, Git, Machine Learning, NLP, NumPy, Pandas, Python, SQL, Scikit-learn","Candidate CAND_371 shows weak overall alignment (3.12% text similarity, 0.0% skill match). Missing critical requirements: [AWS, Docker, Git, Machine Learning, NLP, NumPy, Pandas, Python, SQL, Scikit-learn]."
490,CAND_542,ADVOCATE,3.1,0.0,1.86,,"AWS, Docker, Git, Machine Learning, NLP, NumPy, Pandas, Python, SQL, Scikit-learn","Candidate CAND_542 shows weak overall alignment (3.1% text similarity, 0.0% skill match). Missing critical requirements: [AWS, Docker, Git, Machine Learning, NLP, NumPy, Pandas, Python, SQL, Scikit-learn]."
491,CAND_009,HR,3.1,0.0,1.86,,"AWS, Docker, Git, Machine Learning, NLP, NumPy, Pandas, Python, SQL, Scikit-learn","Candidate CAND_009 shows weak overall alignment (3.1% text similarity, 0.0% skill match). Missing critical requirements: [AWS, Docker, Git, Machine Learning, NLP, NumPy, Pandas, Python, SQL, Scikit-learn]."
492,CAND_529,ADVOCATE,3.09,0.0,1.85,,"AWS, Docker, Git, Machine Learning, NLP, NumPy, Pandas, Python, SQL, Scikit-learn","Candidate CAND_529 shows weak overall alignment (3.09% text similarity, 0.0% skill match). Missing critical requirements: [AWS, Docker, Git, Machine Learning, NLP, NumPy, Pandas, Python, SQL, Scikit-learn]."
493,CAND_2383,AVIATION,3.08,0.0,1.85,,"AWS, Docker, Git, Machine Learning, NLP, NumPy, Pandas, Python, SQL, Scikit-learn","Candidate CAND_2383 shows weak overall alignment (3.08% text similarity, 0.0% skill match). Missing critical requirements: [AWS, Docker, Git, Machine Learning, NLP, NumPy, Pandas, Python, SQL, Scikit-learn]."
494,CAND_636,BUSINESS-DEVELOPMENT,3.09,0.0,1.85,,"AWS, Docker, Git, Machine Learning, NLP, NumPy, Pandas, Python, SQL, Scikit-learn","Candidate CAND_636 shows weak overall alignment (3.09% text similarity, 0.0% skill match). Missing critical requirements: [AWS, Docker, Git, Machine Learning, NLP, NumPy, Pandas, Python, SQL, Scikit-learn]."
495,CAND_1576,FINANCE,3.08,0.0,1.85,,"AWS, Docker, Git, Machine Learning, NLP, NumPy, Pandas, Python, SQL, Scikit-learn","Candidate CAND_1576 shows weak overall alignment (3.08% text similarity, 0.0% skill match). Missing critical requirements: [AWS, Docker, Git, Machine Learning, NLP, NumPy, Pandas, Python, SQL, Scikit-learn]."
496,CAND_447,ADVOCATE,3.06,0.0,1.84,,"AWS, Docker, Git, Machine Learning, NLP, NumPy, Pandas, Python, SQL, Scikit-learn","Candidate CAND_447 shows weak overall alignment (3.06% text similarity, 0.0% skill match). Missing critical requirements: [AWS, Docker, Git, Machine Learning, NLP, NumPy, Pandas, Python, SQL, Scikit-learn]."
497,CAND_389,TEACHER,3.06,0.0,1.84,,"AWS, Docker, Git, Machine Learning, NLP, NumPy, Pandas, Python, SQL, Scikit-learn","Candidate CAND_389 shows weak overall alignment (3.06% text similarity, 0.0% skill match). Missing critical requirements: [AWS, Docker, Git, Machine Learning, NLP, NumPy, Pandas, Python, SQL, Scikit-learn]."
498,CAND_1694,ENGINEERING,3.05,0.0,1.83,,"AWS, Docker, Git, Machine Learning, NLP, NumPy, Pandas, Python, SQL, Scikit-learn","Candidate CAND_1694 shows weak overall alignment (3.05% text similarity, 0.0% skill match). Missing critical requirements: [AWS, Docker, Git, Machine Learning, NLP, NumPy, Pandas, Python, SQL, Scikit-learn]."
499,CAND_2188,BANKING,3.05,0.0,1.83,,"AWS, Docker, Git, Machine Learning, NLP, NumPy, Pandas, Python, SQL, Scikit-learn","Candidate CAND_2188 shows weak overall alignment (3.05% text similarity, 0.0% skill match). Missing critical requirements: [AWS, Docker, Git, Machine Learning, NLP, NumPy, Pandas, Python, SQL, Scikit-learn]."
500,CAND_260,INFORMATION-TECHNOLOGY,3.05,0.0,1.83,,"AWS, Docker, Git, Machine Learning, NLP, NumPy, Pandas, Python, SQL, Scikit-learn","Candidate CAND_260 shows weak overall alignment (3.05% text similarity, 0.0% skill match). Missing critical requirements: [AWS, Docker, Git, Machine Learning, NLP, NumPy, Pandas, Python, SQL, Scikit-learn]."
501,CAND_1691,ENGINEERING,3.05,0.0,1.83,,"AWS, Docker, Git, Machine Learning, NLP, NumPy, Pandas, Python, SQL, Scikit-learn","Candidate CAND_1691 shows weak overall alignment (3.05% text similarity, 0.0% skill match). Missing critical requirements: [AWS, Docker, Git, Machine Learning, NLP, NumPy, Pandas, Python, SQL, Scikit-learn]."
502,CAND_2281,ARTS,3.03,0.0,1.82,,"AWS, Docker, Git, Machine Learning, NLP, NumPy, Pandas, Python, SQL, Scikit-learn","Candidate CAND_2281 shows weak overall alignment (3.03% text similarity, 0.0% skill match). Missing critical requirements: [AWS, Docker, Git, Machine Learning, NLP, NumPy, Pandas, Python, SQL, Scikit-learn]."
503,CAND_1728,ENGINEERING,3.01,0.0,1.81,,"AWS, Docker, Git, Machine Learning, NLP, NumPy, Pandas, Python, SQL, Scikit-learn","Candidate CAND_1728 shows weak overall alignment (3.01% text similarity, 0.0% skill match). Missing critical requirements: [AWS, Docker, Git, Machine Learning, NLP, NumPy, Pandas, Python, SQL, Scikit-learn]."
504,CAND_354,TEACHER,3.02,0.0,1.81,,"AWS, Docker, Git, Machine Learning, NLP, NumPy, Pandas, Python, SQL, Scikit-learn","Candidate CAND_354 shows weak overall alignment (3.02% text similarity, 0.0% skill match). Missing critical requirements: [AWS, Docker, Git, Machine Learning, NLP, NumPy, Pandas, Python, SQL, Scikit-learn]."
505,CAND_2311,ARTS,3.0,0.0,1.8,,"AWS, Docker, Git, Machine Learning, NLP, NumPy, Pandas, Python, SQL, Scikit-learn","Candidate CAND_2311 shows weak overall alignment (3.0% text similarity, 0.0% skill match). Missing critical requirements: [AWS, Docker, Git, Machine Learning, NLP, NumPy, Pandas, Python, SQL, Scikit-learn]."
506,CAND_867,FITNESS,3.0,0.0,1.8,,"AWS, Docker, Git, Machine Learning, NLP, NumPy, Pandas, Python, SQL, Scikit-learn","Candidate CAND_867 shows weak overall alignment (3.0% text similarity, 0.0% skill match). Missing critical requirements: [AWS, Docker, Git, Machine Learning, NLP, NumPy, Pandas, Python, SQL, Scikit-learn]."
507,CAND_376,TEACHER,2.98,0.0,1.79,,"AWS, Docker, Git, Machine Learning, NLP, NumPy, Pandas, Python, SQL, Scikit-learn","Candidate CAND_376 shows weak overall alignment (2.98% text similarity, 0.0% skill match). Missing critical requirements: [AWS, Docker, Git, Machine Learning, NLP, NumPy, Pandas, Python, SQL, Scikit-learn]."
508,CAND_1259,DIGITAL-MEDIA,2.98,0.0,1.79,,"AWS, Docker, Git, Machine Learning, NLP, NumPy, Pandas, Python, SQL, Scikit-learn","Candidate CAND_1259 shows weak overall alignment (2.98% text similarity, 0.0% skill match). Missing critical requirements: [AWS, Docker, Git, Machine Learning, NLP, NumPy, Pandas, Python, SQL, Scikit-learn]."
509,CAND_1767,ENGINEERING,2.97,0.0,1.78,,"AWS, Docker, Git, Machine Learning, NLP, NumPy, Pandas, Python, SQL, Scikit-learn","Candidate CAND_1767 shows weak overall alignment (2.97% text similarity, 0.0% skill match). Missing critical requirements: [AWS, Docker, Git, Machine Learning, NLP, NumPy, Pandas, Python, SQL, Scikit-learn]."
510,CAND_381,TEACHER,2.95,0.0,1.77,,"AWS, Docker, Git, Machine Learning, NLP, NumPy, Pandas, Python, SQL, Scikit-learn","Candidate CAND_381 shows weak overall alignment (2.95% text similarity, 0.0% skill match). Missing critical requirements: [AWS, Docker, Git, Machine Learning, NLP, NumPy, Pandas, Python, SQL, Scikit-learn]."
511,CAND_2322,ARTS,2.94,0.0,1.76,,"AWS, Docker, Git, Machine Learning, NLP, NumPy, Pandas, Python, SQL, Scikit-learn","Candidate CAND_2322 shows weak overall alignment (2.94% text similarity, 0.0% skill match). Missing critical requirements: [AWS, Docker, Git, Machine Learning, NLP, NumPy, Pandas, Python, SQL, Scikit-learn]."
512,CAND_1989,CONSTRUCTION,2.94,0.0,1.76,,"AWS, Docker, Git, Machine Learning, NLP, NumPy, Pandas, Python, SQL, Scikit-learn","Candidate CAND_1989 shows weak overall alignment (2.94% text similarity, 0.0% skill match). Missing critical requirements: [AWS, Docker, Git, Machine Learning, NLP, NumPy, Pandas, Python, SQL, Scikit-learn]."
513,CAND_2390,AVIATION,2.92,0.0,1.75,,"AWS, Docker, Git, Machine Learning, NLP, NumPy, Pandas, Python, SQL, Scikit-learn","Candidate CAND_2390 shows weak overall alignment (2.92% text similarity, 0.0% skill match). Missing critical requirements: [AWS, Docker, Git, Machine Learning, NLP, NumPy, Pandas, Python, SQL, Scikit-learn]."
514,CAND_1040,SALES,2.92,0.0,1.75,,"AWS, Docker, Git, Machine Learning, NLP, NumPy, Pandas, Python, SQL, Scikit-learn","Candidate CAND_1040 shows weak overall alignment (2.92% text similarity, 0.0% skill match). Missing critical requirements: [AWS, Docker, Git, Machine Learning, NLP, NumPy, Pandas, Python, SQL, Scikit-learn]."
515,CAND_1981,CONSTRUCTION,2.92,0.0,1.75,,"AWS, Docker, Git, Machine Learning, NLP, NumPy, Pandas, Python, SQL, Scikit-learn","Candidate CAND_1981 shows weak overall alignment (2.92% text similarity, 0.0% skill match). Missing critical requirements: [AWS, Docker, Git, Machine Learning, NLP, NumPy, Pandas, Python, SQL, Scikit-learn]."
516,CAND_2318,ARTS,2.92,0.0,1.75,,"AWS, Docker, Git, Machine Learning, NLP, NumPy, Pandas, Python, SQL, Scikit-learn","Candidate CAND_2318 shows weak overall alignment (2.92% text similarity, 0.0% skill match). Missing critical requirements: [AWS, Docker, Git, Machine Learning, NLP, NumPy, Pandas, Python, SQL, Scikit-learn]."
517,CAND_2302,ARTS,2.88,0.0,1.73,,"AWS, Docker, Git, Machine Learning, NLP, NumPy, Pandas, Python, SQL, Scikit-learn","Candidate CAND_2302 shows weak overall alignment (2.88% text similarity, 0.0% skill match). Missing critical requirements: [AWS, Docker, Git, Machine Learning, NLP, NumPy, Pandas, Python, SQL, Scikit-learn]."
518,CAND_2106,PUBLIC-RELATIONS,2.88,0.0,1.73,,"AWS, Docker, Git, Machine Learning, NLP, NumPy, Pandas, Python, SQL, Scikit-learn","Candidate CAND_2106 shows weak overall alignment (2.88% text similarity, 0.0% skill match). Missing critical requirements: [AWS, Docker, Git, Machine Learning, NLP, NumPy, Pandas, Python, SQL, Scikit-learn]."
519,CAND_812,FITNESS,2.89,0.0,1.73,,"AWS, Docker, Git, Machine Learning, NLP, NumPy, Pandas, Python, SQL, Scikit-learn","Candidate CAND_812 shows weak overall alignment (2.89% text similarity, 0.0% skill match). Missing critical requirements: [AWS, Docker, Git, Machine Learning, NLP, NumPy, Pandas, Python, SQL, Scikit-learn]."
520,CAND_863,FITNESS,2.89,0.0,1.73,,"AWS, Docker, Git, Machine Learning, NLP, NumPy, Pandas, Python, SQL, Scikit-learn","Candidate CAND_863 shows weak overall alignment (2.89% text similarity, 0.0% skill match). Missing critical requirements: [AWS, Docker, Git, Machine Learning, NLP, NumPy, Pandas, Python, SQL, Scikit-learn]."
521,CAND_1746,ENGINEERING,2.88,0.0,1.73,,"AWS, Docker, Git, Machine Learning, NLP, NumPy, Pandas, Python, SQL, Scikit-learn","Candidate CAND_1746 shows weak overall alignment (2.88% text similarity, 0.0% skill match). Missing critical requirements: [AWS, Docker, Git, Machine Learning, NLP, NumPy, Pandas, Python, SQL, Scikit-learn]."
522,CAND_698,HEALTHCARE,2.86,0.0,1.72,,"AWS, Docker, Git, Machine Learning, NLP, NumPy, Pandas, Python, SQL, Scikit-learn","Candidate CAND_698 shows weak overall alignment (2.86% text similarity, 0.0% skill match). Missing critical requirements: [AWS, Docker, Git, Machine Learning, NLP, NumPy, Pandas, Python, SQL, Scikit-learn]."
523,CAND_397,TEACHER,2.85,0.0,1.71,,"AWS, Docker, Git, Machine Learning, NLP, NumPy, Pandas, Python, SQL, Scikit-learn","Candidate CAND_397 shows weak overall alignment (2.85% text similarity, 0.0% skill match). Missing critical requirements: [AWS, Docker, Git, Machine Learning, NLP, NumPy, Pandas, Python, SQL, Scikit-learn]."
524,CAND_388,TEACHER,2.84,0.0,1.7,,"AWS, Docker, Git, Machine Learning, NLP, NumPy, Pandas, Python, SQL, Scikit-learn","Candidate CAND_388 shows weak overall alignment (2.84% text similarity, 0.0% skill match). Missing critical requirements: [AWS, Docker, Git, Machine Learning, NLP, NumPy, Pandas, Python, SQL, Scikit-learn]."
525,CAND_1968,CONSTRUCTION,2.84,0.0,1.7,,"AWS, Docker, Git, Machine Learning, NLP, NumPy, Pandas, Python, SQL, Scikit-learn","Candidate CAND_1968 shows weak overall alignment (2.84% text similarity, 0.0% skill match). Missing critical requirements: [AWS, Docker, Git, Machine Learning, NLP, NumPy, Pandas, Python, SQL, Scikit-learn]."
526,CAND_1962,CONSTRUCTION,2.84,0.0,1.7,,"AWS, Docker, Git, Machine Learning, NLP, NumPy, Pandas, Python, SQL, Scikit-learn","Candidate CAND_1962 shows weak overall alignment (2.84% text similarity, 0.0% skill match). Missing critical requirements: [AWS, Docker, Git, Machine Learning, NLP, NumPy, Pandas, Python, SQL, Scikit-learn]."
527,CAND_167,DESIGNER,2.83,0.0,1.7,,"AWS, Docker, Git, Machine Learning, NLP, NumPy, Pandas, Python, SQL, Scikit-learn","Candidate CAND_167 shows weak overall alignment (2.83% text similarity, 0.0% skill match). Missing critical requirements: [AWS, Docker, Git, Machine Learning, NLP, NumPy, Pandas, Python, SQL, Scikit-learn]."
528,CAND_1599,APPAREL,2.82,0.0,1.69,,"AWS, Docker, Git, Machine Learning, NLP, NumPy, Pandas, Python, SQL, Scikit-learn","Candidate CAND_1599 shows weak overall alignment (2.82% text similarity, 0.0% skill match). Missing critical requirements: [AWS, Docker, Git, Machine Learning, NLP, NumPy, Pandas, Python, SQL, Scikit-learn]."
529,CAND_1057,SALES,2.82,0.0,1.69,,"AWS, Docker, Git, Machine Learning, NLP, NumPy, Pandas, Python, SQL, Scikit-learn","Candidate CAND_1057 shows weak overall alignment (2.82% text similarity, 0.0% skill match). Missing critical requirements: [AWS, Docker, Git, Machine Learning, NLP, NumPy, Pandas, Python, SQL, Scikit-learn]."
530,CAND_1560,FINANCE,2.81,0.0,1.69,,"AWS, Docker, Git, Machine Learning, NLP, NumPy, Pandas, Python, SQL, Scikit-learn","Candidate CAND_1560 shows weak overall alignment (2.81% text similarity, 0.0% skill match). Missing critical requirements: [AWS, Docker, Git, Machine Learning, NLP, NumPy, Pandas, Python, SQL, Scikit-learn]."
531,CAND_1110,SALES,2.8,0.0,1.68,,"AWS, Docker, Git, Machine Learning, NLP, NumPy, Pandas, Python, SQL, Scikit-learn","Candidate CAND_1110 shows weak overall alignment (2.8% text similarity, 0.0% skill match). Missing critical requirements: [AWS, Docker, Git, Machine Learning, NLP, NumPy, Pandas, Python, SQL, Scikit-learn]."
532,CAND_2434,AVIATION,2.79,0.0,1.67,,"AWS, Docker, Git, Machine Learning, NLP, NumPy, Pandas, Python, SQL, Scikit-learn","Candidate CAND_2434 shows weak overall alignment (2.79% text similarity, 0.0% skill match). Missing critical requirements: [AWS, Docker, Git, Machine Learning, NLP, NumPy, Pandas, Python, SQL, Scikit-learn]."
533,CAND_2289,ARTS,2.76,0.0,1.66,,"AWS, Docker, Git, Machine Learning, NLP, NumPy, Pandas, Python, SQL, Scikit-learn","Candidate CAND_2289 shows weak overall alignment (2.76% text similarity, 0.0% skill match). Missing critical requirements: [AWS, Docker, Git, Machine Learning, NLP, NumPy, Pandas, Python, SQL, Scikit-learn]."
534,CAND_1464,CHEF,2.77,0.0,1.66,,"AWS, Docker, Git, Machine Learning, NLP, NumPy, Pandas, Python, SQL, Scikit-learn","Candidate CAND_1464 shows weak overall alignment (2.77% text similarity, 0.0% skill match). Missing critical requirements: [AWS, Docker, Git, Machine Learning, NLP, NumPy, Pandas, Python, SQL, Scikit-learn]."
535,CAND_795,FITNESS,2.77,0.0,1.66,,"AWS, Docker, Git, Machine Learning, NLP, NumPy, Pandas, Python, SQL, Scikit-learn","Candidate CAND_795 shows weak overall alignment (2.77% text similarity, 0.0% skill match). Missing critical requirements: [AWS, Docker, Git, Machine Learning, NLP, NumPy, Pandas, Python, SQL, Scikit-learn]."
536,CAND_2132,PUBLIC-RELATIONS,2.77,0.0,1.66,,"AWS, Docker, Git, Machine Learning, NLP, NumPy, Pandas, Python, SQL, Scikit-learn","Candidate CAND_2132 shows weak overall alignment (2.77% text similarity, 0.0% skill match). Missing critical requirements: [AWS, Docker, Git, Machine Learning, NLP, NumPy, Pandas, Python, SQL, Scikit-learn]."
537,CAND_826,FITNESS,2.76,0.0,1.66,,"AWS, Docker, Git, Machine Learning, NLP, NumPy, Pandas, Python, SQL, Scikit-learn","Candidate CAND_826 shows weak overall alignment (2.76% text similarity, 0.0% skill match). Missing critical requirements: [AWS, Docker, Git, Machine Learning, NLP, NumPy, Pandas, Python, SQL, Scikit-learn]."
538,CAND_963,AGRICULTURE,2.75,0.0,1.65,,"AWS, Docker, Git, Machine Learning, NLP, NumPy, Pandas, Python, SQL, Scikit-learn","Candidate CAND_963 shows weak overall alignment (2.75% text similarity, 0.0% skill match). Missing critical requirements: [AWS, Docker, Git, Machine Learning, NLP, NumPy, Pandas, Python, SQL, Scikit-learn]."
539,CAND_1757,ENGINEERING,2.74,0.0,1.64,,"AWS, Docker, Git, Machine Learning, NLP, NumPy, Pandas, Python, SQL, Scikit-learn","Candidate CAND_1757 shows weak overall alignment (2.74% text similarity, 0.0% skill match). Missing critical requirements: [AWS, Docker, Git, Machine Learning, NLP, NumPy, Pandas, Python, SQL, Scikit-learn]."
540,CAND_2293,ARTS,2.74,0.0,1.64,,"AWS, Docker, Git, Machine Learning, NLP, NumPy, Pandas, Python, SQL, Scikit-learn","Candidate CAND_2293 shows weak overall alignment (2.74% text similarity, 0.0% skill match). Missing critical requirements: [AWS, Docker, Git, Machine Learning, NLP, NumPy, Pandas, Python, SQL, Scikit-learn]."
541,CAND_401,TEACHER,2.72,0.0,1.63,,"AWS, Docker, Git, Machine Learning, NLP, NumPy, Pandas, Python, SQL, Scikit-learn","Candidate CAND_401 shows weak overall alignment (2.72% text similarity, 0.0% skill match). Missing critical requirements: [AWS, Docker, Git, Machine Learning, NLP, NumPy, Pandas, Python, SQL, Scikit-learn]."
542,CAND_1608,APPAREL,2.72,0.0,1.63,,"AWS, Docker, Git, Machine Learning, NLP, NumPy, Pandas, Python, SQL, Scikit-learn","Candidate CAND_1608 shows weak overall alignment (2.72% text similarity, 0.0% skill match). Missing critical requirements: [AWS, Docker, Git, Machine Learning, NLP, NumPy, Pandas, Python, SQL, Scikit-learn]."
543,CAND_217,DESIGNER,2.71,0.0,1.63,,"AWS, Docker, Git, Machine Learning, NLP, NumPy, Pandas, Python, SQL, Scikit-learn","Candidate CAND_217 shows weak overall alignment (2.71% text similarity, 0.0% skill match). Missing critical requirements: [AWS, Docker, Git, Machine Learning, NLP, NumPy, Pandas, Python, SQL, Scikit-learn]."
544,CAND_1469,CHEF,2.72,0.0,1.63,,"AWS, Docker, Git, Machine Learning, NLP, NumPy, Pandas, Python, SQL, Scikit-learn","Candidate CAND_1469 shows weak overall alignment (2.72% text similarity, 0.0% skill match). Missing critical requirements: [AWS, Docker, Git, Machine Learning, NLP, NumPy, Pandas, Python, SQL, Scikit-learn]."
545,CAND_171,DESIGNER,2.71,0.0,1.63,,"AWS, Docker, Git, Machine Learning, NLP, NumPy, Pandas, Python, SQL, Scikit-learn","Candidate CAND_171 shows weak overall alignment (2.71% text similarity, 0.0% skill match). Missing critical requirements: [AWS, Docker, Git, Machine Learning, NLP, NumPy, Pandas, Python, SQL, Scikit-learn]."
546,CAND_906,FITNESS,2.7,0.0,1.62,,"AWS, Docker, Git, Machine Learning, NLP, NumPy, Pandas, Python, SQL, Scikit-learn","Candidate CAND_906 shows weak overall alignment (2.7% text similarity, 0.0% skill match). Missing critical requirements: [AWS, Docker, Git, Machine Learning, NLP, NumPy, Pandas, Python, SQL, Scikit-learn]."
547,CAND_2344,ARTS,2.69,0.0,1.61,,"AWS, Docker, Git, Machine Learning, NLP, NumPy, Pandas, Python, SQL, Scikit-learn","Candidate CAND_2344 shows weak overall alignment (2.69% text similarity, 0.0% skill match). Missing critical requirements: [AWS, Docker, Git, Machine Learning, NLP, NumPy, Pandas, Python, SQL, Scikit-learn]."
548,CAND_219,INFORMATION-TECHNOLOGY,2.68,0.0,1.61,,"AWS, Docker, Git, Machine Learning, NLP, NumPy, Pandas, Python, SQL, Scikit-learn","Candidate CAND_219 shows weak overall alignment (2.68% text similarity, 0.0% skill match). Missing critical requirements: [AWS, Docker, Git, Machine Learning, NLP, NumPy, Pandas, Python, SQL, Scikit-learn]."
549,CAND_1461,CHEF,2.67,0.0,1.6,,"AWS, Docker, Git, Machine Learning, NLP, NumPy, Pandas, Python, SQL, Scikit-learn","Candidate CAND_1461 shows weak overall alignment (2.67% text similarity, 0.0% skill match). Missing critical requirements: [AWS, Docker, Git, Machine Learning, NLP, NumPy, Pandas, Python, SQL, Scikit-learn]."
550,CAND_555,ADVOCATE,2.66,0.0,1.6,,"AWS, Docker, Git, Machine Learning, NLP, NumPy, Pandas, Python, SQL, Scikit-learn","Candidate CAND_555 shows weak overall alignment (2.66% text similarity, 0.0% skill match). Missing critical requirements: [AWS, Docker, Git, Machine Learning, NLP, NumPy, Pandas, Python, SQL, Scikit-learn]."
551,CAND_218,INFORMATION-TECHNOLOGY,2.67,0.0,1.6,,"AWS, Docker, Git, Machine Learning, NLP, NumPy, Pandas, Python, SQL, Scikit-learn","Candidate CAND_218 shows weak overall alignment (2.67% text similarity, 0.0% skill match). Missing critical requirements: [AWS, Docker, Git, Machine Learning, NLP, NumPy, Pandas, Python, SQL, Scikit-learn]."
552,CAND_349,TEACHER,2.67,0.0,1.6,,"AWS, Docker, Git, Machine Learning, NLP, NumPy, Pandas, Python, SQL, Scikit-learn","Candidate CAND_349 shows weak overall alignment (2.67% text similarity, 0.0% skill match). Missing critical requirements: [AWS, Docker, Git, Machine Learning, NLP, NumPy, Pandas, Python, SQL, Scikit-learn]."
553,CAND_959,AGRICULTURE,2.63,0.0,1.58,,"AWS, Docker, Git, Machine Learning, NLP, NumPy, Pandas, Python, SQL, Scikit-learn","Candidate CAND_959 shows weak overall alignment (2.63% text similarity, 0.0% skill match). Missing critical requirements: [AWS, Docker, Git, Machine Learning, NLP, NumPy, Pandas, Python, SQL, Scikit-learn]."
554,CAND_412,TEACHER,2.64,0.0,1.58,,"AWS, Docker, Git, Machine Learning, NLP, NumPy, Pandas, Python, SQL, Scikit-learn","Candidate CAND_412 shows weak overall alignment (2.64% text similarity, 0.0% skill match). Missing critical requirements: [AWS, Docker, Git, Machine Learning, NLP, NumPy, Pandas, Python, SQL, Scikit-learn]."
555,CAND_2128,PUBLIC-RELATIONS,2.63,0.0,1.58,,"AWS, Docker, Git, Machine Learning, NLP, NumPy, Pandas, Python, SQL, Scikit-learn","Candidate CAND_2128 shows weak overall alignment (2.63% text similarity, 0.0% skill match). Missing critical requirements: [AWS, Docker, Git, Machine Learning, NLP, NumPy, Pandas, Python, SQL, Scikit-learn]."
556,CAND_946,AGRICULTURE,2.63,0.0,1.58,,"AWS, Docker, Git, Machine Learning, NLP, NumPy, Pandas, Python, SQL, Scikit-learn","Candidate CAND_946 shows weak overall alignment (2.63% text similarity, 0.0% skill match). Missing critical requirements: [AWS, Docker, Git, Machine Learning, NLP, NumPy, Pandas, Python, SQL, Scikit-learn]."
557,CAND_2007,CONSTRUCTION,2.61,0.0,1.57,,"AWS, Docker, Git, Machine Learning, NLP, NumPy, Pandas, Python, SQL, Scikit-learn","Candidate CAND_2007 shows weak overall alignment (2.61% text similarity, 0.0% skill match). Missing critical requirements: [AWS, Docker, Git, Machine Learning, NLP, NumPy, Pandas, Python, SQL, Scikit-learn]."
558,CAND_2300,ARTS,2.62,0.0,1.57,,"AWS, Docker, Git, Machine Learning, NLP, NumPy, Pandas, Python, SQL, Scikit-learn","Candidate CAND_2300 shows weak overall alignment (2.62% text similarity, 0.0% skill match). Missing critical requirements: [AWS, Docker, Git, Machine Learning, NLP, NumPy, Pandas, Python, SQL, Scikit-learn]."
559,CAND_2279,ARTS,2.62,0.0,1.57,,"AWS, Docker, Git, Machine Learning, NLP, NumPy, Pandas, Python, SQL, Scikit-learn","Candidate CAND_2279 shows weak overall alignment (2.62% text similarity, 0.0% skill match). Missing critical requirements: [AWS, Docker, Git, Machine Learning, NLP, NumPy, Pandas, Python, SQL, Scikit-learn]."
560,CAND_1279,DIGITAL-MEDIA,2.62,0.0,1.57,,"AWS, Docker, Git, Machine Learning, NLP, NumPy, Pandas, Python, SQL, Scikit-learn","Candidate CAND_1279 shows weak overall alignment (2.62% text similarity, 0.0% skill match). Missing critical requirements: [AWS, Docker, Git, Machine Learning, NLP, NumPy, Pandas, Python, SQL, Scikit-learn]."
561,CAND_356,TEACHER,2.61,0.0,1.57,,"AWS, Docker, Git, Machine Learning, NLP, NumPy, Pandas, Python, SQL, Scikit-learn","Candidate CAND_356 shows weak overall alignment (2.61% text similarity, 0.0% skill match). Missing critical requirements: [AWS, Docker, Git, Machine Learning, NLP, NumPy, Pandas, Python, SQL, Scikit-learn]."
562,CAND_1979,CONSTRUCTION,2.6,0.0,1.56,,"AWS, Docker, Git, Machine Learning, NLP, NumPy, Pandas, Python, SQL, Scikit-learn","Candidate CAND_1979 shows weak overall alignment (2.6% text similarity, 0.0% skill match). Missing critical requirements: [AWS, Docker, Git, Machine Learning, NLP, NumPy, Pandas, Python, SQL, Scikit-learn]."
563,CAND_1880,ACCOUNTANT,2.6,0.0,1.56,,"AWS, Docker, Git, Machine Learning, NLP, NumPy, Pandas, Python, SQL, Scikit-learn","Candidate CAND_1880 shows weak overall alignment (2.6% text similarity, 0.0% skill match). Missing critical requirements: [AWS, Docker, Git, Machine Learning, NLP, NumPy, Pandas, Python, SQL, Scikit-learn]."
564,CAND_109,HR,2.6,0.0,1.56,,"AWS, Docker, Git, Machine Learning, NLP, NumPy, Pandas, Python, SQL, Scikit-learn","Candidate CAND_109 shows weak overall alignment (2.6% text similarity, 0.0% skill match). Missing critical requirements: [AWS, Docker, Git, Machine Learning, NLP, NumPy, Pandas, Python, SQL, Scikit-learn]."
565,CAND_2328,ARTS,2.59,0.0,1.55,,"AWS, Docker, Git, Machine Learning, NLP, NumPy, Pandas, Python, SQL, Scikit-learn","Candidate CAND_2328 shows weak overall alignment (2.59% text similarity, 0.0% skill match). Missing critical requirements: [AWS, Docker, Git, Machine Learning, NLP, NumPy, Pandas, Python, SQL, Scikit-learn]."
566,CAND_2283,ARTS,2.57,0.0,1.54,,"AWS, Docker, Git, Machine Learning, NLP, NumPy, Pandas, Python, SQL, Scikit-learn","Candidate CAND_2283 shows weak overall alignment (2.57% text similarity, 0.0% skill match). Missing critical requirements: [AWS, Docker, Git, Machine Learning, NLP, NumPy, Pandas, Python, SQL, Scikit-learn]."
567,CAND_1760,ENGINEERING,2.57,0.0,1.54,,"AWS, Docker, Git, Machine Learning, NLP, NumPy, Pandas, Python, SQL, Scikit-learn","Candidate CAND_1760 shows weak overall alignment (2.57% text similarity, 0.0% skill match). Missing critical requirements: [AWS, Docker, Git, Machine Learning, NLP, NumPy, Pandas, Python, SQL, Scikit-learn]."
568,CAND_877,FITNESS,2.56,0.0,1.54,,"AWS, Docker, Git, Machine Learning, NLP, NumPy, Pandas, Python, SQL, Scikit-learn","Candidate CAND_877 shows weak overall alignment (2.56% text similarity, 0.0% skill match). Missing critical requirements: [AWS, Docker, Git, Machine Learning, NLP, NumPy, Pandas, Python, SQL, Scikit-learn]."
569,CAND_139,DESIGNER,2.57,0.0,1.54,,"AWS, Docker, Git, Machine Learning, NLP, NumPy, Pandas, Python, SQL, Scikit-learn","Candidate CAND_139 shows weak overall alignment (2.57% text similarity, 0.0% skill match). Missing critical requirements: [AWS, Docker, Git, Machine Learning, NLP, NumPy, Pandas, Python, SQL, Scikit-learn]."
570,CAND_2450,AVIATION,2.57,0.0,1.54,,"AWS, Docker, Git, Machine Learning, NLP, NumPy, Pandas, Python, SQL, Scikit-learn","Candidate CAND_2450 shows weak overall alignment (2.57% text similarity, 0.0% skill match). Missing critical requirements: [AWS, Docker, Git, Machine Learning, NLP, NumPy, Pandas, Python, SQL, Scikit-learn]."
571,CAND_1781,ENGINEERING,2.56,0.0,1.54,,"AWS, Docker, Git, Machine Learning, NLP, NumPy, Pandas, Python, SQL, Scikit-learn","Candidate CAND_1781 shows weak overall alignment (2.56% text similarity, 0.0% skill match). Missing critical requirements: [AWS, Docker, Git, Machine Learning, NLP, NumPy, Pandas, Python, SQL, Scikit-learn]."
572,CAND_1545,FINANCE,2.57,0.0,1.54,,"AWS, Docker, Git, Machine Learning, NLP, NumPy, Pandas, Python, SQL, Scikit-learn","Candidate CAND_1545 shows weak overall alignment (2.57% text similarity, 0.0% skill match). Missing critical requirements: [AWS, Docker, Git, Machine Learning, NLP, NumPy, Pandas, Python, SQL, Scikit-learn]."
573,CAND_939,AGRICULTURE,2.56,0.0,1.54,,"AWS, Docker, Git, Machine Learning, NLP, NumPy, Pandas, Python, SQL, Scikit-learn","Candidate CAND_939 shows weak overall alignment (2.56% text similarity, 0.0% skill match). Missing critical requirements: [AWS, Docker, Git, Machine Learning, NLP, NumPy, Pandas, Python, SQL, Scikit-learn]."
574,CAND_2093,PUBLIC-RELATIONS,2.56,0.0,1.54,,"AWS, Docker, Git, Machine Learning, NLP, NumPy, Pandas, Python, SQL, Scikit-learn","Candidate CAND_2093 shows weak overall alignment (2.56% text similarity, 0.0% skill match). Missing critical requirements: [AWS, Docker, Git, Machine Learning, NLP, NumPy, Pandas, Python, SQL, Scikit-learn]."
575,CAND_382,TEACHER,2.55,0.0,1.53,,"AWS, Docker, Git, Machine Learning, NLP, NumPy, Pandas, Python, SQL, Scikit-learn","Candidate CAND_382 shows weak overall alignment (2.55% text similarity, 0.0% skill match). Missing critical requirements: [AWS, Docker, Git, Machine Learning, NLP, NumPy, Pandas, Python, SQL, Scikit-learn]."
576,CAND_2398,AVIATION,2.55,0.0,1.53,,"AWS, Docker, Git, Machine Learning, NLP, NumPy, Pandas, Python, SQL, Scikit-learn","Candidate CAND_2398 shows weak overall alignment (2.55% text similarity, 0.0% skill match). Missing critical requirements: [AWS, Docker, Git, Machine Learning, NLP, NumPy, Pandas, Python, SQL, Scikit-learn]."
577,CAND_2348,ARTS,2.55,0.0,1.53,,"AWS, Docker, Git, Machine Learning, NLP, NumPy, Pandas, Python, SQL, Scikit-learn","Candidate CAND_2348 shows weak overall alignment (2.55% text similarity, 0.0% skill match). Missing critical requirements: [AWS, Docker, Git, Machine Learning, NLP, NumPy, Pandas, Python, SQL, Scikit-learn]."
578,CAND_473,ADVOCATE,2.55,0.0,1.53,,"AWS, Docker, Git, Machine Learning, NLP, NumPy, Pandas, Python, SQL, Scikit-learn","Candidate CAND_473 shows weak overall alignment (2.55% text similarity, 0.0% skill match). Missing critical requirements: [AWS, Docker, Git, Machine Learning, NLP, NumPy, Pandas, Python, SQL, Scikit-learn]."
579,CAND_1658,APPAREL,2.54,0.0,1.52,,"AWS, Docker, Git, Machine Learning, NLP, NumPy, Pandas, Python, SQL, Scikit-learn","Candidate CAND_1658 shows weak overall alignment (2.54% text similarity, 0.0% skill match). Missing critical requirements: [AWS, Docker, Git, Machine Learning, NLP, NumPy, Pandas, Python, SQL, Scikit-learn]."
580,CAND_245,INFORMATION-TECHNOLOGY,2.52,0.0,1.51,,"AWS, Docker, Git, Machine Learning, NLP, NumPy, Pandas, Python, SQL, Scikit-learn","Candidate CAND_245 shows weak overall alignment (2.52% text similarity, 0.0% skill match). Missing critical requirements: [AWS, Docker, Git, Machine Learning, NLP, NumPy, Pandas, Python, SQL, Scikit-learn]."
581,CAND_315,INFORMATION-TECHNOLOGY,2.5,0.0,1.5,,"AWS, Docker, Git, Machine Learning, NLP, NumPy, Pandas, Python, SQL, Scikit-learn","Candidate CAND_315 shows weak overall alignment (2.5% text similarity, 0.0% skill match). Missing critical requirements: [AWS, Docker, Git, Machine Learning, NLP, NumPy, Pandas, Python, SQL, Scikit-learn]."
582,CAND_404,TEACHER,2.5,0.0,1.5,,"AWS, Docker, Git, Machine Learning, NLP, NumPy, Pandas, Python, SQL, Scikit-learn","Candidate CAND_404 shows weak overall alignment (2.5% text similarity, 0.0% skill match). Missing critical requirements: [AWS, Docker, Git, Machine Learning, NLP, NumPy, Pandas, Python, SQL, Scikit-learn]."
583,CAND_1980,CONSTRUCTION,2.49,0.0,1.49,,"AWS, Docker, Git, Machine Learning, NLP, NumPy, Pandas, Python, SQL, Scikit-learn","Candidate CAND_1980 shows weak overall alignment (2.49% text similarity, 0.0% skill match). Missing critical requirements: [AWS, Docker, Git, Machine Learning, NLP, NumPy, Pandas, Python, SQL, Scikit-learn]."
584,CAND_2327,ARTS,2.48,0.0,1.49,,"AWS, Docker, Git, Machine Learning, NLP, NumPy, Pandas, Python, SQL, Scikit-learn","Candidate CAND_2327 shows weak overall alignment (2.48% text similarity, 0.0% skill match). Missing critical requirements: [AWS, Docker, Git, Machine Learning, NLP, NumPy, Pandas, Python, SQL, Scikit-learn]."
585,CAND_2017,CONSTRUCTION,2.49,0.0,1.49,,"AWS, Docker, Git, Machine Learning, NLP, NumPy, Pandas, Python, SQL, Scikit-learn","Candidate CAND_2017 shows weak overall alignment (2.49% text similarity, 0.0% skill match). Missing critical requirements: [AWS, Docker, Git, Machine Learning, NLP, NumPy, Pandas, Python, SQL, Scikit-learn]."
586,CAND_2453,AVIATION,2.47,0.0,1.48,,"AWS, Docker, Git, Machine Learning, NLP, NumPy, Pandas, Python, SQL, Scikit-learn","Candidate CAND_2453 shows weak overall alignment (2.47% text similarity, 0.0% skill match). Missing critical requirements: [AWS, Docker, Git, Machine Learning, NLP, NumPy, Pandas, Python, SQL, Scikit-learn]."
587,CAND_1924,ACCOUNTANT,2.45,0.0,1.47,,"AWS, Docker, Git, Machine Learning, NLP, NumPy, Pandas, Python, SQL, Scikit-learn","Candidate CAND_1924 shows weak overall alignment (2.45% text similarity, 0.0% skill match). Missing critical requirements: [AWS, Docker, Git, Machine Learning, NLP, NumPy, Pandas, Python, SQL, Scikit-learn]."
588,CAND_1257,DIGITAL-MEDIA,2.43,0.0,1.46,,"AWS, Docker, Git, Machine Learning, NLP, NumPy, Pandas, Python, SQL, Scikit-learn","Candidate CAND_1257 shows weak overall alignment (2.43% text similarity, 0.0% skill match). Missing critical requirements: [AWS, Docker, Git, Machine Learning, NLP, NumPy, Pandas, Python, SQL, Scikit-learn]."
589,CAND_2012,CONSTRUCTION,2.44,0.0,1.46,,"AWS, Docker, Git, Machine Learning, NLP, NumPy, Pandas, Python, SQL, Scikit-learn","Candidate CAND_2012 shows weak overall alignment (2.44% text similarity, 0.0% skill match). Missing critical requirements: [AWS, Docker, Git, Machine Learning, NLP, NumPy, Pandas, Python, SQL, Scikit-learn]."
590,CAND_1412,CHEF,2.44,0.0,1.46,,"AWS, Docker, Git, Machine Learning, NLP, NumPy, Pandas, Python, SQL, Scikit-learn","Candidate CAND_1412 shows weak overall alignment (2.44% text similarity, 0.0% skill match). Missing critical requirements: [AWS, Docker, Git, Machine Learning, NLP, NumPy, Pandas, Python, SQL, Scikit-learn]."
591,CAND_1738,ENGINEERING,2.44,0.0,1.46,,"AWS, Docker, Git, Machine Learning, NLP, NumPy, Pandas, Python, SQL, Scikit-learn","Candidate CAND_1738 shows weak overall alignment (2.44% text similarity, 0.0% skill match). Missing critical requirements: [AWS, Docker, Git, Machine Learning, NLP, NumPy, Pandas, Python, SQL, Scikit-learn]."
592,CAND_422,TEACHER,2.44,0.0,1.46,,"AWS, Docker, Git, Machine Learning, NLP, NumPy, Pandas, Python, SQL, Scikit-learn","Candidate CAND_422 shows weak overall alignment (2.44% text similarity, 0.0% skill match). Missing critical requirements: [AWS, Docker, Git, Machine Learning, NLP, NumPy, Pandas, Python, SQL, Scikit-learn]."
593,CAND_355,TEACHER,2.44,0.0,1.46,,"AWS, Docker, Git, Machine Learning, NLP, NumPy, Pandas, Python, SQL, Scikit-learn","Candidate CAND_355 shows weak overall alignment (2.44% text similarity, 0.0% skill match). Missing critical requirements: [AWS, Docker, Git, Machine Learning, NLP, NumPy, Pandas, Python, SQL, Scikit-learn]."
594,CAND_1282,DIGITAL-MEDIA,2.41,0.0,1.45,,"AWS, Docker, Git, Machine Learning, NLP, NumPy, Pandas, Python, SQL, Scikit-learn","Candidate CAND_1282 shows weak overall alignment (2.41% text similarity, 0.0% skill match). Missing critical requirements: [AWS, Docker, Git, Machine Learning, NLP, NumPy, Pandas, Python, SQL, Scikit-learn]."
595,CAND_379,TEACHER,2.42,0.0,1.45,,"AWS, Docker, Git, Machine Learning, NLP, NumPy, Pandas, Python, SQL, Scikit-learn","Candidate CAND_379 shows weak overall alignment (2.42% text similarity, 0.0% skill match). Missing critical requirements: [AWS, Docker, Git, Machine Learning, NLP, NumPy, Pandas, Python, SQL, Scikit-learn]."
596,CAND_1972,CONSTRUCTION,2.4,0.0,1.44,,"AWS, Docker, Git, Machine Learning, NLP, NumPy, Pandas, Python, SQL, Scikit-learn","Candidate CAND_1972 shows weak overall alignment (2.4% text similarity, 0.0% skill match). Missing critical requirements: [AWS, Docker, Git, Machine Learning, NLP, NumPy, Pandas, Python, SQL, Scikit-learn]."
597,CAND_1973,CONSTRUCTION,2.38,0.0,1.43,,"AWS, Docker, Git, Machine Learning, NLP, NumPy, Pandas, Python, SQL, Scikit-learn","Candidate CAND_1973 shows weak overall alignment (2.38% text similarity, 0.0% skill match). Missing critical requirements: [AWS, Docker, Git, Machine Learning, NLP, NumPy, Pandas, Python, SQL, Scikit-learn]."
598,CAND_1597,APPAREL,2.39,0.0,1.43,,"AWS, Docker, Git, Machine Learning, NLP, NumPy, Pandas, Python, SQL, Scikit-learn","Candidate CAND_1597 shows weak overall alignment (2.39% text similarity, 0.0% skill match). Missing critical requirements: [AWS, Docker, Git, Machine Learning, NLP, NumPy, Pandas, Python, SQL, Scikit-learn]."
599,CAND_507,ADVOCATE,2.38,0.0,1.43,,"AWS, Docker, Git, Machine Learning, NLP, NumPy, Pandas, Python, SQL, Scikit-learn","Candidate CAND_507 shows weak overall alignment (2.38% text similarity, 0.0% skill match). Missing critical requirements: [AWS, Docker, Git, Machine Learning, NLP, NumPy, Pandas, Python, SQL, Scikit-learn]."
600,CAND_2102,PUBLIC-RELATIONS,2.37,0.0,1.42,,"AWS, Docker, Git, Machine Learning, NLP, NumPy, Pandas, Python, SQL, Scikit-learn","Candidate CAND_2102 shows weak overall alignment (2.37% text similarity, 0.0% skill match). Missing critical requirements: [AWS, Docker, Git, Machine Learning, NLP, NumPy, Pandas, Python, SQL, Scikit-learn]."
601,CAND_1605,APPAREL,2.37,0.0,1.42,,"AWS, Docker, Git, Machine Learning, NLP, NumPy, Pandas, Python, SQL, Scikit-learn","Candidate CAND_1605 shows weak overall alignment (2.37% text similarity, 0.0% skill match). Missing critical requirements: [AWS, Docker, Git, Machine Learning, NLP, NumPy, Pandas, Python, SQL, Scikit-learn]."
602,CAND_1711,ENGINEERING,2.37,0.0,1.42,,"AWS, Docker, Git, Machine Learning, NLP, NumPy, Pandas, Python, SQL, Scikit-learn","Candidate CAND_1711 shows weak overall alignment (2.37% text similarity, 0.0% skill match). Missing critical requirements: [AWS, Docker, Git, Machine Learning, NLP, NumPy, Pandas, Python, SQL, Scikit-learn]."
603,CAND_1227,DIGITAL-MEDIA,2.36,0.0,1.42,,"AWS, Docker, Git, Machine Learning, NLP, NumPy, Pandas, Python, SQL, Scikit-learn","Candidate CAND_1227 shows weak overall alignment (2.36% text similarity, 0.0% skill match). Missing critical requirements: [AWS, Docker, Git, Machine Learning, NLP, NumPy, Pandas, Python, SQL, Scikit-learn]."
604,CAND_348,TEACHER,2.37,0.0,1.42,,"AWS, Docker, Git, Machine Learning, NLP, NumPy, Pandas, Python, SQL, Scikit-learn","Candidate CAND_348 shows weak overall alignment (2.37% text similarity, 0.0% skill match). Missing critical requirements: [AWS, Docker, Git, Machine Learning, NLP, NumPy, Pandas, Python, SQL, Scikit-learn]."
605,CAND_820,FITNESS,2.35,0.0,1.41,,"AWS, Docker, Git, Machine Learning, NLP, NumPy, Pandas, Python, SQL, Scikit-learn","Candidate CAND_820 shows weak overall alignment (2.35% text similarity, 0.0% skill match). Missing critical requirements: [AWS, Docker, Git, Machine Learning, NLP, NumPy, Pandas, Python, SQL, Scikit-learn]."
606,CAND_1058,SALES,2.35,0.0,1.41,,"AWS, Docker, Git, Machine Learning, NLP, NumPy, Pandas, Python, SQL, Scikit-learn","Candidate CAND_1058 shows weak overall alignment (2.35% text similarity, 0.0% skill match). Missing critical requirements: [AWS, Docker, Git, Machine Learning, NLP, NumPy, Pandas, Python, SQL, Scikit-learn]."
607,CAND_239,INFORMATION-TECHNOLOGY,2.34,0.0,1.4,,"AWS, Docker, Git, Machine Learning, NLP, NumPy, Pandas, Python, SQL, Scikit-learn","Candidate CAND_239 shows weak overall alignment (2.34% text similarity, 0.0% skill match). Missing critical requirements: [AWS, Docker, Git, Machine Learning, NLP, NumPy, Pandas, Python, SQL, Scikit-learn]."
608,CAND_464,ADVOCATE,2.33,0.0,1.4,,"AWS, Docker, Git, Machine Learning, NLP, NumPy, Pandas, Python, SQL, Scikit-learn","Candidate CAND_464 shows weak overall alignment (2.33% text similarity, 0.0% skill match). Missing critical requirements: [AWS, Docker, Git, Machine Learning, NLP, NumPy, Pandas, Python, SQL, Scikit-learn]."
609,CAND_2163,BANKING,2.33,0.0,1.4,,"AWS, Docker, Git, Machine Learning, NLP, NumPy, Pandas, Python, SQL, Scikit-learn","Candidate CAND_2163 shows weak overall alignment (2.33% text similarity, 0.0% skill match). Missing critical requirements: [AWS, Docker, Git, Machine Learning, NLP, NumPy, Pandas, Python, SQL, Scikit-learn]."
610,CAND_1987,CONSTRUCTION,2.33,0.0,1.4,,"AWS, Docker, Git, Machine Learning, NLP, NumPy, Pandas, Python, SQL, Scikit-learn","Candidate CAND_1987 shows weak overall alignment (2.33% text similarity, 0.0% skill match). Missing critical requirements: [AWS, Docker, Git, Machine Learning, NLP, NumPy, Pandas, Python, SQL, Scikit-learn]."
611,CAND_1561,FINANCE,2.33,0.0,1.4,,"AWS, Docker, Git, Machine Learning, NLP, NumPy, Pandas, Python, SQL, Scikit-learn","Candidate CAND_1561 shows weak overall alignment (2.33% text similarity, 0.0% skill match). Missing critical requirements: [AWS, Docker, Git, Machine Learning, NLP, NumPy, Pandas, Python, SQL, Scikit-learn]."
612,CAND_2121,PUBLIC-RELATIONS,2.34,0.0,1.4,,"AWS, Docker, Git, Machine Learning, NLP, NumPy, Pandas, Python, SQL, Scikit-learn","Candidate CAND_2121 shows weak overall alignment (2.34% text similarity, 0.0% skill match). Missing critical requirements: [AWS, Docker, Git, Machine Learning, NLP, NumPy, Pandas, Python, SQL, Scikit-learn]."
613,CAND_1748,ENGINEERING,2.32,0.0,1.39,,"AWS, Docker, Git, Machine Learning, NLP, NumPy, Pandas, Python, SQL, Scikit-learn","Candidate CAND_1748 shows weak overall alignment (2.32% text similarity, 0.0% skill match). Missing critical requirements: [AWS, Docker, Git, Machine Learning, NLP, NumPy, Pandas, Python, SQL, Scikit-learn]."
614,CAND_1000,SALES,2.32,0.0,1.39,,"AWS, Docker, Git, Machine Learning, NLP, NumPy, Pandas, Python, SQL, Scikit-learn","Candidate CAND_1000 shows weak overall alignment (2.32% text similarity, 0.0% skill match). Missing critical requirements: [AWS, Docker, Git, Machine Learning, NLP, NumPy, Pandas, Python, SQL, Scikit-learn]."
615,CAND_800,FITNESS,2.31,0.0,1.39,,"AWS, Docker, Git, Machine Learning, NLP, NumPy, Pandas, Python, SQL, Scikit-learn","Candidate CAND_800 shows weak overall alignment (2.31% text similarity, 0.0% skill match). Missing critical requirements: [AWS, Docker, Git, Machine Learning, NLP, NumPy, Pandas, Python, SQL, Scikit-learn]."
616,CAND_682,HEALTHCARE,2.32,0.0,1.39,,"AWS, Docker, Git, Machine Learning, NLP, NumPy, Pandas, Python, SQL, Scikit-learn","Candidate CAND_682 shows weak overall alignment (2.32% text similarity, 0.0% skill match). Missing critical requirements: [AWS, Docker, Git, Machine Learning, NLP, NumPy, Pandas, Python, SQL, Scikit-learn]."
617,CAND_1055,SALES,2.32,0.0,1.39,,"AWS, Docker, Git, Machine Learning, NLP, NumPy, Pandas, Python, SQL, Scikit-learn","Candidate CAND_1055 shows weak overall alignment (2.32% text similarity, 0.0% skill match). Missing critical requirements: [AWS, Docker, Git, Machine Learning, NLP, NumPy, Pandas, Python, SQL, Scikit-learn]."
618,CAND_744,HEALTHCARE,2.32,0.0,1.39,,"AWS, Docker, Git, Machine Learning, NLP, NumPy, Pandas, Python, SQL, Scikit-learn","Candidate CAND_744 shows weak overall alignment (2.32% text similarity, 0.0% skill match). Missing critical requirements: [AWS, Docker, Git, Machine Learning, NLP, NumPy, Pandas, Python, SQL, Scikit-learn]."
619,CAND_861,FITNESS,2.31,0.0,1.39,,"AWS, Docker, Git, Machine Learning, NLP, NumPy, Pandas, Python, SQL, Scikit-learn","Candidate CAND_861 shows weak overall alignment (2.31% text similarity, 0.0% skill match). Missing critical requirements: [AWS, Docker, Git, Machine Learning, NLP, NumPy, Pandas, Python, SQL, Scikit-learn]."
620,CAND_353,TEACHER,2.3,0.0,1.38,,"AWS, Docker, Git, Machine Learning, NLP, NumPy, Pandas, Python, SQL, Scikit-learn","Candidate CAND_353 shows weak overall alignment (2.3% text similarity, 0.0% skill match). Missing critical requirements: [AWS, Docker, Git, Machine Learning, NLP, NumPy, Pandas, Python, SQL, Scikit-learn]."
621,CAND_858,FITNESS,2.28,0.0,1.37,,"AWS, Docker, Git, Machine Learning, NLP, NumPy, Pandas, Python, SQL, Scikit-learn","Candidate CAND_858 shows weak overall alignment (2.28% text similarity, 0.0% skill match). Missing critical requirements: [AWS, Docker, Git, Machine Learning, NLP, NumPy, Pandas, Python, SQL, Scikit-learn]."
622,CAND_735,HEALTHCARE,2.28,0.0,1.37,,"AWS, Docker, Git, Machine Learning, NLP, NumPy, Pandas, Python, SQL, Scikit-learn","Candidate CAND_735 shows weak overall alignment (2.28% text similarity, 0.0% skill match). Missing critical requirements: [AWS, Docker, Git, Machine Learning, NLP, NumPy, Pandas, Python, SQL, Scikit-learn]."
623,CAND_728,HEALTHCARE,2.27,0.0,1.36,,"AWS, Docker, Git, Machine Learning, NLP, NumPy, Pandas, Python, SQL, Scikit-learn","Candidate CAND_728 shows weak overall alignment (2.27% text similarity, 0.0% skill match). Missing critical requirements: [AWS, Docker, Git, Machine Learning, NLP, NumPy, Pandas, Python, SQL, Scikit-learn]."
624,CAND_2384,AVIATION,2.27,0.0,1.36,,"AWS, Docker, Git, Machine Learning, NLP, NumPy, Pandas, Python, SQL, Scikit-learn","Candidate CAND_2384 shows weak overall alignment (2.27% text similarity, 0.0% skill match). Missing critical requirements: [AWS, Docker, Git, Machine Learning, NLP, NumPy, Pandas, Python, SQL, Scikit-learn]."
625,CAND_1627,APPAREL,2.26,0.0,1.36,,"AWS, Docker, Git, Machine Learning, NLP, NumPy, Pandas, Python, SQL, Scikit-learn","Candidate CAND_1627 shows weak overall alignment (2.26% text similarity, 0.0% skill match). Missing critical requirements: [AWS, Docker, Git, Machine Learning, NLP, NumPy, Pandas, Python, SQL, Scikit-learn]."
626,CAND_073,HR,2.25,0.0,1.35,,"AWS, Docker, Git, Machine Learning, NLP, NumPy, Pandas, Python, SQL, Scikit-learn","Candidate CAND_073 shows weak overall alignment (2.25% text similarity, 0.0% skill match). Missing critical requirements: [AWS, Docker, Git, Machine Learning, NLP, NumPy, Pandas, Python, SQL, Scikit-learn]."
627,CAND_1784,ENGINEERING,2.25,0.0,1.35,,"AWS, Docker, Git, Machine Learning, NLP, NumPy, Pandas, Python, SQL, Scikit-learn","Candidate CAND_1784 shows weak overall alignment (2.25% text similarity, 0.0% skill match). Missing critical requirements: [AWS, Docker, Git, Machine Learning, NLP, NumPy, Pandas, Python, SQL, Scikit-learn]."
628,CAND_419,TEACHER,2.23,0.0,1.34,,"AWS, Docker, Git, Machine Learning, NLP, NumPy, Pandas, Python, SQL, Scikit-learn","Candidate CAND_419 shows weak overall alignment (2.23% text similarity, 0.0% skill match). Missing critical requirements: [AWS, Docker, Git, Machine Learning, NLP, NumPy, Pandas, Python, SQL, Scikit-learn]."
629,CAND_498,ADVOCATE,2.24,0.0,1.34,,"AWS, Docker, Git, Machine Learning, NLP, NumPy, Pandas, Python, SQL, Scikit-learn","Candidate CAND_498 shows weak overall alignment (2.24% text similarity, 0.0% skill match). Missing critical requirements: [AWS, Docker, Git, Machine Learning, NLP, NumPy, Pandas, Python, SQL, Scikit-learn]."
630,CAND_1096,SALES,2.22,0.0,1.33,,"AWS, Docker, Git, Machine Learning, NLP, NumPy, Pandas, Python, SQL, Scikit-learn","Candidate CAND_1096 shows weak overall alignment (2.22% text similarity, 0.0% skill match). Missing critical requirements: [AWS, Docker, Git, Machine Learning, NLP, NumPy, Pandas, Python, SQL, Scikit-learn]."
631,CAND_605,BUSINESS-DEVELOPMENT,2.21,0.0,1.33,,"AWS, Docker, Git, Machine Learning, NLP, NumPy, Pandas, Python, SQL, Scikit-learn","Candidate CAND_605 shows weak overall alignment (2.21% text similarity, 0.0% skill match). Missing critical requirements: [AWS, Docker, Git, Machine Learning, NLP, NumPy, Pandas, Python, SQL, Scikit-learn]."
632,CAND_406,TEACHER,2.22,0.0,1.33,,"AWS, Docker, Git, Machine Learning, NLP, NumPy, Pandas, Python, SQL, Scikit-learn","Candidate CAND_406 shows weak overall alignment (2.22% text similarity, 0.0% skill match). Missing critical requirements: [AWS, Docker, Git, Machine Learning, NLP, NumPy, Pandas, Python, SQL, Scikit-learn]."
633,CAND_2197,BANKING,2.22,0.0,1.33,,"AWS, Docker, Git, Machine Learning, NLP, NumPy, Pandas, Python, SQL, Scikit-learn","Candidate CAND_2197 shows weak overall alignment (2.22% text similarity, 0.0% skill match). Missing critical requirements: [AWS, Docker, Git, Machine Learning, NLP, NumPy, Pandas, Python, SQL, Scikit-learn]."
634,CAND_476,ADVOCATE,2.21,0.0,1.33,,"AWS, Docker, Git, Machine Learning, NLP, NumPy, Pandas, Python, SQL, Scikit-learn","Candidate CAND_476 shows weak overall alignment (2.21% text similarity, 0.0% skill match). Missing critical requirements: [AWS, Docker, Git, Machine Learning, NLP, NumPy, Pandas, Python, SQL, Scikit-learn]."
635,CAND_2262,BANKING,2.2,0.0,1.32,,"AWS, Docker, Git, Machine Learning, NLP, NumPy, Pandas, Python, SQL, Scikit-learn","Candidate CAND_2262 shows weak overall alignment (2.2% text similarity, 0.0% skill match). Missing critical requirements: [AWS, Docker, Git, Machine Learning, NLP, NumPy, Pandas, Python, SQL, Scikit-learn]."
636,CAND_778,HEALTHCARE,2.19,0.0,1.31,,"AWS, Docker, Git, Machine Learning, NLP, NumPy, Pandas, Python, SQL, Scikit-learn","Candidate CAND_778 shows weak overall alignment (2.19% text similarity, 0.0% skill match). Missing critical requirements: [AWS, Docker, Git, Machine Learning, NLP, NumPy, Pandas, Python, SQL, Scikit-learn]."
637,CAND_1985,CONSTRUCTION,2.19,0.0,1.31,,"AWS, Docker, Git, Machine Learning, NLP, NumPy, Pandas, Python, SQL, Scikit-learn","Candidate CAND_1985 shows weak overall alignment (2.19% text similarity, 0.0% skill match). Missing critical requirements: [AWS, Docker, Git, Machine Learning, NLP, NumPy, Pandas, Python, SQL, Scikit-learn]."
638,CAND_022,HR,2.18,0.0,1.31,,"AWS, Docker, Git, Machine Learning, NLP, NumPy, Pandas, Python, SQL, Scikit-learn","Candidate CAND_022 shows weak overall alignment (2.18% text similarity, 0.0% skill match). Missing critical requirements: [AWS, Docker, Git, Machine Learning, NLP, NumPy, Pandas, Python, SQL, Scikit-learn]."
639,CAND_1978,CONSTRUCTION,2.17,0.0,1.3,,"AWS, Docker, Git, Machine Learning, NLP, NumPy, Pandas, Python, SQL, Scikit-learn","Candidate CAND_1978 shows weak overall alignment (2.17% text similarity, 0.0% skill match). Missing critical requirements: [AWS, Docker, Git, Machine Learning, NLP, NumPy, Pandas, Python, SQL, Scikit-learn]."
640,CAND_2295,ARTS,2.16,0.0,1.3,,"AWS, Docker, Git, Machine Learning, NLP, NumPy, Pandas, Python, SQL, Scikit-learn","Candidate CAND_2295 shows weak overall alignment (2.16% text similarity, 0.0% skill match). Missing critical requirements: [AWS, Docker, Git, Machine Learning, NLP, NumPy, Pandas, Python, SQL, Scikit-learn]."
641,CAND_1770,ENGINEERING,2.17,0.0,1.3,,"AWS, Docker, Git, Machine Learning, NLP, NumPy, Pandas, Python, SQL, Scikit-learn","Candidate CAND_1770 shows weak overall alignment (2.17% text similarity, 0.0% skill match). Missing critical requirements: [AWS, Docker, Git, Machine Learning, NLP, NumPy, Pandas, Python, SQL, Scikit-learn]."
642,CAND_571,BUSINESS-DEVELOPMENT,2.16,0.0,1.3,,"AWS, Docker, Git, Machine Learning, NLP, NumPy, Pandas, Python, SQL, Scikit-learn","Candidate CAND_571 shows weak overall alignment (2.16% text similarity, 0.0% skill match). Missing critical requirements: [AWS, Docker, Git, Machine Learning, NLP, NumPy, Pandas, Python, SQL, Scikit-learn]."
643,CAND_981,BPO,2.15,0.0,1.29,,"AWS, Docker, Git, Machine Learning, NLP, NumPy, Pandas, Python, SQL, Scikit-learn","Candidate CAND_981 shows weak overall alignment (2.15% text similarity, 0.0% skill match). Missing critical requirements: [AWS, Docker, Git, Machine Learning, NLP, NumPy, Pandas, Python, SQL, Scikit-learn]."
644,CAND_2386,AVIATION,2.15,0.0,1.29,,"AWS, Docker, Git, Machine Learning, NLP, NumPy, Pandas, Python, SQL, Scikit-learn","Candidate CAND_2386 shows weak overall alignment (2.15% text similarity, 0.0% skill match). Missing critical requirements: [AWS, Docker, Git, Machine Learning, NLP, NumPy, Pandas, Python, SQL, Scikit-learn]."
645,CAND_1009,SALES,2.13,0.0,1.28,,"AWS, Docker, Git, Machine Learning, NLP, NumPy, Pandas, Python, SQL, Scikit-learn","Candidate CAND_1009 shows weak overall alignment (2.13% text similarity, 0.0% skill match). Missing critical requirements: [AWS, Docker, Git, Machine Learning, NLP, NumPy, Pandas, Python, SQL, Scikit-learn]."
646,CAND_359,TEACHER,2.13,0.0,1.28,,"AWS, Docker, Git, Machine Learning, NLP, NumPy, Pandas, Python, SQL, Scikit-learn","Candidate CAND_359 shows weak overall alignment (2.13% text similarity, 0.0% skill match). Missing critical requirements: [AWS, Docker, Git, Machine Learning, NLP, NumPy, Pandas, Python, SQL, Scikit-learn]."
647,CAND_789,HEALTHCARE,2.13,0.0,1.28,,"AWS, Docker, Git, Machine Learning, NLP, NumPy, Pandas, Python, SQL, Scikit-learn","Candidate CAND_789 shows weak overall alignment (2.13% text similarity, 0.0% skill match). Missing critical requirements: [AWS, Docker, Git, Machine Learning, NLP, NumPy, Pandas, Python, SQL, Scikit-learn]."
648,CAND_443,ADVOCATE,2.13,0.0,1.28,,"AWS, Docker, Git, Machine Learning, NLP, NumPy, Pandas, Python, SQL, Scikit-learn","Candidate CAND_443 shows weak overall alignment (2.13% text similarity, 0.0% skill match). Missing critical requirements: [AWS, Docker, Git, Machine Learning, NLP, NumPy, Pandas, Python, SQL, Scikit-learn]."
649,CAND_526,ADVOCATE,2.12,0.0,1.27,,"AWS, Docker, Git, Machine Learning, NLP, NumPy, Pandas, Python, SQL, Scikit-learn","Candidate CAND_526 shows weak overall alignment (2.12% text similarity, 0.0% skill match). Missing critical requirements: [AWS, Docker, Git, Machine Learning, NLP, NumPy, Pandas, Python, SQL, Scikit-learn]."
650,CAND_2019,CONSTRUCTION,2.11,0.0,1.27,,"AWS, Docker, Git, Machine Learning, NLP, NumPy, Pandas, Python, SQL, Scikit-learn","Candidate CAND_2019 shows weak overall alignment (2.11% text similarity, 0.0% skill match). Missing critical requirements: [AWS, Docker, Git, Machine Learning, NLP, NumPy, Pandas, Python, SQL, Scikit-learn]."
651,CAND_882,FITNESS,2.12,0.0,1.27,,"AWS, Docker, Git, Machine Learning, NLP, NumPy, Pandas, Python, SQL, Scikit-learn","Candidate CAND_882 shows weak overall alignment (2.12% text similarity, 0.0% skill match). Missing critical requirements: [AWS, Docker, Git, Machine Learning, NLP, NumPy, Pandas, Python, SQL, Scikit-learn]."
652,CAND_1137,CONSULTANT,2.11,0.0,1.27,,"AWS, Docker, Git, Machine Learning, NLP, NumPy, Pandas, Python, SQL, Scikit-learn","Candidate CAND_1137 shows weak overall alignment (2.11% text similarity, 0.0% skill match). Missing critical requirements: [AWS, Docker, Git, Machine Learning, NLP, NumPy, Pandas, Python, SQL, Scikit-learn]."
653,CAND_1594,APPAREL,2.12,0.0,1.27,,"AWS, Docker, Git, Machine Learning, NLP, NumPy, Pandas, Python, SQL, Scikit-learn","Candidate CAND_1594 shows weak overall alignment (2.12% text similarity, 0.0% skill match). Missing critical requirements: [AWS, Docker, Git, Machine Learning, NLP, NumPy, Pandas, Python, SQL, Scikit-learn]."
654,CAND_1529,FINANCE,2.12,0.0,1.27,,"AWS, Docker, Git, Machine Learning, NLP, NumPy, Pandas, Python, SQL, Scikit-learn","Candidate CAND_1529 shows weak overall alignment (2.12% text similarity, 0.0% skill match). Missing critical requirements: [AWS, Docker, Git, Machine Learning, NLP, NumPy, Pandas, Python, SQL, Scikit-learn]."
655,CAND_206,DESIGNER,2.11,0.0,1.27,,"AWS, Docker, Git, Machine Learning, NLP, NumPy, Pandas, Python, SQL, Scikit-learn","Candidate CAND_206 shows weak overall alignment (2.11% text similarity, 0.0% skill match). Missing critical requirements: [AWS, Docker, Git, Machine Learning, NLP, NumPy, Pandas, Python, SQL, Scikit-learn]."
656,CAND_1550,FINANCE,2.12,0.0,1.27,,"AWS, Docker, Git, Machine Learning, NLP, NumPy, Pandas, Python, SQL, Scikit-learn","Candidate CAND_1550 shows weak overall alignment (2.12% text similarity, 0.0% skill match). Missing critical requirements: [AWS, Docker, Git, Machine Learning, NLP, NumPy, Pandas, Python, SQL, Scikit-learn]."
657,CAND_480,ADVOCATE,2.1,0.0,1.26,,"AWS, Docker, Git, Machine Learning, NLP, NumPy, Pandas, Python, SQL, Scikit-learn","Candidate CAND_480 shows weak overall alignment (2.1% text similarity, 0.0% skill match). Missing critical requirements: [AWS, Docker, Git, Machine Learning, NLP, NumPy, Pandas, Python, SQL, Scikit-learn]."
658,CAND_632,BUSINESS-DEVELOPMENT,2.1,0.0,1.26,,"AWS, Docker, Git, Machine Learning, NLP, NumPy, Pandas, Python, SQL, Scikit-learn","Candidate CAND_632 shows weak overall alignment (2.1% text similarity, 0.0% skill match). Missing critical requirements: [AWS, Docker, Git, Machine Learning, NLP, NumPy, Pandas, Python, SQL, Scikit-learn]."
659,CAND_1686,APPAREL,2.1,0.0,1.26,,"AWS, Docker, Git, Machine Learning, NLP, NumPy, Pandas, Python, SQL, Scikit-learn","Candidate CAND_1686 shows weak overall alignment (2.1% text similarity, 0.0% skill match). Missing critical requirements: [AWS, Docker, Git, Machine Learning, NLP, NumPy, Pandas, Python, SQL, Scikit-learn]."
660,CAND_2032,CONSTRUCTION,2.09,0.0,1.25,,"AWS, Docker, Git, Machine Learning, NLP, NumPy, Pandas, Python, SQL, Scikit-learn","Candidate CAND_2032 shows weak overall alignment (2.09% text similarity, 0.0% skill match). Missing critical requirements: [AWS, Docker, Git, Machine Learning, NLP, NumPy, Pandas, Python, SQL, Scikit-learn]."
661,CAND_707,HEALTHCARE,2.08,0.0,1.25,,"AWS, Docker, Git, Machine Learning, NLP, NumPy, Pandas, Python, SQL, Scikit-learn","Candidate CAND_707 shows weak overall alignment (2.08% text similarity, 0.0% skill match). Missing critical requirements: [AWS, Docker, Git, Machine Learning, NLP, NumPy, Pandas, Python, SQL, Scikit-learn]."
662,CAND_1582,FINANCE,2.08,0.0,1.25,,"AWS, Docker, Git, Machine Learning, NLP, NumPy, Pandas, Python, SQL, Scikit-learn","Candidate CAND_1582 shows weak overall alignment (2.08% text similarity, 0.0% skill match). Missing critical requirements: [AWS, Docker, Git, Machine Learning, NLP, NumPy, Pandas, Python, SQL, Scikit-learn]."
663,CAND_771,HEALTHCARE,2.09,0.0,1.25,,"AWS, Docker, Git, Machine Learning, NLP, NumPy, Pandas, Python, SQL, Scikit-learn","Candidate CAND_771 shows weak overall alignment (2.09% text similarity, 0.0% skill match). Missing critical requirements: [AWS, Docker, Git, Machine Learning, NLP, NumPy, Pandas, Python, SQL, Scikit-learn]."
664,CAND_2084,PUBLIC-RELATIONS,2.08,0.0,1.25,,"AWS, Docker, Git, Machine Learning, NLP, NumPy, Pandas, Python, SQL, Scikit-learn","Candidate CAND_2084 shows weak overall alignment (2.08% text similarity, 0.0% skill match). Missing critical requirements: [AWS, Docker, Git, Machine Learning, NLP, NumPy, Pandas, Python, SQL, Scikit-learn]."
665,CAND_1335,AUTOMOBILE,2.08,0.0,1.25,,"AWS, Docker, Git, Machine Learning, NLP, NumPy, Pandas, Python, SQL, Scikit-learn","Candidate CAND_1335 shows weak overall alignment (2.08% text similarity, 0.0% skill match). Missing critical requirements: [AWS, Docker, Git, Machine Learning, NLP, NumPy, Pandas, Python, SQL, Scikit-learn]."
666,CAND_2286,ARTS,2.09,0.0,1.25,,"AWS, Docker, Git, Machine Learning, NLP, NumPy, Pandas, Python, SQL, Scikit-learn","Candidate CAND_2286 shows weak overall alignment (2.09% text similarity, 0.0% skill match). Missing critical requirements: [AWS, Docker, Git, Machine Learning, NLP, NumPy, Pandas, Python, SQL, Scikit-learn]."
667,CAND_723,HEALTHCARE,2.09,0.0,1.25,,"AWS, Docker, Git, Machine Learning, NLP, NumPy, Pandas, Python, SQL, Scikit-learn","Candidate CAND_723 shows weak overall alignment (2.09% text similarity, 0.0% skill match). Missing critical requirements: [AWS, Docker, Git, Machine Learning, NLP, NumPy, Pandas, Python, SQL, Scikit-learn]."
668,CAND_444,ADVOCATE,2.06,0.0,1.24,,"AWS, Docker, Git, Machine Learning, NLP, NumPy, Pandas, Python, SQL, Scikit-learn","Candidate CAND_444 shows weak overall alignment (2.06% text similarity, 0.0% skill match). Missing critical requirements: [AWS, Docker, Git, Machine Learning, NLP, NumPy, Pandas, Python, SQL, Scikit-learn]."
669,CAND_1364,CHEF,2.06,0.0,1.24,,"AWS, Docker, Git, Machine Learning, NLP, NumPy, Pandas, Python, SQL, Scikit-learn","Candidate CAND_1364 shows weak overall alignment (2.06% text similarity, 0.0% skill match). Missing critical requirements: [AWS, Docker, Git, Machine Learning, NLP, NumPy, Pandas, Python, SQL, Scikit-learn]."
670,CAND_081,HR,2.07,0.0,1.24,,"AWS, Docker, Git, Machine Learning, NLP, NumPy, Pandas, Python, SQL, Scikit-learn","Candidate CAND_081 shows weak overall alignment (2.07% text similarity, 0.0% skill match). Missing critical requirements: [AWS, Docker, Git, Machine Learning, NLP, NumPy, Pandas, Python, SQL, Scikit-learn]."
671,CAND_1037,SALES,2.05,0.0,1.23,,"AWS, Docker, Git, Machine Learning, NLP, NumPy, Pandas, Python, SQL, Scikit-learn","Candidate CAND_1037 shows weak overall alignment (2.05% text similarity, 0.0% skill match). Missing critical requirements: [AWS, Docker, Git, Machine Learning, NLP, NumPy, Pandas, Python, SQL, Scikit-learn]."
672,CAND_1351,AUTOMOBILE,2.03,0.0,1.22,,"AWS, Docker, Git, Machine Learning, NLP, NumPy, Pandas, Python, SQL, Scikit-learn","Candidate CAND_1351 shows weak overall alignment (2.03% text similarity, 0.0% skill match). Missing critical requirements: [AWS, Docker, Git, Machine Learning, NLP, NumPy, Pandas, Python, SQL, Scikit-learn]."
673,CAND_1629,APPAREL,2.01,0.0,1.21,,"AWS, Docker, Git, Machine Learning, NLP, NumPy, Pandas, Python, SQL, Scikit-learn","Candidate CAND_1629 shows weak overall alignment (2.01% text similarity, 0.0% skill match). Missing critical requirements: [AWS, Docker, Git, Machine Learning, NLP, NumPy, Pandas, Python, SQL, Scikit-learn]."
674,CAND_527,ADVOCATE,2.01,0.0,1.21,,"AWS, Docker, Git, Machine Learning, NLP, NumPy, Pandas, Python, SQL, Scikit-learn","Candidate CAND_527 shows weak overall alignment (2.01% text similarity, 0.0% skill match). Missing critical requirements: [AWS, Docker, Git, Machine Learning, NLP, NumPy, Pandas, Python, SQL, Scikit-learn]."
675,CAND_429,TEACHER,2.01,0.0,1.21,,"AWS, Docker, Git, Machine Learning, NLP, NumPy, Pandas, Python, SQL, Scikit-learn","Candidate CAND_429 shows weak overall alignment (2.01% text similarity, 0.0% skill match). Missing critical requirements: [AWS, Docker, Git, Machine Learning, NLP, NumPy, Pandas, Python, SQL, Scikit-learn]."
676,CAND_999,SALES,2.01,0.0,1.21,,"AWS, Docker, Git, Machine Learning, NLP, NumPy, Pandas, Python, SQL, Scikit-learn","Candidate CAND_999 shows weak overall alignment (2.01% text similarity, 0.0% skill match). Missing critical requirements: [AWS, Docker, Git, Machine Learning, NLP, NumPy, Pandas, Python, SQL, Scikit-learn]."
677,CAND_2020,CONSTRUCTION,2.0,0.0,1.2,,"AWS, Docker, Git, Machine Learning, NLP, NumPy, Pandas, Python, SQL, Scikit-learn","Candidate CAND_2020 shows weak overall alignment (2.0% text similarity, 0.0% skill match). Missing critical requirements: [AWS, Docker, Git, Machine Learning, NLP, NumPy, Pandas, Python, SQL, Scikit-learn]."
678,CAND_816,FITNESS,2.0,0.0,1.2,,"AWS, Docker, Git, Machine Learning, NLP, NumPy, Pandas, Python, SQL, Scikit-learn","Candidate CAND_816 shows weak overall alignment (2.0% text similarity, 0.0% skill match). Missing critical requirements: [AWS, Docker, Git, Machine Learning, NLP, NumPy, Pandas, Python, SQL, Scikit-learn]."
679,CAND_2068,PUBLIC-RELATIONS,2.0,0.0,1.2,,"AWS, Docker, Git, Machine Learning, NLP, NumPy, Pandas, Python, SQL, Scikit-learn","Candidate CAND_2068 shows weak overall alignment (2.0% text similarity, 0.0% skill match). Missing critical requirements: [AWS, Docker, Git, Machine Learning, NLP, NumPy, Pandas, Python, SQL, Scikit-learn]."
680,CAND_1670,APPAREL,2.0,0.0,1.2,,"AWS, Docker, Git, Machine Learning, NLP, NumPy, Pandas, Python, SQL, Scikit-learn","Candidate CAND_1670 shows weak overall alignment (2.0% text similarity, 0.0% skill match). Missing critical requirements: [AWS, Docker, Git, Machine Learning, NLP, NumPy, Pandas, Python, SQL, Scikit-learn]."
681,CAND_890,FITNESS,1.99,0.0,1.19,,"AWS, Docker, Git, Machine Learning, NLP, NumPy, Pandas, Python, SQL, Scikit-learn","Candidate CAND_890 shows weak overall alignment (1.99% text similarity, 0.0% skill match). Missing critical requirements: [AWS, Docker, Git, Machine Learning, NLP, NumPy, Pandas, Python, SQL, Scikit-learn]."
682,CAND_1602,APPAREL,1.98,0.0,1.19,,"AWS, Docker, Git, Machine Learning, NLP, NumPy, Pandas, Python, SQL, Scikit-learn","Candidate CAND_1602 shows weak overall alignment (1.98% text similarity, 0.0% skill match). Missing critical requirements: [AWS, Docker, Git, Machine Learning, NLP, NumPy, Pandas, Python, SQL, Scikit-learn]."
683,CAND_1014,SALES,1.98,0.0,1.19,,"AWS, Docker, Git, Machine Learning, NLP, NumPy, Pandas, Python, SQL, Scikit-learn","Candidate CAND_1014 shows weak overall alignment (1.98% text similarity, 0.0% skill match). Missing critical requirements: [AWS, Docker, Git, Machine Learning, NLP, NumPy, Pandas, Python, SQL, Scikit-learn]."
684,CAND_2002,CONSTRUCTION,1.98,0.0,1.19,,"AWS, Docker, Git, Machine Learning, NLP, NumPy, Pandas, Python, SQL, Scikit-learn","Candidate CAND_2002 shows weak overall alignment (1.98% text similarity, 0.0% skill match). Missing critical requirements: [AWS, Docker, Git, Machine Learning, NLP, NumPy, Pandas, Python, SQL, Scikit-learn]."
685,CAND_1047,SALES,1.98,0.0,1.19,,"AWS, Docker, Git, Machine Learning, NLP, NumPy, Pandas, Python, SQL, Scikit-learn","Candidate CAND_1047 shows weak overall alignment (1.98% text similarity, 0.0% skill match). Missing critical requirements: [AWS, Docker, Git, Machine Learning, NLP, NumPy, Pandas, Python, SQL, Scikit-learn]."
686,CAND_461,ADVOCATE,1.99,0.0,1.19,,"AWS, Docker, Git, Machine Learning, NLP, NumPy, Pandas, Python, SQL, Scikit-learn","Candidate CAND_461 shows weak overall alignment (1.99% text similarity, 0.0% skill match). Missing critical requirements: [AWS, Docker, Git, Machine Learning, NLP, NumPy, Pandas, Python, SQL, Scikit-learn]."
687,CAND_2444,AVIATION,1.98,0.0,1.19,,"AWS, Docker, Git, Machine Learning, NLP, NumPy, Pandas, Python, SQL, Scikit-learn","Candidate CAND_2444 shows weak overall alignment (1.98% text similarity, 0.0% skill match). Missing critical requirements: [AWS, Docker, Git, Machine Learning, NLP, NumPy, Pandas, Python, SQL, Scikit-learn]."
688,CAND_1969,CONSTRUCTION,1.98,0.0,1.19,,"AWS, Docker, Git, Machine Learning, NLP, NumPy, Pandas, Python, SQL, Scikit-learn","Candidate CAND_1969 shows weak overall alignment (1.98% text similarity, 0.0% skill match). Missing critical requirements: [AWS, Docker, Git, Machine Learning, NLP, NumPy, Pandas, Python, SQL, Scikit-learn]."
689,CAND_030,HR,1.98,0.0,1.19,,"AWS, Docker, Git, Machine Learning, NLP, NumPy, Pandas, Python, SQL, Scikit-learn","Candidate CAND_030 shows weak overall alignment (1.98% text similarity, 0.0% skill match). Missing critical requirements: [AWS, Docker, Git, Machine Learning, NLP, NumPy, Pandas, Python, SQL, Scikit-learn]."
690,CAND_2096,PUBLIC-RELATIONS,1.96,0.0,1.18,,"AWS, Docker, Git, Machine Learning, NLP, NumPy, Pandas, Python, SQL, Scikit-learn","Candidate CAND_2096 shows weak overall alignment (1.96% text similarity, 0.0% skill match). Missing critical requirements: [AWS, Docker, Git, Machine Learning, NLP, NumPy, Pandas, Python, SQL, Scikit-learn]."
691,CAND_2287,ARTS,1.96,0.0,1.18,,"AWS, Docker, Git, Machine Learning, NLP, NumPy, Pandas, Python, SQL, Scikit-learn","Candidate CAND_2287 shows weak overall alignment (1.96% text similarity, 0.0% skill match). Missing critical requirements: [AWS, Docker, Git, Machine Learning, NLP, NumPy, Pandas, Python, SQL, Scikit-learn]."
692,CAND_1011,SALES,1.96,0.0,1.18,,"AWS, Docker, Git, Machine Learning, NLP, NumPy, Pandas, Python, SQL, Scikit-learn","Candidate CAND_1011 shows weak overall alignment (1.96% text similarity, 0.0% skill match). Missing critical requirements: [AWS, Docker, Git, Machine Learning, NLP, NumPy, Pandas, Python, SQL, Scikit-learn]."
693,CAND_874,FITNESS,1.96,0.0,1.18,,"AWS, Docker, Git, Machine Learning, NLP, NumPy, Pandas, Python, SQL, Scikit-learn","Candidate CAND_874 shows weak overall alignment (1.96% text similarity, 0.0% skill match). Missing critical requirements: [AWS, Docker, Git, Machine Learning, NLP, NumPy, Pandas, Python, SQL, Scikit-learn]."
694,CAND_170,DESIGNER,1.97,0.0,1.18,,"AWS, Docker, Git, Machine Learning, NLP, NumPy, Pandas, Python, SQL, Scikit-learn","Candidate CAND_170 shows weak overall alignment (1.97% text similarity, 0.0% skill match). Missing critical requirements: [AWS, Docker, Git, Machine Learning, NLP, NumPy, Pandas, Python, SQL, Scikit-learn]."
695,CAND_346,TEACHER,1.95,0.0,1.17,,"AWS, Docker, Git, Machine Learning, NLP, NumPy, Pandas, Python, SQL, Scikit-learn","Candidate CAND_346 shows weak overall alignment (1.95% text similarity, 0.0% skill match). Missing critical requirements: [AWS, Docker, Git, Machine Learning, NLP, NumPy, Pandas, Python, SQL, Scikit-learn]."
696,CAND_010,HR,1.95,0.0,1.17,,"AWS, Docker, Git, Machine Learning, NLP, NumPy, Pandas, Python, SQL, Scikit-learn","Candidate CAND_010 shows weak overall alignment (1.95% text similarity, 0.0% skill match). Missing critical requirements: [AWS, Docker, Git, Machine Learning, NLP, NumPy, Pandas, Python, SQL, Scikit-learn]."
697,CAND_1975,CONSTRUCTION,1.95,0.0,1.17,,"AWS, Docker, Git, Machine Learning, NLP, NumPy, Pandas, Python, SQL, Scikit-learn","Candidate CAND_1975 shows weak overall alignment (1.95% text similarity, 0.0% skill match). Missing critical requirements: [AWS, Docker, Git, Machine Learning, NLP, NumPy, Pandas, Python, SQL, Scikit-learn]."
698,CAND_1715,ENGINEERING,1.95,0.0,1.17,,"AWS, Docker, Git, Machine Learning, NLP, NumPy, Pandas, Python, SQL, Scikit-learn","Candidate CAND_1715 shows weak overall alignment (1.95% text similarity, 0.0% skill match). Missing critical requirements: [AWS, Docker, Git, Machine Learning, NLP, NumPy, Pandas, Python, SQL, Scikit-learn]."
699,CAND_2343,ARTS,1.94,0.0,1.16,,"AWS, Docker, Git, Machine Learning, NLP, NumPy, Pandas, Python, SQL, Scikit-learn","Candidate CAND_2343 shows weak overall alignment (1.94% text similarity, 0.0% skill match). Missing critical requirements: [AWS, Docker, Git, Machine Learning, NLP, NumPy, Pandas, Python, SQL, Scikit-learn]."
700,CAND_1847,ACCOUNTANT,1.94,0.0,1.16,,"AWS, Docker, Git, Machine Learning, NLP, NumPy, Pandas, Python, SQL, Scikit-learn","Candidate CAND_1847 shows weak overall alignment (1.94% text similarity, 0.0% skill match). Missing critical requirements: [AWS, Docker, Git, Machine Learning, NLP, NumPy, Pandas, Python, SQL, Scikit-learn]."
701,CAND_211,DESIGNER,1.93,0.0,1.16,,"AWS, Docker, Git, Machine Learning, NLP, NumPy, Pandas, Python, SQL, Scikit-learn","Candidate CAND_211 shows weak overall alignment (1.93% text similarity, 0.0% skill match). Missing critical requirements: [AWS, Docker, Git, Machine Learning, NLP, NumPy, Pandas, Python, SQL, Scikit-learn]."
702,CAND_2277,ARTS,1.92,0.0,1.15,,"AWS, Docker, Git, Machine Learning, NLP, NumPy, Pandas, Python, SQL, Scikit-learn","Candidate CAND_2277 shows weak overall alignment (1.92% text similarity, 0.0% skill match). Missing critical requirements: [AWS, Docker, Git, Machine Learning, NLP, NumPy, Pandas, Python, SQL, Scikit-learn]."
703,CAND_205,DESIGNER,1.91,0.0,1.15,,"AWS, Docker, Git, Machine Learning, NLP, NumPy, Pandas, Python, SQL, Scikit-learn","Candidate CAND_205 shows weak overall alignment (1.91% text similarity, 0.0% skill match). Missing critical requirements: [AWS, Docker, Git, Machine Learning, NLP, NumPy, Pandas, Python, SQL, Scikit-learn]."
704,CAND_1933,CONSTRUCTION,1.91,0.0,1.15,,"AWS, Docker, Git, Machine Learning, NLP, NumPy, Pandas, Python, SQL, Scikit-learn","Candidate CAND_1933 shows weak overall alignment (1.91% text similarity, 0.0% skill match). Missing critical requirements: [AWS, Docker, Git, Machine Learning, NLP, NumPy, Pandas, Python, SQL, Scikit-learn]."
705,CAND_934,AGRICULTURE,1.91,0.0,1.15,,"AWS, Docker, Git, Machine Learning, NLP, NumPy, Pandas, Python, SQL, Scikit-learn","Candidate CAND_934 shows weak overall alignment (1.91% text similarity, 0.0% skill match). Missing critical requirements: [AWS, Docker, Git, Machine Learning, NLP, NumPy, Pandas, Python, SQL, Scikit-learn]."
706,CAND_1131,CONSULTANT,1.92,0.0,1.15,,"AWS, Docker, Git, Machine Learning, NLP, NumPy, Pandas, Python, SQL, Scikit-learn","Candidate CAND_1131 shows weak overall alignment (1.92% text similarity, 0.0% skill match). Missing critical requirements: [AWS, Docker, Git, Machine Learning, NLP, NumPy, Pandas, Python, SQL, Scikit-learn]."
707,CAND_2479,AVIATION,1.91,0.0,1.15,,"AWS, Docker, Git, Machine Learning, NLP, NumPy, Pandas, Python, SQL, Scikit-learn","Candidate CAND_2479 shows weak overall alignment (1.91% text similarity, 0.0% skill match). Missing critical requirements: [AWS, Docker, Git, Machine Learning, NLP, NumPy, Pandas, Python, SQL, Scikit-learn]."
708,CAND_2387,AVIATION,1.91,0.0,1.15,,"AWS, Docker, Git, Machine Learning, NLP, NumPy, Pandas, Python, SQL, Scikit-learn","Candidate CAND_2387 shows weak overall alignment (1.91% text similarity, 0.0% skill match). Missing critical requirements: [AWS, Docker, Git, Machine Learning, NLP, NumPy, Pandas, Python, SQL, Scikit-learn]."
709,CAND_1650,APPAREL,1.9,0.0,1.14,,"AWS, Docker, Git, Machine Learning, NLP, NumPy, Pandas, Python, SQL, Scikit-learn","Candidate CAND_1650 shows weak overall alignment (1.9% text similarity, 0.0% skill match). Missing critical requirements: [AWS, Docker, Git, Machine Learning, NLP, NumPy, Pandas, Python, SQL, Scikit-learn]."
710,CAND_1611,APPAREL,1.9,0.0,1.14,,"AWS, Docker, Git, Machine Learning, NLP, NumPy, Pandas, Python, SQL, Scikit-learn","Candidate CAND_1611 shows weak overall alignment (1.9% text similarity, 0.0% skill match). Missing critical requirements: [AWS, Docker, Git, Machine Learning, NLP, NumPy, Pandas, Python, SQL, Scikit-learn]."
711,CAND_1033,SALES,1.9,0.0,1.14,,"AWS, Docker, Git, Machine Learning, NLP, NumPy, Pandas, Python, SQL, Scikit-learn","Candidate CAND_1033 shows weak overall alignment (1.9% text similarity, 0.0% skill match). Missing critical requirements: [AWS, Docker, Git, Machine Learning, NLP, NumPy, Pandas, Python, SQL, Scikit-learn]."
712,CAND_1908,ACCOUNTANT,1.9,0.0,1.14,,"AWS, Docker, Git, Machine Learning, NLP, NumPy, Pandas, Python, SQL, Scikit-learn","Candidate CAND_1908 shows weak overall alignment (1.9% text similarity, 0.0% skill match). Missing critical requirements: [AWS, Docker, Git, Machine Learning, NLP, NumPy, Pandas, Python, SQL, Scikit-learn]."
713,CAND_1593,APPAREL,1.89,0.0,1.13,,"AWS, Docker, Git, Machine Learning, NLP, NumPy, Pandas, Python, SQL, Scikit-learn","Candidate CAND_1593 shows weak overall alignment (1.89% text similarity, 0.0% skill match). Missing critical requirements: [AWS, Docker, Git, Machine Learning, NLP, NumPy, Pandas, Python, SQL, Scikit-learn]."
714,CAND_2324,ARTS,1.89,0.0,1.13,,"AWS, Docker, Git, Machine Learning, NLP, NumPy, Pandas, Python, SQL, Scikit-learn","Candidate CAND_2324 shows weak overall alignment (1.89% text similarity, 0.0% skill match). Missing critical requirements: [AWS, Docker, Git, Machine Learning, NLP, NumPy, Pandas, Python, SQL, Scikit-learn]."
715,CAND_1237,DIGITAL-MEDIA,1.88,0.0,1.13,,"AWS, Docker, Git, Machine Learning, NLP, NumPy, Pandas, Python, SQL, Scikit-learn","Candidate CAND_1237 shows weak overall alignment (1.88% text similarity, 0.0% skill match). Missing critical requirements: [AWS, Docker, Git, Machine Learning, NLP, NumPy, Pandas, Python, SQL, Scikit-learn]."
716,CAND_2272,ARTS,1.88,0.0,1.13,,"AWS, Docker, Git, Machine Learning, NLP, NumPy, Pandas, Python, SQL, Scikit-learn","Candidate CAND_2272 shows weak overall alignment (1.88% text similarity, 0.0% skill match). Missing critical requirements: [AWS, Docker, Git, Machine Learning, NLP, NumPy, Pandas, Python, SQL, Scikit-learn]."
717,CAND_1228,DIGITAL-MEDIA,1.89,0.0,1.13,,"AWS, Docker, Git, Machine Learning, NLP, NumPy, Pandas, Python, SQL, Scikit-learn","Candidate CAND_1228 shows weak overall alignment (1.89% text similarity, 0.0% skill match). Missing critical requirements: [AWS, Docker, Git, Machine Learning, NLP, NumPy, Pandas, Python, SQL, Scikit-learn]."
718,CAND_518,ADVOCATE,1.88,0.0,1.13,,"AWS, Docker, Git, Machine Learning, NLP, NumPy, Pandas, Python, SQL, Scikit-learn","Candidate CAND_518 shows weak overall alignment (1.88% text similarity, 0.0% skill match). Missing critical requirements: [AWS, Docker, Git, Machine Learning, NLP, NumPy, Pandas, Python, SQL, Scikit-learn]."
719,CAND_1956,CONSTRUCTION,1.89,0.0,1.13,,"AWS, Docker, Git, Machine Learning, NLP, NumPy, Pandas, Python, SQL, Scikit-learn","Candidate CAND_1956 shows weak overall alignment (1.89% text similarity, 0.0% skill match). Missing critical requirements: [AWS, Docker, Git, Machine Learning, NLP, NumPy, Pandas, Python, SQL, Scikit-learn]."
720,CAND_1062,SALES,1.88,0.0,1.13,,"AWS, Docker, Git, Machine Learning, NLP, NumPy, Pandas, Python, SQL, Scikit-learn","Candidate CAND_1062 shows weak overall alignment (1.88% text similarity, 0.0% skill match). Missing critical requirements: [AWS, Docker, Git, Machine Learning, NLP, NumPy, Pandas, Python, SQL, Scikit-learn]."
721,CAND_2407,AVIATION,1.89,0.0,1.13,,"AWS, Docker, Git, Machine Learning, NLP, NumPy, Pandas, Python, SQL, Scikit-learn","Candidate CAND_2407 shows weak overall alignment (1.89% text similarity, 0.0% skill match). Missing critical requirements: [AWS, Docker, Git, Machine Learning, NLP, NumPy, Pandas, Python, SQL, Scikit-learn]."
722,CAND_879,FITNESS,1.86,0.0,1.12,,"AWS, Docker, Git, Machine Learning, NLP, NumPy, Pandas, Python, SQL, Scikit-learn","Candidate CAND_879 shows weak overall alignment (1.86% text similarity, 0.0% skill match). Missing critical requirements: [AWS, Docker, Git, Machine Learning, NLP, NumPy, Pandas, Python, SQL, Scikit-learn]."
723,CAND_290,INFORMATION-TECHNOLOGY,1.86,0.0,1.12,,"AWS, Docker, Git, Machine Learning, NLP, NumPy, Pandas, Python, SQL, Scikit-learn","Candidate CAND_290 shows weak overall alignment (1.86% text similarity, 0.0% skill match). Missing critical requirements: [AWS, Docker, Git, Machine Learning, NLP, NumPy, Pandas, Python, SQL, Scikit-learn]."
724,CAND_135,DESIGNER,1.86,0.0,1.12,,"AWS, Docker, Git, Machine Learning, NLP, NumPy, Pandas, Python, SQL, Scikit-learn","Candidate CAND_135 shows weak overall alignment (1.86% text similarity, 0.0% skill match). Missing critical requirements: [AWS, Docker, Git, Machine Learning, NLP, NumPy, Pandas, Python, SQL, Scikit-learn]."
725,CAND_2356,ARTS,1.87,0.0,1.12,,"AWS, Docker, Git, Machine Learning, NLP, NumPy, Pandas, Python, SQL, Scikit-learn","Candidate CAND_2356 shows weak overall alignment (1.87% text similarity, 0.0% skill match). Missing critical requirements: [AWS, Docker, Git, Machine Learning, NLP, NumPy, Pandas, Python, SQL, Scikit-learn]."
726,CAND_733,HEALTHCARE,1.86,0.0,1.12,,"AWS, Docker, Git, Machine Learning, NLP, NumPy, Pandas, Python, SQL, Scikit-learn","Candidate CAND_733 shows weak overall alignment (1.86% text similarity, 0.0% skill match). Missing critical requirements: [AWS, Docker, Git, Machine Learning, NLP, NumPy, Pandas, Python, SQL, Scikit-learn]."
727,CAND_306,INFORMATION-TECHNOLOGY,1.86,0.0,1.12,,"AWS, Docker, Git, Machine Learning, NLP, NumPy, Pandas, Python, SQL, Scikit-learn","Candidate CAND_306 shows weak overall alignment (1.86% text similarity, 0.0% skill match). Missing critical requirements: [AWS, Docker, Git, Machine Learning, NLP, NumPy, Pandas, Python, SQL, Scikit-learn]."
728,CAND_1436,CHEF,1.87,0.0,1.12,,"AWS, Docker, Git, Machine Learning, NLP, NumPy, Pandas, Python, SQL, Scikit-learn","Candidate CAND_1436 shows weak overall alignment (1.87% text similarity, 0.0% skill match). Missing critical requirements: [AWS, Docker, Git, Machine Learning, NLP, NumPy, Pandas, Python, SQL, Scikit-learn]."
729,CAND_887,FITNESS,1.87,0.0,1.12,,"AWS, Docker, Git, Machine Learning, NLP, NumPy, Pandas, Python, SQL, Scikit-learn","Candidate CAND_887 shows weak overall alignment (1.87% text similarity, 0.0% skill match). Missing critical requirements: [AWS, Docker, Git, Machine Learning, NLP, NumPy, Pandas, Python, SQL, Scikit-learn]."
730,CAND_391,TEACHER,1.86,0.0,1.12,,"AWS, Docker, Git, Machine Learning, NLP, NumPy, Pandas, Python, SQL, Scikit-learn","Candidate CAND_391 shows weak overall alignment (1.86% text similarity, 0.0% skill match). Missing critical requirements: [AWS, Docker, Git, Machine Learning, NLP, NumPy, Pandas, Python, SQL, Scikit-learn]."
731,CAND_087,HR,1.85,0.0,1.11,,"AWS, Docker, Git, Machine Learning, NLP, NumPy, Pandas, Python, SQL, Scikit-learn","Candidate CAND_087 shows weak overall alignment (1.85% text similarity, 0.0% skill match). Missing critical requirements: [AWS, Docker, Git, Machine Learning, NLP, NumPy, Pandas, Python, SQL, Scikit-learn]."
732,CAND_2428,AVIATION,1.85,0.0,1.11,,"AWS, Docker, Git, Machine Learning, NLP, NumPy, Pandas, Python, SQL, Scikit-learn","Candidate CAND_2428 shows weak overall alignment (1.85% text similarity, 0.0% skill match). Missing critical requirements: [AWS, Docker, Git, Machine Learning, NLP, NumPy, Pandas, Python, SQL, Scikit-learn]."
733,CAND_1002,SALES,1.85,0.0,1.11,,"AWS, Docker, Git, Machine Learning, NLP, NumPy, Pandas, Python, SQL, Scikit-learn","Candidate CAND_1002 shows weak overall alignment (1.85% text similarity, 0.0% skill match). Missing critical requirements: [AWS, Docker, Git, Machine Learning, NLP, NumPy, Pandas, Python, SQL, Scikit-learn]."
734,CAND_333,INFORMATION-TECHNOLOGY,1.84,0.0,1.1,,"AWS, Docker, Git, Machine Learning, NLP, NumPy, Pandas, Python, SQL, Scikit-learn","Candidate CAND_333 shows weak overall alignment (1.84% text similarity, 0.0% skill match). Missing critical requirements: [AWS, Docker, Git, Machine Learning, NLP, NumPy, Pandas, Python, SQL, Scikit-learn]."
735,CAND_1017,SALES,1.83,0.0,1.1,,"AWS, Docker, Git, Machine Learning, NLP, NumPy, Pandas, Python, SQL, Scikit-learn","Candidate CAND_1017 shows weak overall alignment (1.83% text similarity, 0.0% skill match). Missing critical requirements: [AWS, Docker, Git, Machine Learning, NLP, NumPy, Pandas, Python, SQL, Scikit-learn]."
736,CAND_996,SALES,1.83,0.0,1.1,,"AWS, Docker, Git, Machine Learning, NLP, NumPy, Pandas, Python, SQL, Scikit-learn","Candidate CAND_996 shows weak overall alignment (1.83% text similarity, 0.0% skill match). Missing critical requirements: [AWS, Docker, Git, Machine Learning, NLP, NumPy, Pandas, Python, SQL, Scikit-learn]."
737,CAND_002,HR,1.84,0.0,1.1,,"AWS, Docker, Git, Machine Learning, NLP, NumPy, Pandas, Python, SQL, Scikit-learn","Candidate CAND_002 shows weak overall alignment (1.84% text similarity, 0.0% skill match). Missing critical requirements: [AWS, Docker, Git, Machine Learning, NLP, NumPy, Pandas, Python, SQL, Scikit-learn]."
738,CAND_1205,CONSULTANT,1.84,0.0,1.1,,"AWS, Docker, Git, Machine Learning, NLP, NumPy, Pandas, Python, SQL, Scikit-learn","Candidate CAND_1205 shows weak overall alignment (1.84% text similarity, 0.0% skill match). Missing critical requirements: [AWS, Docker, Git, Machine Learning, NLP, NumPy, Pandas, Python, SQL, Scikit-learn]."
739,CAND_357,TEACHER,1.84,0.0,1.1,,"AWS, Docker, Git, Machine Learning, NLP, NumPy, Pandas, Python, SQL, Scikit-learn","Candidate CAND_357 shows weak overall alignment (1.84% text similarity, 0.0% skill match). Missing critical requirements: [AWS, Docker, Git, Machine Learning, NLP, NumPy, Pandas, Python, SQL, Scikit-learn]."
740,CAND_2411,AVIATION,1.81,0.0,1.09,,"AWS, Docker, Git, Machine Learning, NLP, NumPy, Pandas, Python, SQL, Scikit-learn","Candidate CAND_2411 shows weak overall alignment (1.81% text similarity, 0.0% skill match). Missing critical requirements: [AWS, Docker, Git, Machine Learning, NLP, NumPy, Pandas, Python, SQL, Scikit-learn]."
741,CAND_2022,CONSTRUCTION,1.81,0.0,1.09,,"AWS, Docker, Git, Machine Learning, NLP, NumPy, Pandas, Python, SQL, Scikit-learn","Candidate CAND_2022 shows weak overall alignment (1.81% text similarity, 0.0% skill match). Missing critical requirements: [AWS, Docker, Git, Machine Learning, NLP, NumPy, Pandas, Python, SQL, Scikit-learn]."
742,CAND_541,ADVOCATE,1.82,0.0,1.09,,"AWS, Docker, Git, Machine Learning, NLP, NumPy, Pandas, Python, SQL, Scikit-learn","Candidate CAND_541 shows weak overall alignment (1.82% text similarity, 0.0% skill match). Missing critical requirements: [AWS, Docker, Git, Machine Learning, NLP, NumPy, Pandas, Python, SQL, Scikit-learn]."
743,CAND_2059,PUBLIC-RELATIONS,1.81,0.0,1.09,,"AWS, Docker, Git, Machine Learning, NLP, NumPy, Pandas, Python, SQL, Scikit-learn","Candidate CAND_2059 shows weak overall alignment (1.81% text similarity, 0.0% skill match). Missing critical requirements: [AWS, Docker, Git, Machine Learning, NLP, NumPy, Pandas, Python, SQL, Scikit-learn]."
744,CAND_681,HEALTHCARE,1.81,0.0,1.09,,"AWS, Docker, Git, Machine Learning, NLP, NumPy, Pandas, Python, SQL, Scikit-learn","Candidate CAND_681 shows weak overall alignment (1.81% text similarity, 0.0% skill match). Missing critical requirements: [AWS, Docker, Git, Machine Learning, NLP, NumPy, Pandas, Python, SQL, Scikit-learn]."
745,CAND_1065,SALES,1.8,0.0,1.08,,"AWS, Docker, Git, Machine Learning, NLP, NumPy, Pandas, Python, SQL, Scikit-learn","Candidate CAND_1065 shows weak overall alignment (1.8% text similarity, 0.0% skill match). Missing critical requirements: [AWS, Docker, Git, Machine Learning, NLP, NumPy, Pandas, Python, SQL, Scikit-learn]."
746,CAND_180,DESIGNER,1.8,0.0,1.08,,"AWS, Docker, Git, Machine Learning, NLP, NumPy, Pandas, Python, SQL, Scikit-learn","Candidate CAND_180 shows weak overall alignment (1.8% text similarity, 0.0% skill match). Missing critical requirements: [AWS, Docker, Git, Machine Learning, NLP, NumPy, Pandas, Python, SQL, Scikit-learn]."
747,CAND_305,INFORMATION-TECHNOLOGY,1.8,0.0,1.08,,"AWS, Docker, Git, Machine Learning, NLP, NumPy, Pandas, Python, SQL, Scikit-learn","Candidate CAND_305 shows weak overall alignment (1.8% text similarity, 0.0% skill match). Missing critical requirements: [AWS, Docker, Git, Machine Learning, NLP, NumPy, Pandas, Python, SQL, Scikit-learn]."
748,CAND_2227,BANKING,1.79,0.0,1.07,,"AWS, Docker, Git, Machine Learning, NLP, NumPy, Pandas, Python, SQL, Scikit-learn","Candidate CAND_2227 shows weak overall alignment (1.79% text similarity, 0.0% skill match). Missing critical requirements: [AWS, Docker, Git, Machine Learning, NLP, NumPy, Pandas, Python, SQL, Scikit-learn]."
749,CAND_1479,FINANCE,1.79,0.0,1.07,,"AWS, Docker, Git, Machine Learning, NLP, NumPy, Pandas, Python, SQL, Scikit-learn","Candidate CAND_1479 shows weak overall alignment (1.79% text similarity, 0.0% skill match). Missing critical requirements: [AWS, Docker, Git, Machine Learning, NLP, NumPy, Pandas, Python, SQL, Scikit-learn]."
750,CAND_693,HEALTHCARE,1.79,0.0,1.07,,"AWS, Docker, Git, Machine Learning, NLP, NumPy, Pandas, Python, SQL, Scikit-learn","Candidate CAND_693 shows weak overall alignment (1.79% text similarity, 0.0% skill match). Missing critical requirements: [AWS, Docker, Git, Machine Learning, NLP, NumPy, Pandas, Python, SQL, Scikit-learn]."
751,CAND_351,TEACHER,1.78,0.0,1.07,,"AWS, Docker, Git, Machine Learning, NLP, NumPy, Pandas, Python, SQL, Scikit-learn","Candidate CAND_351 shows weak overall alignment (1.78% text similarity, 0.0% skill match). Missing critical requirements: [AWS, Docker, Git, Machine Learning, NLP, NumPy, Pandas, Python, SQL, Scikit-learn]."
752,CAND_177,DESIGNER,1.79,0.0,1.07,,"AWS, Docker, Git, Machine Learning, NLP, NumPy, Pandas, Python, SQL, Scikit-learn","Candidate CAND_177 shows weak overall alignment (1.79% text similarity, 0.0% skill match). Missing critical requirements: [AWS, Docker, Git, Machine Learning, NLP, NumPy, Pandas, Python, SQL, Scikit-learn]."
753,CAND_843,FITNESS,1.77,0.0,1.06,,"AWS, Docker, Git, Machine Learning, NLP, NumPy, Pandas, Python, SQL, Scikit-learn","Candidate CAND_843 shows weak overall alignment (1.77% text similarity, 0.0% skill match). Missing critical requirements: [AWS, Docker, Git, Machine Learning, NLP, NumPy, Pandas, Python, SQL, Scikit-learn]."
754,CAND_468,ADVOCATE,1.76,0.0,1.06,,"AWS, Docker, Git, Machine Learning, NLP, NumPy, Pandas, Python, SQL, Scikit-learn","Candidate CAND_468 shows weak overall alignment (1.76% text similarity, 0.0% skill match). Missing critical requirements: [AWS, Docker, Git, Machine Learning, NLP, NumPy, Pandas, Python, SQL, Scikit-learn]."
755,CAND_1022,SALES,1.76,0.0,1.06,,"AWS, Docker, Git, Machine Learning, NLP, NumPy, Pandas, Python, SQL, Scikit-learn","Candidate CAND_1022 shows weak overall alignment (1.76% text similarity, 0.0% skill match). Missing critical requirements: [AWS, Docker, Git, Machine Learning, NLP, NumPy, Pandas, Python, SQL, Scikit-learn]."
756,CAND_209,DESIGNER,1.76,0.0,1.06,,"AWS, Docker, Git, Machine Learning, NLP, NumPy, Pandas, Python, SQL, Scikit-learn","Candidate CAND_209 shows weak overall alignment (1.76% text similarity, 0.0% skill match). Missing critical requirements: [AWS, Docker, Git, Machine Learning, NLP, NumPy, Pandas, Python, SQL, Scikit-learn]."
757,CAND_441,ADVOCATE,1.75,0.0,1.05,,"AWS, Docker, Git, Machine Learning, NLP, NumPy, Pandas, Python, SQL, Scikit-learn","Candidate CAND_441 shows weak overall alignment (1.75% text similarity, 0.0% skill match). Missing critical requirements: [AWS, Docker, Git, Machine Learning, NLP, NumPy, Pandas, Python, SQL, Scikit-learn]."
758,CAND_1024,SALES,1.75,0.0,1.05,,"AWS, Docker, Git, Machine Learning, NLP, NumPy, Pandas, Python, SQL, Scikit-learn","Candidate CAND_1024 shows weak overall alignment (1.75% text similarity, 0.0% skill match). Missing critical requirements: [AWS, Docker, Git, Machine Learning, NLP, NumPy, Pandas, Python, SQL, Scikit-learn]."
759,CAND_343,TEACHER,1.75,0.0,1.05,,"AWS, Docker, Git, Machine Learning, NLP, NumPy, Pandas, Python, SQL, Scikit-learn","Candidate CAND_343 shows weak overall alignment (1.75% text similarity, 0.0% skill match). Missing critical requirements: [AWS, Docker, Git, Machine Learning, NLP, NumPy, Pandas, Python, SQL, Scikit-learn]."
760,CAND_2155,BANKING,1.75,0.0,1.05,,"AWS, Docker, Git, Machine Learning, NLP, NumPy, Pandas, Python, SQL, Scikit-learn","Candidate CAND_2155 shows weak overall alignment (1.75% text similarity, 0.0% skill match). Missing critical requirements: [AWS, Docker, Git, Machine Learning, NLP, NumPy, Pandas, Python, SQL, Scikit-learn]."
761,CAND_2345,ARTS,1.75,0.0,1.05,,"AWS, Docker, Git, Machine Learning, NLP, NumPy, Pandas, Python, SQL, Scikit-learn","Candidate CAND_2345 shows weak overall alignment (1.75% text similarity, 0.0% skill match). Missing critical requirements: [AWS, Docker, Git, Machine Learning, NLP, NumPy, Pandas, Python, SQL, Scikit-learn]."
762,CAND_276,INFORMATION-TECHNOLOGY,1.75,0.0,1.05,,"AWS, Docker, Git, Machine Learning, NLP, NumPy, Pandas, Python, SQL, Scikit-learn","Candidate CAND_276 shows weak overall alignment (1.75% text similarity, 0.0% skill match). Missing critical requirements: [AWS, Docker, Git, Machine Learning, NLP, NumPy, Pandas, Python, SQL, Scikit-learn]."
763,CAND_1036,SALES,1.73,0.0,1.04,,"AWS, Docker, Git, Machine Learning, NLP, NumPy, Pandas, Python, SQL, Scikit-learn","Candidate CAND_1036 shows weak overall alignment (1.73% text similarity, 0.0% skill match). Missing critical requirements: [AWS, Docker, Git, Machine Learning, NLP, NumPy, Pandas, Python, SQL, Scikit-learn]."
764,CAND_1970,CONSTRUCTION,1.74,0.0,1.04,,"AWS, Docker, Git, Machine Learning, NLP, NumPy, Pandas, Python, SQL, Scikit-learn","Candidate CAND_1970 shows weak overall alignment (1.74% text similarity, 0.0% skill match). Missing critical requirements: [AWS, Docker, Git, Machine Learning, NLP, NumPy, Pandas, Python, SQL, Scikit-learn]."
765,CAND_629,BUSINESS-DEVELOPMENT,1.73,0.0,1.04,,"AWS, Docker, Git, Machine Learning, NLP, NumPy, Pandas, Python, SQL, Scikit-learn","Candidate CAND_629 shows weak overall alignment (1.73% text similarity, 0.0% skill match). Missing critical requirements: [AWS, Docker, Git, Machine Learning, NLP, NumPy, Pandas, Python, SQL, Scikit-learn]."
766,CAND_1298,DIGITAL-MEDIA,1.73,0.0,1.04,,"AWS, Docker, Git, Machine Learning, NLP, NumPy, Pandas, Python, SQL, Scikit-learn","Candidate CAND_1298 shows weak overall alignment (1.73% text similarity, 0.0% skill match). Missing critical requirements: [AWS, Docker, Git, Machine Learning, NLP, NumPy, Pandas, Python, SQL, Scikit-learn]."
767,CAND_2130,PUBLIC-RELATIONS,1.72,0.0,1.03,,"AWS, Docker, Git, Machine Learning, NLP, NumPy, Pandas, Python, SQL, Scikit-learn","Candidate CAND_2130 shows weak overall alignment (1.72% text similarity, 0.0% skill match). Missing critical requirements: [AWS, Docker, Git, Machine Learning, NLP, NumPy, Pandas, Python, SQL, Scikit-learn]."
768,CAND_2267,ARTS,1.72,0.0,1.03,,"AWS, Docker, Git, Machine Learning, NLP, NumPy, Pandas, Python, SQL, Scikit-learn","Candidate CAND_2267 shows weak overall alignment (1.72% text similarity, 0.0% skill match). Missing critical requirements: [AWS, Docker, Git, Machine Learning, NLP, NumPy, Pandas, Python, SQL, Scikit-learn]."
769,CAND_1971,CONSTRUCTION,1.71,0.0,1.03,,"AWS, Docker, Git, Machine Learning, NLP, NumPy, Pandas, Python, SQL, Scikit-learn","Candidate CAND_1971 shows weak overall alignment (1.71% text similarity, 0.0% skill match). Missing critical requirements: [AWS, Docker, Git, Machine Learning, NLP, NumPy, Pandas, Python, SQL, Scikit-learn]."
770,CAND_2011,CONSTRUCTION,1.7,0.0,1.02,,"AWS, Docker, Git, Machine Learning, NLP, NumPy, Pandas, Python, SQL, Scikit-learn","Candidate CAND_2011 shows weak overall alignment (1.7% text similarity, 0.0% skill match). Missing critical requirements: [AWS, Docker, Git, Machine Learning, NLP, NumPy, Pandas, Python, SQL, Scikit-learn]."
771,CAND_1450,CHEF,1.7,0.0,1.02,,"AWS, Docker, Git, Machine Learning, NLP, NumPy, Pandas, Python, SQL, Scikit-learn","Candidate CAND_1450 shows weak overall alignment (1.7% text similarity, 0.0% skill match). Missing critical requirements: [AWS, Docker, Git, Machine Learning, NLP, NumPy, Pandas, Python, SQL, Scikit-learn]."
772,CAND_255,INFORMATION-TECHNOLOGY,1.69,0.0,1.01,,"AWS, Docker, Git, Machine Learning, NLP, NumPy, Pandas, Python, SQL, Scikit-learn","Candidate CAND_255 shows weak overall alignment (1.69% text similarity, 0.0% skill match). Missing critical requirements: [AWS, Docker, Git, Machine Learning, NLP, NumPy, Pandas, Python, SQL, Scikit-learn]."
773,CAND_432,TEACHER,1.69,0.0,1.01,,"AWS, Docker, Git, Machine Learning, NLP, NumPy, Pandas, Python, SQL, Scikit-learn","Candidate CAND_432 shows weak overall alignment (1.69% text similarity, 0.0% skill match). Missing critical requirements: [AWS, Docker, Git, Machine Learning, NLP, NumPy, Pandas, Python, SQL, Scikit-learn]."
774,CAND_360,TEACHER,1.68,0.0,1.01,,"AWS, Docker, Git, Machine Learning, NLP, NumPy, Pandas, Python, SQL, Scikit-learn","Candidate CAND_360 shows weak overall alignment (1.68% text similarity, 0.0% skill match). Missing critical requirements: [AWS, Docker, Git, Machine Learning, NLP, NumPy, Pandas, Python, SQL, Scikit-learn]."
775,CAND_1177,CONSULTANT,1.69,0.0,1.01,,"AWS, Docker, Git, Machine Learning, NLP, NumPy, Pandas, Python, SQL, Scikit-learn","Candidate CAND_1177 shows weak overall alignment (1.69% text similarity, 0.0% skill match). Missing critical requirements: [AWS, Docker, Git, Machine Learning, NLP, NumPy, Pandas, Python, SQL, Scikit-learn]."
776,CAND_172,DESIGNER,1.69,0.0,1.01,,"AWS, Docker, Git, Machine Learning, NLP, NumPy, Pandas, Python, SQL, Scikit-learn","Candidate CAND_172 shows weak overall alignment (1.69% text similarity, 0.0% skill match). Missing critical requirements: [AWS, Docker, Git, Machine Learning, NLP, NumPy, Pandas, Python, SQL, Scikit-learn]."
777,CAND_1104,SALES,1.69,0.0,1.01,,"AWS, Docker, Git, Machine Learning, NLP, NumPy, Pandas, Python, SQL, Scikit-learn","Candidate CAND_1104 shows weak overall alignment (1.69% text similarity, 0.0% skill match). Missing critical requirements: [AWS, Docker, Git, Machine Learning, NLP, NumPy, Pandas, Python, SQL, Scikit-learn]."
778,CAND_103,HR,1.68,0.0,1.01,,"AWS, Docker, Git, Machine Learning, NLP, NumPy, Pandas, Python, SQL, Scikit-learn","Candidate CAND_103 shows weak overall alignment (1.68% text similarity, 0.0% skill match). Missing critical requirements: [AWS, Docker, Git, Machine Learning, NLP, NumPy, Pandas, Python, SQL, Scikit-learn]."
779,CAND_137,DESIGNER,1.68,0.0,1.01,,"AWS, Docker, Git, Machine Learning, NLP, NumPy, Pandas, Python, SQL, Scikit-learn","Candidate CAND_137 shows weak overall alignment (1.68% text similarity, 0.0% skill match). Missing critical requirements: [AWS, Docker, Git, Machine Learning, NLP, NumPy, Pandas, Python, SQL, Scikit-learn]."
780,CAND_1369,CHEF,1.66,0.0,1.0,,"AWS, Docker, Git, Machine Learning, NLP, NumPy, Pandas, Python, SQL, Scikit-learn","Candidate CAND_1369 shows weak overall alignment (1.66% text similarity, 0.0% skill match). Missing critical requirements: [AWS, Docker, Git, Machine Learning, NLP, NumPy, Pandas, Python, SQL, Scikit-learn]."
781,CAND_2270,ARTS,1.66,0.0,1.0,,"AWS, Docker, Git, Machine Learning, NLP, NumPy, Pandas, Python, SQL, Scikit-learn","Candidate CAND_2270 shows weak overall alignment (1.66% text similarity, 0.0% skill match). Missing critical requirements: [AWS, Docker, Git, Machine Learning, NLP, NumPy, Pandas, Python, SQL, Scikit-learn]."
782,CAND_396,TEACHER,1.66,0.0,1.0,,"AWS, Docker, Git, Machine Learning, NLP, NumPy, Pandas, Python, SQL, Scikit-learn","Candidate CAND_396 shows weak overall alignment (1.66% text similarity, 0.0% skill match). Missing critical requirements: [AWS, Docker, Git, Machine Learning, NLP, NumPy, Pandas, Python, SQL, Scikit-learn]."
783,CAND_1373,CHEF,1.67,0.0,1.0,,"AWS, Docker, Git, Machine Learning, NLP, NumPy, Pandas, Python, SQL, Scikit-learn","Candidate CAND_1373 shows weak overall alignment (1.67% text similarity, 0.0% skill match). Missing critical requirements: [AWS, Docker, Git, Machine Learning, NLP, NumPy, Pandas, Python, SQL, Scikit-learn]."
784,CAND_1982,CONSTRUCTION,1.67,0.0,1.0,,"AWS, Docker, Git, Machine Learning, NLP, NumPy, Pandas, Python, SQL, Scikit-learn","Candidate CAND_1982 shows weak overall alignment (1.67% text similarity, 0.0% skill match). Missing critical requirements: [AWS, Docker, Git, Machine Learning, NLP, NumPy, Pandas, Python, SQL, Scikit-learn]."
785,CAND_1179,CONSULTANT,1.67,0.0,1.0,,"AWS, Docker, Git, Machine Learning, NLP, NumPy, Pandas, Python, SQL, Scikit-learn","Candidate CAND_1179 shows weak overall alignment (1.67% text similarity, 0.0% skill match). Missing critical requirements: [AWS, Docker, Git, Machine Learning, NLP, NumPy, Pandas, Python, SQL, Scikit-learn]."
786,CAND_2481,AVIATION,1.67,0.0,1.0,,"AWS, Docker, Git, Machine Learning, NLP, NumPy, Pandas, Python, SQL, Scikit-learn","Candidate CAND_2481 shows weak overall alignment (1.67% text similarity, 0.0% skill match). Missing critical requirements: [AWS, Docker, Git, Machine Learning, NLP, NumPy, Pandas, Python, SQL, Scikit-learn]."
787,CAND_1749,ENGINEERING,1.65,0.0,0.99,,"AWS, Docker, Git, Machine Learning, NLP, NumPy, Pandas, Python, SQL, Scikit-learn","Candidate CAND_1749 shows weak overall alignment (1.65% text similarity, 0.0% skill match). Missing critical requirements: [AWS, Docker, Git, Machine Learning, NLP, NumPy, Pandas, Python, SQL, Scikit-learn]."
788,CAND_1066,SALES,1.65,0.0,0.99,,"AWS, Docker, Git, Machine Learning, NLP, NumPy, Pandas, Python, SQL, Scikit-learn","Candidate CAND_1066 shows weak overall alignment (1.65% text similarity, 0.0% skill match). Missing critical requirements: [AWS, Docker, Git, Machine Learning, NLP, NumPy, Pandas, Python, SQL, Scikit-learn]."
789,CAND_1622,APPAREL,1.65,0.0,0.99,,"AWS, Docker, Git, Machine Learning, NLP, NumPy, Pandas, Python, SQL, Scikit-learn","Candidate CAND_1622 shows weak overall alignment (1.65% text similarity, 0.0% skill match). Missing critical requirements: [AWS, Docker, Git, Machine Learning, NLP, NumPy, Pandas, Python, SQL, Scikit-learn]."
790,CAND_1939,CONSTRUCTION,1.65,0.0,0.99,,"AWS, Docker, Git, Machine Learning, NLP, NumPy, Pandas, Python, SQL, Scikit-learn","Candidate CAND_1939 shows weak overall alignment (1.65% text similarity, 0.0% skill match). Missing critical requirements: [AWS, Docker, Git, Machine Learning, NLP, NumPy, Pandas, Python, SQL, Scikit-learn]."
791,CAND_2210,BANKING,1.65,0.0,0.99,,"AWS, Docker, Git, Machine Learning, NLP, NumPy, Pandas, Python, SQL, Scikit-learn","Candidate CAND_2210 shows weak overall alignment (1.65% text similarity, 0.0% skill match). Missing critical requirements: [AWS, Docker, Git, Machine Learning, NLP, NumPy, Pandas, Python, SQL, Scikit-learn]."
792,CAND_247,INFORMATION-TECHNOLOGY,1.64,0.0,0.98,,"AWS, Docker, Git, Machine Learning, NLP, NumPy, Pandas, Python, SQL, Scikit-learn","Candidate CAND_247 shows weak overall alignment (1.64% text similarity, 0.0% skill match). Missing critical requirements: [AWS, Docker, Git, Machine Learning, NLP, NumPy, Pandas, Python, SQL, Scikit-learn]."
793,CAND_1523,FINANCE,1.64,0.0,0.98,,"AWS, Docker, Git, Machine Learning, NLP, NumPy, Pandas, Python, SQL, Scikit-learn","Candidate CAND_1523 shows weak overall alignment (1.64% text similarity, 0.0% skill match). Missing critical requirements: [AWS, Docker, Git, Machine Learning, NLP, NumPy, Pandas, Python, SQL, Scikit-learn]."
794,CAND_1633,APPAREL,1.64,0.0,0.98,,"AWS, Docker, Git, Machine Learning, NLP, NumPy, Pandas, Python, SQL, Scikit-learn","Candidate CAND_1633 shows weak overall alignment (1.64% text similarity, 0.0% skill match). Missing critical requirements: [AWS, Docker, Git, Machine Learning, NLP, NumPy, Pandas, Python, SQL, Scikit-learn]."
795,CAND_2474,AVIATION,1.63,0.0,0.98,,"AWS, Docker, Git, Machine Learning, NLP, NumPy, Pandas, Python, SQL, Scikit-learn","Candidate CAND_2474 shows weak overall alignment (1.63% text similarity, 0.0% skill match). Missing critical requirements: [AWS, Docker, Git, Machine Learning, NLP, NumPy, Pandas, Python, SQL, Scikit-learn]."
796,CAND_405,TEACHER,1.64,0.0,0.98,,"AWS, Docker, Git, Machine Learning, NLP, NumPy, Pandas, Python, SQL, Scikit-learn","Candidate CAND_405 shows weak overall alignment (1.64% text similarity, 0.0% skill match). Missing critical requirements: [AWS, Docker, Git, Machine Learning, NLP, NumPy, Pandas, Python, SQL, Scikit-learn]."
797,CAND_215,DESIGNER,1.63,0.0,0.98,,"AWS, Docker, Git, Machine Learning, NLP, NumPy, Pandas, Python, SQL, Scikit-learn","Candidate CAND_215 shows weak overall alignment (1.63% text similarity, 0.0% skill match). Missing critical requirements: [AWS, Docker, Git, Machine Learning, NLP, NumPy, Pandas, Python, SQL, Scikit-learn]."
798,CAND_578,BUSINESS-DEVELOPMENT,1.63,0.0,0.98,,"AWS, Docker, Git, Machine Learning, NLP, NumPy, Pandas, Python, SQL, Scikit-learn","Candidate CAND_578 shows weak overall alignment (1.63% text similarity, 0.0% skill match). Missing critical requirements: [AWS, Docker, Git, Machine Learning, NLP, NumPy, Pandas, Python, SQL, Scikit-learn]."
799,CAND_047,HR,1.63,0.0,0.98,,"AWS, Docker, Git, Machine Learning, NLP, NumPy, Pandas, Python, SQL, Scikit-learn","Candidate CAND_047 shows weak overall alignment (1.63% text similarity, 0.0% skill match). Missing critical requirements: [AWS, Docker, Git, Machine Learning, NLP, NumPy, Pandas, Python, SQL, Scikit-learn]."
800,CAND_392,TEACHER,1.62,0.0,0.97,,"AWS, Docker, Git, Machine Learning, NLP, NumPy, Pandas, Python, SQL, Scikit-learn","Candidate CAND_392 shows weak overall alignment (1.62% text similarity, 0.0% skill match). Missing critical requirements: [AWS, Docker, Git, Machine Learning, NLP, NumPy, Pandas, Python, SQL, Scikit-learn]."
801,CAND_2008,CONSTRUCTION,1.61,0.0,0.97,,"AWS, Docker, Git, Machine Learning, NLP, NumPy, Pandas, Python, SQL, Scikit-learn","Candidate CAND_2008 shows weak overall alignment (1.61% text similarity, 0.0% skill match). Missing critical requirements: [AWS, Docker, Git, Machine Learning, NLP, NumPy, Pandas, Python, SQL, Scikit-learn]."
802,CAND_301,INFORMATION-TECHNOLOGY,1.62,0.0,0.97,,"AWS, Docker, Git, Machine Learning, NLP, NumPy, Pandas, Python, SQL, Scikit-learn","Candidate CAND_301 shows weak overall alignment (1.62% text similarity, 0.0% skill match). Missing critical requirements: [AWS, Docker, Git, Machine Learning, NLP, NumPy, Pandas, Python, SQL, Scikit-learn]."
803,CAND_2314,ARTS,1.62,0.0,0.97,,"AWS, Docker, Git, Machine Learning, NLP, NumPy, Pandas, Python, SQL, Scikit-learn","Candidate CAND_2314 shows weak overall alignment (1.62% text similarity, 0.0% skill match). Missing critical requirements: [AWS, Docker, Git, Machine Learning, NLP, NumPy, Pandas, Python, SQL, Scikit-learn]."
804,CAND_1352,AUTOMOBILE,1.6,0.0,0.96,,"AWS, Docker, Git, Machine Learning, NLP, NumPy, Pandas, Python, SQL, Scikit-learn","Candidate CAND_1352 shows weak overall alignment (1.6% text similarity, 0.0% skill match). Missing critical requirements: [AWS, Docker, Git, Machine Learning, NLP, NumPy, Pandas, Python, SQL, Scikit-learn]."
805,CAND_915,AGRICULTURE,1.6,0.0,0.96,,"AWS, Docker, Git, Machine Learning, NLP, NumPy, Pandas, Python, SQL, Scikit-learn","Candidate CAND_915 shows weak overall alignment (1.6% text similarity, 0.0% skill match). Missing critical requirements: [AWS, Docker, Git, Machine Learning, NLP, NumPy, Pandas, Python, SQL, Scikit-learn]."
806,CAND_913,AGRICULTURE,1.6,0.0,0.96,,"AWS, Docker, Git, Machine Learning, NLP, NumPy, Pandas, Python, SQL, Scikit-learn","Candidate CAND_913 shows weak overall alignment (1.6% text similarity, 0.0% skill match). Missing critical requirements: [AWS, Docker, Git, Machine Learning, NLP, NumPy, Pandas, Python, SQL, Scikit-learn]."
807,CAND_455,ADVOCATE,1.6,0.0,0.96,,"AWS, Docker, Git, Machine Learning, NLP, NumPy, Pandas, Python, SQL, Scikit-learn","Candidate CAND_455 shows weak overall alignment (1.6% text similarity, 0.0% skill match). Missing critical requirements: [AWS, Docker, Git, Machine Learning, NLP, NumPy, Pandas, Python, SQL, Scikit-learn]."
808,CAND_1183,CONSULTANT,1.6,0.0,0.96,,"AWS, Docker, Git, Machine Learning, NLP, NumPy, Pandas, Python, SQL, Scikit-learn","Candidate CAND_1183 shows weak overall alignment (1.6% text similarity, 0.0% skill match). Missing critical requirements: [AWS, Docker, Git, Machine Learning, NLP, NumPy, Pandas, Python, SQL, Scikit-learn]."
809,CAND_2109,PUBLIC-RELATIONS,1.6,0.0,0.96,,"AWS, Docker, Git, Machine Learning, NLP, NumPy, Pandas, Python, SQL, Scikit-learn","Candidate CAND_2109 shows weak overall alignment (1.6% text similarity, 0.0% skill match). Missing critical requirements: [AWS, Docker, Git, Machine Learning, NLP, NumPy, Pandas, Python, SQL, Scikit-learn]."
810,CAND_2401,AVIATION,1.59,0.0,0.95,,"AWS, Docker, Git, Machine Learning, NLP, NumPy, Pandas, Python, SQL, Scikit-learn","Candidate CAND_2401 shows weak overall alignment (1.59% text similarity, 0.0% skill match). Missing critical requirements: [AWS, Docker, Git, Machine Learning, NLP, NumPy, Pandas, Python, SQL, Scikit-learn]."
811,CAND_628,BUSINESS-DEVELOPMENT,1.58,0.0,0.95,,"AWS, Docker, Git, Machine Learning, NLP, NumPy, Pandas, Python, SQL, Scikit-learn","Candidate CAND_628 shows weak overall alignment (1.58% text similarity, 0.0% skill match). Missing critical requirements: [AWS, Docker, Git, Machine Learning, NLP, NumPy, Pandas, Python, SQL, Scikit-learn]."
812,CAND_933,AGRICULTURE,1.59,0.0,0.95,,"AWS, Docker, Git, Machine Learning, NLP, NumPy, Pandas, Python, SQL, Scikit-learn","Candidate CAND_933 shows weak overall alignment (1.59% text similarity, 0.0% skill match). Missing critical requirements: [AWS, Docker, Git, Machine Learning, NLP, NumPy, Pandas, Python, SQL, Scikit-learn]."
813,CAND_2341,ARTS,1.59,0.0,0.95,,"AWS, Docker, Git, Machine Learning, NLP, NumPy, Pandas, Python, SQL, Scikit-learn","Candidate CAND_2341 shows weak overall alignment (1.59% text similarity, 0.0% skill match). Missing critical requirements: [AWS, Docker, Git, Machine Learning, NLP, NumPy, Pandas, Python, SQL, Scikit-learn]."
814,CAND_345,TEACHER,1.58,0.0,0.95,,"AWS, Docker, Git, Machine Learning, NLP, NumPy, Pandas, Python, SQL, Scikit-learn","Candidate CAND_345 shows weak overall alignment (1.58% text similarity, 0.0% skill match). Missing critical requirements: [AWS, Docker, Git, Machine Learning, NLP, NumPy, Pandas, Python, SQL, Scikit-learn]."
815,CAND_1992,CONSTRUCTION,1.58,0.0,0.95,,"AWS, Docker, Git, Machine Learning, NLP, NumPy, Pandas, Python, SQL, Scikit-learn","Candidate CAND_1992 shows weak overall alignment (1.58% text similarity, 0.0% skill match). Missing critical requirements: [AWS, Docker, Git, Machine Learning, NLP, NumPy, Pandas, Python, SQL, Scikit-learn]."
816,CAND_488,ADVOCATE,1.57,0.0,0.94,,"AWS, Docker, Git, Machine Learning, NLP, NumPy, Pandas, Python, SQL, Scikit-learn","Candidate CAND_488 shows weak overall alignment (1.57% text similarity, 0.0% skill match). Missing critical requirements: [AWS, Docker, Git, Machine Learning, NLP, NumPy, Pandas, Python, SQL, Scikit-learn]."
817,CAND_1130,CONSULTANT,1.56,0.0,0.94,,"AWS, Docker, Git, Machine Learning, NLP, NumPy, Pandas, Python, SQL, Scikit-learn","Candidate CAND_1130 shows weak overall alignment (1.56% text similarity, 0.0% skill match). Missing critical requirements: [AWS, Docker, Git, Machine Learning, NLP, NumPy, Pandas, Python, SQL, Scikit-learn]."
818,CAND_1222,CONSULTANT,1.55,0.0,0.93,,"AWS, Docker, Git, Machine Learning, NLP, NumPy, Pandas, Python, SQL, Scikit-learn","Candidate CAND_1222 shows weak overall alignment (1.55% text similarity, 0.0% skill match). Missing critical requirements: [AWS, Docker, Git, Machine Learning, NLP, NumPy, Pandas, Python, SQL, Scikit-learn]."
819,CAND_830,FITNESS,1.55,0.0,0.93,,"AWS, Docker, Git, Machine Learning, NLP, NumPy, Pandas, Python, SQL, Scikit-learn","Candidate CAND_830 shows weak overall alignment (1.55% text similarity, 0.0% skill match). Missing critical requirements: [AWS, Docker, Git, Machine Learning, NLP, NumPy, Pandas, Python, SQL, Scikit-learn]."
820,CAND_234,INFORMATION-TECHNOLOGY,1.53,0.0,0.92,,"AWS, Docker, Git, Machine Learning, NLP, NumPy, Pandas, Python, SQL, Scikit-learn","Candidate CAND_234 shows weak overall alignment (1.53% text similarity, 0.0% skill match). Missing critical requirements: [AWS, Docker, Git, Machine Learning, NLP, NumPy, Pandas, Python, SQL, Scikit-learn]."
821,CAND_662,BUSINESS-DEVELOPMENT,1.54,0.0,0.92,,"AWS, Docker, Git, Machine Learning, NLP, NumPy, Pandas, Python, SQL, Scikit-learn","Candidate CAND_662 shows weak overall alignment (1.54% text similarity, 0.0% skill match). Missing critical requirements: [AWS, Docker, Git, Machine Learning, NLP, NumPy, Pandas, Python, SQL, Scikit-learn]."
822,CAND_667,BUSINESS-DEVELOPMENT,1.52,0.0,0.91,,"AWS, Docker, Git, Machine Learning, NLP, NumPy, Pandas, Python, SQL, Scikit-learn","Candidate CAND_667 shows weak overall alignment (1.52% text similarity, 0.0% skill match). Missing critical requirements: [AWS, Docker, Git, Machine Learning, NLP, NumPy, Pandas, Python, SQL, Scikit-learn]."
823,CAND_2369,AVIATION,1.52,0.0,0.91,,"AWS, Docker, Git, Machine Learning, NLP, NumPy, Pandas, Python, SQL, Scikit-learn","Candidate CAND_2369 shows weak overall alignment (1.52% text similarity, 0.0% skill match). Missing critical requirements: [AWS, Docker, Git, Machine Learning, NLP, NumPy, Pandas, Python, SQL, Scikit-learn]."
824,CAND_1422,CHEF,1.51,0.0,0.91,,"AWS, Docker, Git, Machine Learning, NLP, NumPy, Pandas, Python, SQL, Scikit-learn","Candidate CAND_1422 shows weak overall alignment (1.51% text similarity, 0.0% skill match). Missing critical requirements: [AWS, Docker, Git, Machine Learning, NLP, NumPy, Pandas, Python, SQL, Scikit-learn]."
825,CAND_1292,DIGITAL-MEDIA,1.52,0.0,0.91,,"AWS, Docker, Git, Machine Learning, NLP, NumPy, Pandas, Python, SQL, Scikit-learn","Candidate CAND_1292 shows weak overall alignment (1.52% text similarity, 0.0% skill match). Missing critical requirements: [AWS, Docker, Git, Machine Learning, NLP, NumPy, Pandas, Python, SQL, Scikit-learn]."
826,CAND_871,FITNESS,1.52,0.0,0.91,,"AWS, Docker, Git, Machine Learning, NLP, NumPy, Pandas, Python, SQL, Scikit-learn","Candidate CAND_871 shows weak overall alignment (1.52% text similarity, 0.0% skill match). Missing critical requirements: [AWS, Docker, Git, Machine Learning, NLP, NumPy, Pandas, Python, SQL, Scikit-learn]."
827,CAND_407,TEACHER,1.52,0.0,0.91,,"AWS, Docker, Git, Machine Learning, NLP, NumPy, Pandas, Python, SQL, Scikit-learn","Candidate CAND_407 shows weak overall alignment (1.52% text similarity, 0.0% skill match). Missing critical requirements: [AWS, Docker, Git, Machine Learning, NLP, NumPy, Pandas, Python, SQL, Scikit-learn]."
828,CAND_2238,BANKING,1.5,0.0,0.9,,"AWS, Docker, Git, Machine Learning, NLP, NumPy, Pandas, Python, SQL, Scikit-learn","Candidate CAND_2238 shows weak overall alignment (1.5% text similarity, 0.0% skill match). Missing critical requirements: [AWS, Docker, Git, Machine Learning, NLP, NumPy, Pandas, Python, SQL, Scikit-learn]."
829,CAND_329,INFORMATION-TECHNOLOGY,1.5,0.0,0.9,,"AWS, Docker, Git, Machine Learning, NLP, NumPy, Pandas, Python, SQL, Scikit-learn","Candidate CAND_329 shows weak overall alignment (1.5% text similarity, 0.0% skill match). Missing critical requirements: [AWS, Docker, Git, Machine Learning, NLP, NumPy, Pandas, Python, SQL, Scikit-learn]."
830,CAND_737,HEALTHCARE,1.49,0.0,0.89,,"AWS, Docker, Git, Machine Learning, NLP, NumPy, Pandas, Python, SQL, Scikit-learn","Candidate CAND_737 shows weak overall alignment (1.49% text similarity, 0.0% skill match). Missing critical requirements: [AWS, Docker, Git, Machine Learning, NLP, NumPy, Pandas, Python, SQL, Scikit-learn]."
831,CAND_2392,AVIATION,1.49,0.0,0.89,,"AWS, Docker, Git, Machine Learning, NLP, NumPy, Pandas, Python, SQL, Scikit-learn","Candidate CAND_2392 shows weak overall alignment (1.49% text similarity, 0.0% skill match). Missing critical requirements: [AWS, Docker, Git, Machine Learning, NLP, NumPy, Pandas, Python, SQL, Scikit-learn]."
832,CAND_519,ADVOCATE,1.46,0.0,0.88,,"AWS, Docker, Git, Machine Learning, NLP, NumPy, Pandas, Python, SQL, Scikit-learn","Candidate CAND_519 shows weak overall alignment (1.46% text similarity, 0.0% skill match). Missing critical requirements: [AWS, Docker, Git, Machine Learning, NLP, NumPy, Pandas, Python, SQL, Scikit-learn]."
833,CAND_150,DESIGNER,1.46,0.0,0.88,,"AWS, Docker, Git, Machine Learning, NLP, NumPy, Pandas, Python, SQL, Scikit-learn","Candidate CAND_150 shows weak overall alignment (1.46% text similarity, 0.0% skill match). Missing critical requirements: [AWS, Docker, Git, Machine Learning, NLP, NumPy, Pandas, Python, SQL, Scikit-learn]."
834,CAND_1067,SALES,1.47,0.0,0.88,,"AWS, Docker, Git, Machine Learning, NLP, NumPy, Pandas, Python, SQL, Scikit-learn","Candidate CAND_1067 shows weak overall alignment (1.47% text similarity, 0.0% skill match). Missing critical requirements: [AWS, Docker, Git, Machine Learning, NLP, NumPy, Pandas, Python, SQL, Scikit-learn]."
835,CAND_241,INFORMATION-TECHNOLOGY,1.47,0.0,0.88,,"AWS, Docker, Git, Machine Learning, NLP, NumPy, Pandas, Python, SQL, Scikit-learn","Candidate CAND_241 shows weak overall alignment (1.47% text similarity, 0.0% skill match). Missing critical requirements: [AWS, Docker, Git, Machine Learning, NLP, NumPy, Pandas, Python, SQL, Scikit-learn]."
836,CAND_2018,CONSTRUCTION,1.45,0.0,0.87,,"AWS, Docker, Git, Machine Learning, NLP, NumPy, Pandas, Python, SQL, Scikit-learn","Candidate CAND_2018 shows weak overall alignment (1.45% text similarity, 0.0% skill match). Missing critical requirements: [AWS, Docker, Git, Machine Learning, NLP, NumPy, Pandas, Python, SQL, Scikit-learn]."
837,CAND_083,HR,1.45,0.0,0.87,,"AWS, Docker, Git, Machine Learning, NLP, NumPy, Pandas, Python, SQL, Scikit-learn","Candidate CAND_083 shows weak overall alignment (1.45% text similarity, 0.0% skill match). Missing critical requirements: [AWS, Docker, Git, Machine Learning, NLP, NumPy, Pandas, Python, SQL, Scikit-learn]."
838,CAND_953,AGRICULTURE,1.45,0.0,0.87,,"AWS, Docker, Git, Machine Learning, NLP, NumPy, Pandas, Python, SQL, Scikit-learn","Candidate CAND_953 shows weak overall alignment (1.45% text similarity, 0.0% skill match). Missing critical requirements: [AWS, Docker, Git, Machine Learning, NLP, NumPy, Pandas, Python, SQL, Scikit-learn]."
839,CAND_748,HEALTHCARE,1.45,0.0,0.87,,"AWS, Docker, Git, Machine Learning, NLP, NumPy, Pandas, Python, SQL, Scikit-learn","Candidate CAND_748 shows weak overall alignment (1.45% text similarity, 0.0% skill match). Missing critical requirements: [AWS, Docker, Git, Machine Learning, NLP, NumPy, Pandas, Python, SQL, Scikit-learn]."
840,CAND_339,TEACHER,1.45,0.0,0.87,,"AWS, Docker, Git, Machine Learning, NLP, NumPy, Pandas, Python, SQL, Scikit-learn","Candidate CAND_339 shows weak overall alignment (1.45% text similarity, 0.0% skill match). Missing critical requirements: [AWS, Docker, Git, Machine Learning, NLP, NumPy, Pandas, Python, SQL, Scikit-learn]."
841,CAND_364,TEACHER,1.44,0.0,0.86,,"AWS, Docker, Git, Machine Learning, NLP, NumPy, Pandas, Python, SQL, Scikit-learn","Candidate CAND_364 shows weak overall alignment (1.44% text similarity, 0.0% skill match). Missing critical requirements: [AWS, Docker, Git, Machine Learning, NLP, NumPy, Pandas, Python, SQL, Scikit-learn]."
842,CAND_864,FITNESS,1.44,0.0,0.86,,"AWS, Docker, Git, Machine Learning, NLP, NumPy, Pandas, Python, SQL, Scikit-learn","Candidate CAND_864 shows weak overall alignment (1.44% text similarity, 0.0% skill match). Missing critical requirements: [AWS, Docker, Git, Machine Learning, NLP, NumPy, Pandas, Python, SQL, Scikit-learn]."
843,CAND_120,DESIGNER,1.42,0.0,0.85,,"AWS, Docker, Git, Machine Learning, NLP, NumPy, Pandas, Python, SQL, Scikit-learn","Candidate CAND_120 shows weak overall alignment (1.42% text similarity, 0.0% skill match). Missing critical requirements: [AWS, Docker, Git, Machine Learning, NLP, NumPy, Pandas, Python, SQL, Scikit-learn]."
844,CAND_374,TEACHER,1.42,0.0,0.85,,"AWS, Docker, Git, Machine Learning, NLP, NumPy, Pandas, Python, SQL, Scikit-learn","Candidate CAND_374 shows weak overall alignment (1.42% text similarity, 0.0% skill match). Missing critical requirements: [AWS, Docker, Git, Machine Learning, NLP, NumPy, Pandas, Python, SQL, Scikit-learn]."
845,CAND_2443,AVIATION,1.41,0.0,0.85,,"AWS, Docker, Git, Machine Learning, NLP, NumPy, Pandas, Python, SQL, Scikit-learn","Candidate CAND_2443 shows weak overall alignment (1.41% text similarity, 0.0% skill match). Missing critical requirements: [AWS, Docker, Git, Machine Learning, NLP, NumPy, Pandas, Python, SQL, Scikit-learn]."
846,CAND_1648,APPAREL,1.42,0.0,0.85,,"AWS, Docker, Git, Machine Learning, NLP, NumPy, Pandas, Python, SQL, Scikit-learn","Candidate CAND_1648 shows weak overall alignment (1.42% text similarity, 0.0% skill match). Missing critical requirements: [AWS, Docker, Git, Machine Learning, NLP, NumPy, Pandas, Python, SQL, Scikit-learn]."
847,CAND_489,ADVOCATE,1.42,0.0,0.85,,"AWS, Docker, Git, Machine Learning, NLP, NumPy, Pandas, Python, SQL, Scikit-learn","Candidate CAND_489 shows weak overall alignment (1.42% text similarity, 0.0% skill match). Missing critical requirements: [AWS, Docker, Git, Machine Learning, NLP, NumPy, Pandas, Python, SQL, Scikit-learn]."
848,CAND_2280,ARTS,1.41,0.0,0.85,,"AWS, Docker, Git, Machine Learning, NLP, NumPy, Pandas, Python, SQL, Scikit-learn","Candidate CAND_2280 shows weak overall alignment (1.41% text similarity, 0.0% skill match). Missing critical requirements: [AWS, Docker, Git, Machine Learning, NLP, NumPy, Pandas, Python, SQL, Scikit-learn]."
849,CAND_828,FITNESS,1.42,0.0,0.85,,"AWS, Docker, Git, Machine Learning, NLP, NumPy, Pandas, Python, SQL, Scikit-learn","Candidate CAND_828 shows weak overall alignment (1.42% text similarity, 0.0% skill match). Missing critical requirements: [AWS, Docker, Git, Machine Learning, NLP, NumPy, Pandas, Python, SQL, Scikit-learn]."
850,CAND_184,DESIGNER,1.4,0.0,0.84,,"AWS, Docker, Git, Machine Learning, NLP, NumPy, Pandas, Python, SQL, Scikit-learn","Candidate CAND_184 shows weak overall alignment (1.4% text similarity, 0.0% skill match). Missing critical requirements: [AWS, Docker, Git, Machine Learning, NLP, NumPy, Pandas, Python, SQL, Scikit-learn]."
851,CAND_2234,BANKING,1.4,0.0,0.84,,"AWS, Docker, Git, Machine Learning, NLP, NumPy, Pandas, Python, SQL, Scikit-learn","Candidate CAND_2234 shows weak overall alignment (1.4% text similarity, 0.0% skill match). Missing critical requirements: [AWS, Docker, Git, Machine Learning, NLP, NumPy, Pandas, Python, SQL, Scikit-learn]."
852,CAND_1190,CONSULTANT,1.4,0.0,0.84,,"AWS, Docker, Git, Machine Learning, NLP, NumPy, Pandas, Python, SQL, Scikit-learn","Candidate CAND_1190 shows weak overall alignment (1.4% text similarity, 0.0% skill match). Missing critical requirements: [AWS, Docker, Git, Machine Learning, NLP, NumPy, Pandas, Python, SQL, Scikit-learn]."
853,CAND_134,DESIGNER,1.4,0.0,0.84,,"AWS, Docker, Git, Machine Learning, NLP, NumPy, Pandas, Python, SQL, Scikit-learn","Candidate CAND_134 shows weak overall alignment (1.4% text similarity, 0.0% skill match). Missing critical requirements: [AWS, Docker, Git, Machine Learning, NLP, NumPy, Pandas, Python, SQL, Scikit-learn]."
854,CAND_433,TEACHER,1.4,0.0,0.84,,"AWS, Docker, Git, Machine Learning, NLP, NumPy, Pandas, Python, SQL, Scikit-learn","Candidate CAND_433 shows weak overall alignment (1.4% text similarity, 0.0% skill match). Missing critical requirements: [AWS, Docker, Git, Machine Learning, NLP, NumPy, Pandas, Python, SQL, Scikit-learn]."
855,CAND_702,HEALTHCARE,1.4,0.0,0.84,,"AWS, Docker, Git, Machine Learning, NLP, NumPy, Pandas, Python, SQL, Scikit-learn","Candidate CAND_702 shows weak overall alignment (1.4% text similarity, 0.0% skill match). Missing critical requirements: [AWS, Docker, Git, Machine Learning, NLP, NumPy, Pandas, Python, SQL, Scikit-learn]."
856,CAND_421,TEACHER,1.4,0.0,0.84,,"AWS, Docker, Git, Machine Learning, NLP, NumPy, Pandas, Python, SQL, Scikit-learn","Candidate CAND_421 shows weak overall alignment (1.4% text similarity, 0.0% skill match). Missing critical requirements: [AWS, Docker, Git, Machine Learning, NLP, NumPy, Pandas, Python, SQL, Scikit-learn]."
857,CAND_1004,SALES,1.38,0.0,0.83,,"AWS, Docker, Git, Machine Learning, NLP, NumPy, Pandas, Python, SQL, Scikit-learn","Candidate CAND_1004 shows weak overall alignment (1.38% text similarity, 0.0% skill match). Missing critical requirements: [AWS, Docker, Git, Machine Learning, NLP, NumPy, Pandas, Python, SQL, Scikit-learn]."
858,CAND_1960,CONSTRUCTION,1.39,0.0,0.83,,"AWS, Docker, Git, Machine Learning, NLP, NumPy, Pandas, Python, SQL, Scikit-learn","Candidate CAND_1960 shows weak overall alignment (1.39% text similarity, 0.0% skill match). Missing critical requirements: [AWS, Docker, Git, Machine Learning, NLP, NumPy, Pandas, Python, SQL, Scikit-learn]."
859,CAND_1363,CHEF,1.39,0.0,0.83,,"AWS, Docker, Git, Machine Learning, NLP, NumPy, Pandas, Python, SQL, Scikit-learn","Candidate CAND_1363 shows weak overall alignment (1.39% text similarity, 0.0% skill match). Missing critical requirements: [AWS, Docker, Git, Machine Learning, NLP, NumPy, Pandas, Python, SQL, Scikit-learn]."
860,CAND_337,INFORMATION-TECHNOLOGY,1.39,0.0,0.83,,"AWS, Docker, Git, Machine Learning, NLP, NumPy, Pandas, Python, SQL, Scikit-learn","Candidate CAND_337 shows weak overall alignment (1.39% text similarity, 0.0% skill match). Missing critical requirements: [AWS, Docker, Git, Machine Learning, NLP, NumPy, Pandas, Python, SQL, Scikit-learn]."
861,CAND_012,HR,1.36,0.0,0.82,,"AWS, Docker, Git, Machine Learning, NLP, NumPy, Pandas, Python, SQL, Scikit-learn","Candidate CAND_012 shows weak overall alignment (1.36% text similarity, 0.0% skill match). Missing critical requirements: [AWS, Docker, Git, Machine Learning, NLP, NumPy, Pandas, Python, SQL, Scikit-learn]."
862,CAND_481,ADVOCATE,1.36,0.0,0.82,,"AWS, Docker, Git, Machine Learning, NLP, NumPy, Pandas, Python, SQL, Scikit-learn","Candidate CAND_481 shows weak overall alignment (1.36% text similarity, 0.0% skill match). Missing critical requirements: [AWS, Docker, Git, Machine Learning, NLP, NumPy, Pandas, Python, SQL, Scikit-learn]."
863,CAND_2372,AVIATION,1.36,0.0,0.82,,"AWS, Docker, Git, Machine Learning, NLP, NumPy, Pandas, Python, SQL, Scikit-learn","Candidate CAND_2372 shows weak overall alignment (1.36% text similarity, 0.0% skill match). Missing critical requirements: [AWS, Docker, Git, Machine Learning, NLP, NumPy, Pandas, Python, SQL, Scikit-learn]."
864,CAND_400,TEACHER,1.36,0.0,0.82,,"AWS, Docker, Git, Machine Learning, NLP, NumPy, Pandas, Python, SQL, Scikit-learn","Candidate CAND_400 shows weak overall alignment (1.36% text similarity, 0.0% skill match). Missing critical requirements: [AWS, Docker, Git, Machine Learning, NLP, NumPy, Pandas, Python, SQL, Scikit-learn]."
865,CAND_222,INFORMATION-TECHNOLOGY,1.36,0.0,0.82,,"AWS, Docker, Git, Machine Learning, NLP, NumPy, Pandas, Python, SQL, Scikit-learn","Candidate CAND_222 shows weak overall alignment (1.36% text similarity, 0.0% skill match). Missing critical requirements: [AWS, Docker, Git, Machine Learning, NLP, NumPy, Pandas, Python, SQL, Scikit-learn]."
866,CAND_1333,AUTOMOBILE,1.35,0.0,0.81,,"AWS, Docker, Git, Machine Learning, NLP, NumPy, Pandas, Python, SQL, Scikit-learn","Candidate CAND_1333 shows weak overall alignment (1.35% text similarity, 0.0% skill match). Missing critical requirements: [AWS, Docker, Git, Machine Learning, NLP, NumPy, Pandas, Python, SQL, Scikit-learn]."
867,CAND_552,ADVOCATE,1.35,0.0,0.81,,"AWS, Docker, Git, Machine Learning, NLP, NumPy, Pandas, Python, SQL, Scikit-learn","Candidate CAND_552 shows weak overall alignment (1.35% text similarity, 0.0% skill match). Missing critical requirements: [AWS, Docker, Git, Machine Learning, NLP, NumPy, Pandas, Python, SQL, Scikit-learn]."
868,CAND_2035,CONSTRUCTION,1.35,0.0,0.81,,"AWS, Docker, Git, Machine Learning, NLP, NumPy, Pandas, Python, SQL, Scikit-learn","Candidate CAND_2035 shows weak overall alignment (1.35% text similarity, 0.0% skill match). Missing critical requirements: [AWS, Docker, Git, Machine Learning, NLP, NumPy, Pandas, Python, SQL, Scikit-learn]."
869,CAND_1203,CONSULTANT,1.34,0.0,0.8,,"AWS, Docker, Git, Machine Learning, NLP, NumPy, Pandas, Python, SQL, Scikit-learn","Candidate CAND_1203 shows weak overall alignment (1.34% text similarity, 0.0% skill match). Missing critical requirements: [AWS, Docker, Git, Machine Learning, NLP, NumPy, Pandas, Python, SQL, Scikit-learn]."
870,CAND_1053,SALES,1.32,0.0,0.79,,"AWS, Docker, Git, Machine Learning, NLP, NumPy, Pandas, Python, SQL, Scikit-learn","Candidate CAND_1053 shows weak overall alignment (1.32% text similarity, 0.0% skill match). Missing critical requirements: [AWS, Docker, Git, Machine Learning, NLP, NumPy, Pandas, Python, SQL, Scikit-learn]."
871,CAND_536,ADVOCATE,1.31,0.0,0.79,,"AWS, Docker, Git, Machine Learning, NLP, NumPy, Pandas, Python, SQL, Scikit-learn","Candidate CAND_536 shows weak overall alignment (1.31% text similarity, 0.0% skill match). Missing critical requirements: [AWS, Docker, Git, Machine Learning, NLP, NumPy, Pandas, Python, SQL, Scikit-learn]."
872,CAND_122,DESIGNER,1.32,0.0,0.79,,"AWS, Docker, Git, Machine Learning, NLP, NumPy, Pandas, Python, SQL, Scikit-learn","Candidate CAND_122 shows weak overall alignment (1.32% text similarity, 0.0% skill match). Missing critical requirements: [AWS, Docker, Git, Machine Learning, NLP, NumPy, Pandas, Python, SQL, Scikit-learn]."
873,CAND_1914,ACCOUNTANT,1.32,0.0,0.79,,"AWS, Docker, Git, Machine Learning, NLP, NumPy, Pandas, Python, SQL, Scikit-learn","Candidate CAND_1914 shows weak overall alignment (1.32% text similarity, 0.0% skill match). Missing critical requirements: [AWS, Docker, Git, Machine Learning, NLP, NumPy, Pandas, Python, SQL, Scikit-learn]."
874,CAND_1932,CONSTRUCTION,1.32,0.0,0.79,,"AWS, Docker, Git, Machine Learning, NLP, NumPy, Pandas, Python, SQL, Scikit-learn","Candidate CAND_1932 shows weak overall alignment (1.32% text similarity, 0.0% skill match). Missing critical requirements: [AWS, Docker, Git, Machine Learning, NLP, NumPy, Pandas, Python, SQL, Scikit-learn]."
875,CAND_402,TEACHER,1.32,0.0,0.79,,"AWS, Docker, Git, Machine Learning, NLP, NumPy, Pandas, Python, SQL, Scikit-learn","Candidate CAND_402 shows weak overall alignment (1.32% text similarity, 0.0% skill match). Missing critical requirements: [AWS, Docker, Git, Machine Learning, NLP, NumPy, Pandas, Python, SQL, Scikit-learn]."
876,CAND_2393,AVIATION,1.3,0.0,0.78,,"AWS, Docker, Git, Machine Learning, NLP, NumPy, Pandas, Python, SQL, Scikit-learn","Candidate CAND_2393 shows weak overall alignment (1.3% text similarity, 0.0% skill match). Missing critical requirements: [AWS, Docker, Git, Machine Learning, NLP, NumPy, Pandas, Python, SQL, Scikit-learn]."
877,CAND_413,TEACHER,1.3,0.0,0.78,,"AWS, Docker, Git, Machine Learning, NLP, NumPy, Pandas, Python, SQL, Scikit-learn","Candidate CAND_413 shows weak overall alignment (1.3% text similarity, 0.0% skill match). Missing critical requirements: [AWS, Docker, Git, Machine Learning, NLP, NumPy, Pandas, Python, SQL, Scikit-learn]."
878,CAND_743,HEALTHCARE,1.3,0.0,0.78,,"AWS, Docker, Git, Machine Learning, NLP, NumPy, Pandas, Python, SQL, Scikit-learn","Candidate CAND_743 shows weak overall alignment (1.3% text similarity, 0.0% skill match). Missing critical requirements: [AWS, Docker, Git, Machine Learning, NLP, NumPy, Pandas, Python, SQL, Scikit-learn]."
879,CAND_964,AGRICULTURE,1.3,0.0,0.78,,"AWS, Docker, Git, Machine Learning, NLP, NumPy, Pandas, Python, SQL, Scikit-learn","Candidate CAND_964 shows weak overall alignment (1.3% text similarity, 0.0% skill match). Missing critical requirements: [AWS, Docker, Git, Machine Learning, NLP, NumPy, Pandas, Python, SQL, Scikit-learn]."
880,CAND_2172,BANKING,1.3,0.0,0.78,,"AWS, Docker, Git, Machine Learning, NLP, NumPy, Pandas, Python, SQL, Scikit-learn","Candidate CAND_2172 shows weak overall alignment (1.3% text similarity, 0.0% skill match). Missing critical requirements: [AWS, Docker, Git, Machine Learning, NLP, NumPy, Pandas, Python, SQL, Scikit-learn]."
881,CAND_082,HR,1.29,0.0,0.77,,"AWS, Docker, Git, Machine Learning, NLP, NumPy, Pandas, Python, SQL, Scikit-learn","Candidate CAND_082 shows weak overall alignment (1.29% text similarity, 0.0% skill match). Missing critical requirements: [AWS, Docker, Git, Machine Learning, NLP, NumPy, Pandas, Python, SQL, Scikit-learn]."
882,CAND_1944,CONSTRUCTION,1.29,0.0,0.77,,"AWS, Docker, Git, Machine Learning, NLP, NumPy, Pandas, Python, SQL, Scikit-learn","Candidate CAND_1944 shows weak overall alignment (1.29% text similarity, 0.0% skill match). Missing critical requirements: [AWS, Docker, Git, Machine Learning, NLP, NumPy, Pandas, Python, SQL, Scikit-learn]."
883,CAND_943,AGRICULTURE,1.29,0.0,0.77,,"AWS, Docker, Git, Machine Learning, NLP, NumPy, Pandas, Python, SQL, Scikit-learn","Candidate CAND_943 shows weak overall alignment (1.29% text similarity, 0.0% skill match). Missing critical requirements: [AWS, Docker, Git, Machine Learning, NLP, NumPy, Pandas, Python, SQL, Scikit-learn]."
884,CAND_454,ADVOCATE,1.29,0.0,0.77,,"AWS, Docker, Git, Machine Learning, NLP, NumPy, Pandas, Python, SQL, Scikit-learn","Candidate CAND_454 shows weak overall alignment (1.29% text similarity, 0.0% skill match). Missing critical requirements: [AWS, Docker, Git, Machine Learning, NLP, NumPy, Pandas, Python, SQL, Scikit-learn]."
885,CAND_196,DESIGNER,1.28,0.0,0.77,,"AWS, Docker, Git, Machine Learning, NLP, NumPy, Pandas, Python, SQL, Scikit-learn","Candidate CAND_196 shows weak overall alignment (1.28% text similarity, 0.0% skill match). Missing critical requirements: [AWS, Docker, Git, Machine Learning, NLP, NumPy, Pandas, Python, SQL, Scikit-learn]."
886,CAND_1059,SALES,1.29,0.0,0.77,,"AWS, Docker, Git, Machine Learning, NLP, NumPy, Pandas, Python, SQL, Scikit-learn","Candidate CAND_1059 shows weak overall alignment (1.29% text similarity, 0.0% skill match). Missing critical requirements: [AWS, Docker, Git, Machine Learning, NLP, NumPy, Pandas, Python, SQL, Scikit-learn]."
887,CAND_1977,CONSTRUCTION,1.29,0.0,0.77,,"AWS, Docker, Git, Machine Learning, NLP, NumPy, Pandas, Python, SQL, Scikit-learn","Candidate CAND_1977 shows weak overall alignment (1.29% text similarity, 0.0% skill match). Missing critical requirements: [AWS, Docker, Git, Machine Learning, NLP, NumPy, Pandas, Python, SQL, Scikit-learn]."
888,CAND_142,DESIGNER,1.28,0.0,0.77,,"AWS, Docker, Git, Machine Learning, NLP, NumPy, Pandas, Python, SQL, Scikit-learn","Candidate CAND_142 shows weak overall alignment (1.28% text similarity, 0.0% skill match). Missing critical requirements: [AWS, Docker, Git, Machine Learning, NLP, NumPy, Pandas, Python, SQL, Scikit-learn]."
889,CAND_1400,CHEF,1.27,0.0,0.76,,"AWS, Docker, Git, Machine Learning, NLP, NumPy, Pandas, Python, SQL, Scikit-learn","Candidate CAND_1400 shows weak overall alignment (1.27% text similarity, 0.0% skill match). Missing critical requirements: [AWS, Docker, Git, Machine Learning, NLP, NumPy, Pandas, Python, SQL, Scikit-learn]."
890,CAND_2129,PUBLIC-RELATIONS,1.26,0.0,0.76,,"AWS, Docker, Git, Machine Learning, NLP, NumPy, Pandas, Python, SQL, Scikit-learn","Candidate CAND_2129 shows weak overall alignment (1.26% text similarity, 0.0% skill match). Missing critical requirements: [AWS, Docker, Git, Machine Learning, NLP, NumPy, Pandas, Python, SQL, Scikit-learn]."
891,CAND_1556,FINANCE,1.27,0.0,0.76,,"AWS, Docker, Git, Machine Learning, NLP, NumPy, Pandas, Python, SQL, Scikit-learn","Candidate CAND_1556 shows weak overall alignment (1.27% text similarity, 0.0% skill match). Missing critical requirements: [AWS, Docker, Git, Machine Learning, NLP, NumPy, Pandas, Python, SQL, Scikit-learn]."
892,CAND_1449,CHEF,1.27,0.0,0.76,,"AWS, Docker, Git, Machine Learning, NLP, NumPy, Pandas, Python, SQL, Scikit-learn","Candidate CAND_1449 shows weak overall alignment (1.27% text similarity, 0.0% skill match). Missing critical requirements: [AWS, Docker, Git, Machine Learning, NLP, NumPy, Pandas, Python, SQL, Scikit-learn]."
893,CAND_341,TEACHER,1.27,0.0,0.76,,"AWS, Docker, Git, Machine Learning, NLP, NumPy, Pandas, Python, SQL, Scikit-learn","Candidate CAND_341 shows weak overall alignment (1.27% text similarity, 0.0% skill match). Missing critical requirements: [AWS, Docker, Git, Machine Learning, NLP, NumPy, Pandas, Python, SQL, Scikit-learn]."
894,CAND_1452,CHEF,1.25,0.0,0.75,,"AWS, Docker, Git, Machine Learning, NLP, NumPy, Pandas, Python, SQL, Scikit-learn","Candidate CAND_1452 shows weak overall alignment (1.25% text similarity, 0.0% skill match). Missing critical requirements: [AWS, Docker, Git, Machine Learning, NLP, NumPy, Pandas, Python, SQL, Scikit-learn]."
895,CAND_1126,CONSULTANT,1.25,0.0,0.75,,"AWS, Docker, Git, Machine Learning, NLP, NumPy, Pandas, Python, SQL, Scikit-learn","Candidate CAND_1126 shows weak overall alignment (1.25% text similarity, 0.0% skill match). Missing critical requirements: [AWS, Docker, Git, Machine Learning, NLP, NumPy, Pandas, Python, SQL, Scikit-learn]."
896,CAND_1207,CONSULTANT,1.25,0.0,0.75,,"AWS, Docker, Git, Machine Learning, NLP, NumPy, Pandas, Python, SQL, Scikit-learn","Candidate CAND_1207 shows weak overall alignment (1.25% text similarity, 0.0% skill match). Missing critical requirements: [AWS, Docker, Git, Machine Learning, NLP, NumPy, Pandas, Python, SQL, Scikit-learn]."
897,CAND_591,BUSINESS-DEVELOPMENT,1.25,0.0,0.75,,"AWS, Docker, Git, Machine Learning, NLP, NumPy, Pandas, Python, SQL, Scikit-learn","Candidate CAND_591 shows weak overall alignment (1.25% text similarity, 0.0% skill match). Missing critical requirements: [AWS, Docker, Git, Machine Learning, NLP, NumPy, Pandas, Python, SQL, Scikit-learn]."
898,CAND_679,HEALTHCARE,1.25,0.0,0.75,,"AWS, Docker, Git, Machine Learning, NLP, NumPy, Pandas, Python, SQL, Scikit-learn","Candidate CAND_679 shows weak overall alignment (1.25% text similarity, 0.0% skill match). Missing critical requirements: [AWS, Docker, Git, Machine Learning, NLP, NumPy, Pandas, Python, SQL, Scikit-learn]."
899,CAND_1998,CONSTRUCTION,1.24,0.0,0.74,,"AWS, Docker, Git, Machine Learning, NLP, NumPy, Pandas, Python, SQL, Scikit-learn","Candidate CAND_1998 shows weak overall alignment (1.24% text similarity, 0.0% skill match). Missing critical requirements: [AWS, Docker, Git, Machine Learning, NLP, NumPy, Pandas, Python, SQL, Scikit-learn]."
900,CAND_070,HR,1.23,0.0,0.74,,"AWS, Docker, Git, Machine Learning, NLP, NumPy, Pandas, Python, SQL, Scikit-learn","Candidate CAND_070 shows weak overall alignment (1.23% text similarity, 0.0% skill match). Missing critical requirements: [AWS, Docker, Git, Machine Learning, NLP, NumPy, Pandas, Python, SQL, Scikit-learn]."
901,CAND_2006,CONSTRUCTION,1.24,0.0,0.74,,"AWS, Docker, Git, Machine Learning, NLP, NumPy, Pandas, Python, SQL, Scikit-learn","Candidate CAND_2006 shows weak overall alignment (1.24% text similarity, 0.0% skill match). Missing critical requirements: [AWS, Docker, Git, Machine Learning, NLP, NumPy, Pandas, Python, SQL, Scikit-learn]."
902,CAND_2134,PUBLIC-RELATIONS,1.24,0.0,0.74,,"AWS, Docker, Git, Machine Learning, NLP, NumPy, Pandas, Python, SQL, Scikit-learn","Candidate CAND_2134 shows weak overall alignment (1.24% text similarity, 0.0% skill match). Missing critical requirements: [AWS, Docker, Git, Machine Learning, NLP, NumPy, Pandas, Python, SQL, Scikit-learn]."
903,CAND_485,ADVOCATE,1.23,0.0,0.74,,"AWS, Docker, Git, Machine Learning, NLP, NumPy, Pandas, Python, SQL, Scikit-learn","Candidate CAND_485 shows weak overall alignment (1.23% text similarity, 0.0% skill match). Missing critical requirements: [AWS, Docker, Git, Machine Learning, NLP, NumPy, Pandas, Python, SQL, Scikit-learn]."
904,CAND_783,HEALTHCARE,1.21,0.0,0.73,,"AWS, Docker, Git, Machine Learning, NLP, NumPy, Pandas, Python, SQL, Scikit-learn","Candidate CAND_783 shows weak overall alignment (1.21% text similarity, 0.0% skill match). Missing critical requirements: [AWS, Docker, Git, Machine Learning, NLP, NumPy, Pandas, Python, SQL, Scikit-learn]."
905,CAND_445,ADVOCATE,1.22,0.0,0.73,,"AWS, Docker, Git, Machine Learning, NLP, NumPy, Pandas, Python, SQL, Scikit-learn","Candidate CAND_445 shows weak overall alignment (1.22% text similarity, 0.0% skill match). Missing critical requirements: [AWS, Docker, Git, Machine Learning, NLP, NumPy, Pandas, Python, SQL, Scikit-learn]."
906,CAND_562,BUSINESS-DEVELOPMENT,1.22,0.0,0.73,,"AWS, Docker, Git, Machine Learning, NLP, NumPy, Pandas, Python, SQL, Scikit-learn","Candidate CAND_562 shows weak overall alignment (1.22% text similarity, 0.0% skill match). Missing critical requirements: [AWS, Docker, Git, Machine Learning, NLP, NumPy, Pandas, Python, SQL, Scikit-learn]."
907,CAND_1929,CONSTRUCTION,1.22,0.0,0.73,,"AWS, Docker, Git, Machine Learning, NLP, NumPy, Pandas, Python, SQL, Scikit-learn","Candidate CAND_1929 shows weak overall alignment (1.22% text similarity, 0.0% skill match). Missing critical requirements: [AWS, Docker, Git, Machine Learning, NLP, NumPy, Pandas, Python, SQL, Scikit-learn]."
908,CAND_560,BUSINESS-DEVELOPMENT,1.21,0.0,0.73,,"AWS, Docker, Git, Machine Learning, NLP, NumPy, Pandas, Python, SQL, Scikit-learn","Candidate CAND_560 shows weak overall alignment (1.21% text similarity, 0.0% skill match). Missing critical requirements: [AWS, Docker, Git, Machine Learning, NLP, NumPy, Pandas, Python, SQL, Scikit-learn]."
909,CAND_459,ADVOCATE,1.22,0.0,0.73,,"AWS, Docker, Git, Machine Learning, NLP, NumPy, Pandas, Python, SQL, Scikit-learn","Candidate CAND_459 shows weak overall alignment (1.22% text similarity, 0.0% skill match). Missing critical requirements: [AWS, Docker, Git, Machine Learning, NLP, NumPy, Pandas, Python, SQL, Scikit-learn]."
910,CAND_2354,ARTS,1.21,0.0,0.73,,"AWS, Docker, Git, Machine Learning, NLP, NumPy, Pandas, Python, SQL, Scikit-learn","Candidate CAND_2354 shows weak overall alignment (1.21% text similarity, 0.0% skill match). Missing critical requirements: [AWS, Docker, Git, Machine Learning, NLP, NumPy, Pandas, Python, SQL, Scikit-learn]."
911,CAND_2399,AVIATION,1.21,0.0,0.73,,"AWS, Docker, Git, Machine Learning, NLP, NumPy, Pandas, Python, SQL, Scikit-learn","Candidate CAND_2399 shows weak overall alignment (1.21% text similarity, 0.0% skill match). Missing critical requirements: [AWS, Docker, Git, Machine Learning, NLP, NumPy, Pandas, Python, SQL, Scikit-learn]."
912,CAND_2222,BANKING,1.22,0.0,0.73,,"AWS, Docker, Git, Machine Learning, NLP, NumPy, Pandas, Python, SQL, Scikit-learn","Candidate CAND_2222 shows weak overall alignment (1.22% text similarity, 0.0% skill match). Missing critical requirements: [AWS, Docker, Git, Machine Learning, NLP, NumPy, Pandas, Python, SQL, Scikit-learn]."
913,CAND_116,DESIGNER,1.22,0.0,0.73,,"AWS, Docker, Git, Machine Learning, NLP, NumPy, Pandas, Python, SQL, Scikit-learn","Candidate CAND_116 shows weak overall alignment (1.22% text similarity, 0.0% skill match). Missing critical requirements: [AWS, Docker, Git, Machine Learning, NLP, NumPy, Pandas, Python, SQL, Scikit-learn]."
914,CAND_687,HEALTHCARE,1.2,0.0,0.72,,"AWS, Docker, Git, Machine Learning, NLP, NumPy, Pandas, Python, SQL, Scikit-learn","Candidate CAND_687 shows weak overall alignment (1.2% text similarity, 0.0% skill match). Missing critical requirements: [AWS, Docker, Git, Machine Learning, NLP, NumPy, Pandas, Python, SQL, Scikit-learn]."
915,CAND_2116,PUBLIC-RELATIONS,1.2,0.0,0.72,,"AWS, Docker, Git, Machine Learning, NLP, NumPy, Pandas, Python, SQL, Scikit-learn","Candidate CAND_2116 shows weak overall alignment (1.2% text similarity, 0.0% skill match). Missing critical requirements: [AWS, Docker, Git, Machine Learning, NLP, NumPy, Pandas, Python, SQL, Scikit-learn]."
916,CAND_408,TEACHER,1.2,0.0,0.72,,"AWS, Docker, Git, Machine Learning, NLP, NumPy, Pandas, Python, SQL, Scikit-learn","Candidate CAND_408 shows weak overall alignment (1.2% text similarity, 0.0% skill match). Missing critical requirements: [AWS, Docker, Git, Machine Learning, NLP, NumPy, Pandas, Python, SQL, Scikit-learn]."
917,CAND_2040,PUBLIC-RELATIONS,1.2,0.0,0.72,,"AWS, Docker, Git, Machine Learning, NLP, NumPy, Pandas, Python, SQL, Scikit-learn","Candidate CAND_2040 shows weak overall alignment (1.2% text similarity, 0.0% skill match). Missing critical requirements: [AWS, Docker, Git, Machine Learning, NLP, NumPy, Pandas, Python, SQL, Scikit-learn]."
918,CAND_071,HR,1.2,0.0,0.72,,"AWS, Docker, Git, Machine Learning, NLP, NumPy, Pandas, Python, SQL, Scikit-learn","Candidate CAND_071 shows weak overall alignment (1.2% text similarity, 0.0% skill match). Missing critical requirements: [AWS, Docker, Git, Machine Learning, NLP, NumPy, Pandas, Python, SQL, Scikit-learn]."
919,CAND_1927,CONSTRUCTION,1.2,0.0,0.72,,"AWS, Docker, Git, Machine Learning, NLP, NumPy, Pandas, Python, SQL, Scikit-learn","Candidate CAND_1927 shows weak overall alignment (1.2% text similarity, 0.0% skill match). Missing critical requirements: [AWS, Docker, Git, Machine Learning, NLP, NumPy, Pandas, Python, SQL, Scikit-learn]."
920,CAND_1089,SALES,1.18,0.0,0.71,,"AWS, Docker, Git, Machine Learning, NLP, NumPy, Pandas, Python, SQL, Scikit-learn","Candidate CAND_1089 shows weak overall alignment (1.18% text similarity, 0.0% skill match). Missing critical requirements: [AWS, Docker, Git, Machine Learning, NLP, NumPy, Pandas, Python, SQL, Scikit-learn]."
921,CAND_1871,ACCOUNTANT,1.18,0.0,0.71,,"AWS, Docker, Git, Machine Learning, NLP, NumPy, Pandas, Python, SQL, Scikit-learn","Candidate CAND_1871 shows weak overall alignment (1.18% text similarity, 0.0% skill match). Missing critical requirements: [AWS, Docker, Git, Machine Learning, NLP, NumPy, Pandas, Python, SQL, Scikit-learn]."
922,CAND_1396,CHEF,1.18,0.0,0.71,,"AWS, Docker, Git, Machine Learning, NLP, NumPy, Pandas, Python, SQL, Scikit-learn","Candidate CAND_1396 shows weak overall alignment (1.18% text similarity, 0.0% skill match). Missing critical requirements: [AWS, Docker, Git, Machine Learning, NLP, NumPy, Pandas, Python, SQL, Scikit-learn]."
923,CAND_026,HR,1.18,0.0,0.71,,"AWS, Docker, Git, Machine Learning, NLP, NumPy, Pandas, Python, SQL, Scikit-learn","Candidate CAND_026 shows weak overall alignment (1.18% text similarity, 0.0% skill match). Missing critical requirements: [AWS, Docker, Git, Machine Learning, NLP, NumPy, Pandas, Python, SQL, Scikit-learn]."
924,CAND_373,TEACHER,1.19,0.0,0.71,,"AWS, Docker, Git, Machine Learning, NLP, NumPy, Pandas, Python, SQL, Scikit-learn","Candidate CAND_373 shows weak overall alignment (1.19% text similarity, 0.0% skill match). Missing critical requirements: [AWS, Docker, Git, Machine Learning, NLP, NumPy, Pandas, Python, SQL, Scikit-learn]."
925,CAND_1309,DIGITAL-MEDIA,1.16,0.0,0.7,,"AWS, Docker, Git, Machine Learning, NLP, NumPy, Pandas, Python, SQL, Scikit-learn","Candidate CAND_1309 shows weak overall alignment (1.16% text similarity, 0.0% skill match). Missing critical requirements: [AWS, Docker, Git, Machine Learning, NLP, NumPy, Pandas, Python, SQL, Scikit-learn]."
926,CAND_2326,ARTS,1.16,0.0,0.7,,"AWS, Docker, Git, Machine Learning, NLP, NumPy, Pandas, Python, SQL, Scikit-learn","Candidate CAND_2326 shows weak overall alignment (1.16% text similarity, 0.0% skill match). Missing critical requirements: [AWS, Docker, Git, Machine Learning, NLP, NumPy, Pandas, Python, SQL, Scikit-learn]."
927,CAND_2271,ARTS,1.17,0.0,0.7,,"AWS, Docker, Git, Machine Learning, NLP, NumPy, Pandas, Python, SQL, Scikit-learn","Candidate CAND_2271 shows weak overall alignment (1.17% text similarity, 0.0% skill match). Missing critical requirements: [AWS, Docker, Git, Machine Learning, NLP, NumPy, Pandas, Python, SQL, Scikit-learn]."
928,CAND_1548,FINANCE,1.16,0.0,0.7,,"AWS, Docker, Git, Machine Learning, NLP, NumPy, Pandas, Python, SQL, Scikit-learn","Candidate CAND_1548 shows weak overall alignment (1.16% text similarity, 0.0% skill match). Missing critical requirements: [AWS, Docker, Git, Machine Learning, NLP, NumPy, Pandas, Python, SQL, Scikit-learn]."
929,CAND_2058,PUBLIC-RELATIONS,1.16,0.0,0.7,,"AWS, Docker, Git, Machine Learning, NLP, NumPy, Pandas, Python, SQL, Scikit-learn","Candidate CAND_2058 shows weak overall alignment (1.16% text similarity, 0.0% skill match). Missing critical requirements: [AWS, Docker, Git, Machine Learning, NLP, NumPy, Pandas, Python, SQL, Scikit-learn]."
930,CAND_957,AGRICULTURE,1.17,0.0,0.7,,"AWS, Docker, Git, Machine Learning, NLP, NumPy, Pandas, Python, SQL, Scikit-learn","Candidate CAND_957 shows weak overall alignment (1.17% text similarity, 0.0% skill match). Missing critical requirements: [AWS, Docker, Git, Machine Learning, NLP, NumPy, Pandas, Python, SQL, Scikit-learn]."
931,CAND_1451,CHEF,1.17,0.0,0.7,,"AWS, Docker, Git, Machine Learning, NLP, NumPy, Pandas, Python, SQL, Scikit-learn","Candidate CAND_1451 shows weak overall alignment (1.17% text similarity, 0.0% skill match). Missing critical requirements: [AWS, Docker, Git, Machine Learning, NLP, NumPy, Pandas, Python, SQL, Scikit-learn]."
932,CAND_2094,PUBLIC-RELATIONS,1.16,0.0,0.7,,"AWS, Docker, Git, Machine Learning, NLP, NumPy, Pandas, Python, SQL, Scikit-learn","Candidate CAND_2094 shows weak overall alignment (1.16% text similarity, 0.0% skill match). Missing critical requirements: [AWS, Docker, Git, Machine Learning, NLP, NumPy, Pandas, Python, SQL, Scikit-learn]."
933,CAND_2087,PUBLIC-RELATIONS,1.17,0.0,0.7,,"AWS, Docker, Git, Machine Learning, NLP, NumPy, Pandas, Python, SQL, Scikit-learn","Candidate CAND_2087 shows weak overall alignment (1.17% text similarity, 0.0% skill match). Missing critical requirements: [AWS, Docker, Git, Machine Learning, NLP, NumPy, Pandas, Python, SQL, Scikit-learn]."
934,CAND_2071,PUBLIC-RELATIONS,1.16,0.0,0.7,,"AWS, Docker, Git, Machine Learning, NLP, NumPy, Pandas, Python, SQL, Scikit-learn","Candidate CAND_2071 shows weak overall alignment (1.16% text similarity, 0.0% skill match). Missing critical requirements: [AWS, Docker, Git, Machine Learning, NLP, NumPy, Pandas, Python, SQL, Scikit-learn]."
935,CAND_2082,PUBLIC-RELATIONS,1.16,0.0,0.7,,"AWS, Docker, Git, Machine Learning, NLP, NumPy, Pandas, Python, SQL, Scikit-learn","Candidate CAND_2082 shows weak overall alignment (1.16% text similarity, 0.0% skill match). Missing critical requirements: [AWS, Docker, Git, Machine Learning, NLP, NumPy, Pandas, Python, SQL, Scikit-learn]."
936,CAND_2377,AVIATION,1.15,0.0,0.69,,"AWS, Docker, Git, Machine Learning, NLP, NumPy, Pandas, Python, SQL, Scikit-learn","Candidate CAND_2377 shows weak overall alignment (1.15% text similarity, 0.0% skill match). Missing critical requirements: [AWS, Docker, Git, Machine Learning, NLP, NumPy, Pandas, Python, SQL, Scikit-learn]."
937,CAND_1010,SALES,1.15,0.0,0.69,,"AWS, Docker, Git, Machine Learning, NLP, NumPy, Pandas, Python, SQL, Scikit-learn","Candidate CAND_1010 shows weak overall alignment (1.15% text similarity, 0.0% skill match). Missing critical requirements: [AWS, Docker, Git, Machine Learning, NLP, NumPy, Pandas, Python, SQL, Scikit-learn]."
938,CAND_296,INFORMATION-TECHNOLOGY,1.15,0.0,0.69,,"AWS, Docker, Git, Machine Learning, NLP, NumPy, Pandas, Python, SQL, Scikit-learn","Candidate CAND_296 shows weak overall alignment (1.15% text similarity, 0.0% skill match). Missing critical requirements: [AWS, Docker, Git, Machine Learning, NLP, NumPy, Pandas, Python, SQL, Scikit-learn]."
939,CAND_1372,CHEF,1.14,0.0,0.68,,"AWS, Docker, Git, Machine Learning, NLP, NumPy, Pandas, Python, SQL, Scikit-learn","Candidate CAND_1372 shows weak overall alignment (1.14% text similarity, 0.0% skill match). Missing critical requirements: [AWS, Docker, Git, Machine Learning, NLP, NumPy, Pandas, Python, SQL, Scikit-learn]."
940,CAND_1003,SALES,1.14,0.0,0.68,,"AWS, Docker, Git, Machine Learning, NLP, NumPy, Pandas, Python, SQL, Scikit-learn","Candidate CAND_1003 shows weak overall alignment (1.14% text similarity, 0.0% skill match). Missing critical requirements: [AWS, Docker, Git, Machine Learning, NLP, NumPy, Pandas, Python, SQL, Scikit-learn]."
941,CAND_044,HR,1.14,0.0,0.68,,"AWS, Docker, Git, Machine Learning, NLP, NumPy, Pandas, Python, SQL, Scikit-learn","Candidate CAND_044 shows weak overall alignment (1.14% text similarity, 0.0% skill match). Missing critical requirements: [AWS, Docker, Git, Machine Learning, NLP, NumPy, Pandas, Python, SQL, Scikit-learn]."
942,CAND_1500,FINANCE,1.13,0.0,0.68,,"AWS, Docker, Git, Machine Learning, NLP, NumPy, Pandas, Python, SQL, Scikit-learn","Candidate CAND_1500 shows weak overall alignment (1.13% text similarity, 0.0% skill match). Missing critical requirements: [AWS, Docker, Git, Machine Learning, NLP, NumPy, Pandas, Python, SQL, Scikit-learn]."
943,CAND_1386,CHEF,1.14,0.0,0.68,,"AWS, Docker, Git, Machine Learning, NLP, NumPy, Pandas, Python, SQL, Scikit-learn","Candidate CAND_1386 shows weak overall alignment (1.14% text similarity, 0.0% skill match). Missing critical requirements: [AWS, Docker, Git, Machine Learning, NLP, NumPy, Pandas, Python, SQL, Scikit-learn]."
944,CAND_1080,SALES,1.14,0.0,0.68,,"AWS, Docker, Git, Machine Learning, NLP, NumPy, Pandas, Python, SQL, Scikit-learn","Candidate CAND_1080 shows weak overall alignment (1.14% text similarity, 0.0% skill match). Missing critical requirements: [AWS, Docker, Git, Machine Learning, NLP, NumPy, Pandas, Python, SQL, Scikit-learn]."
945,CAND_2268,ARTS,1.13,0.0,0.68,,"AWS, Docker, Git, Machine Learning, NLP, NumPy, Pandas, Python, SQL, Scikit-learn","Candidate CAND_2268 shows weak overall alignment (1.13% text similarity, 0.0% skill match). Missing critical requirements: [AWS, Docker, Git, Machine Learning, NLP, NumPy, Pandas, Python, SQL, Scikit-learn]."
946,CAND_456,ADVOCATE,1.14,0.0,0.68,,"AWS, Docker, Git, Machine Learning, NLP, NumPy, Pandas, Python, SQL, Scikit-learn","Candidate CAND_456 shows weak overall alignment (1.14% text similarity, 0.0% skill match). Missing critical requirements: [AWS, Docker, Git, Machine Learning, NLP, NumPy, Pandas, Python, SQL, Scikit-learn]."
947,CAND_2107,PUBLIC-RELATIONS,1.14,0.0,0.68,,"AWS, Docker, Git, Machine Learning, NLP, NumPy, Pandas, Python, SQL, Scikit-learn","Candidate CAND_2107 shows weak overall alignment (1.14% text similarity, 0.0% skill match). Missing critical requirements: [AWS, Docker, Git, Machine Learning, NLP, NumPy, Pandas, Python, SQL, Scikit-learn]."
948,CAND_174,DESIGNER,1.12,0.0,0.67,,"AWS, Docker, Git, Machine Learning, NLP, NumPy, Pandas, Python, SQL, Scikit-learn","Candidate CAND_174 shows weak overall alignment (1.12% text similarity, 0.0% skill match). Missing critical requirements: [AWS, Docker, Git, Machine Learning, NLP, NumPy, Pandas, Python, SQL, Scikit-learn]."
949,CAND_884,FITNESS,1.12,0.0,0.67,,"AWS, Docker, Git, Machine Learning, NLP, NumPy, Pandas, Python, SQL, Scikit-learn","Candidate CAND_884 shows weak overall alignment (1.12% text similarity, 0.0% skill match). Missing critical requirements: [AWS, Docker, Git, Machine Learning, NLP, NumPy, Pandas, Python, SQL, Scikit-learn]."
950,CAND_249,INFORMATION-TECHNOLOGY,1.11,0.0,0.67,,"AWS, Docker, Git, Machine Learning, NLP, NumPy, Pandas, Python, SQL, Scikit-learn","Candidate CAND_249 shows weak overall alignment (1.11% text similarity, 0.0% skill match). Missing critical requirements: [AWS, Docker, Git, Machine Learning, NLP, NumPy, Pandas, Python, SQL, Scikit-learn]."
951,CAND_028,HR,1.11,0.0,0.67,,"AWS, Docker, Git, Machine Learning, NLP, NumPy, Pandas, Python, SQL, Scikit-learn","Candidate CAND_028 shows weak overall alignment (1.11% text similarity, 0.0% skill match). Missing critical requirements: [AWS, Docker, Git, Machine Learning, NLP, NumPy, Pandas, Python, SQL, Scikit-learn]."
952,CAND_873,FITNESS,1.11,0.0,0.67,,"AWS, Docker, Git, Machine Learning, NLP, NumPy, Pandas, Python, SQL, Scikit-learn","Candidate CAND_873 shows weak overall alignment (1.11% text similarity, 0.0% skill match). Missing critical requirements: [AWS, Docker, Git, Machine Learning, NLP, NumPy, Pandas, Python, SQL, Scikit-learn]."
953,CAND_1344,AUTOMOBILE,1.11,0.0,0.67,,"AWS, Docker, Git, Machine Learning, NLP, NumPy, Pandas, Python, SQL, Scikit-learn","Candidate CAND_1344 shows weak overall alignment (1.11% text similarity, 0.0% skill match). Missing critical requirements: [AWS, Docker, Git, Machine Learning, NLP, NumPy, Pandas, Python, SQL, Scikit-learn]."
954,CAND_1030,SALES,1.12,0.0,0.67,,"AWS, Docker, Git, Machine Learning, NLP, NumPy, Pandas, Python, SQL, Scikit-learn","Candidate CAND_1030 shows weak overall alignment (1.12% text similarity, 0.0% skill match). Missing critical requirements: [AWS, Docker, Git, Machine Learning, NLP, NumPy, Pandas, Python, SQL, Scikit-learn]."
955,CAND_383,TEACHER,1.11,0.0,0.67,,"AWS, Docker, Git, Machine Learning, NLP, NumPy, Pandas, Python, SQL, Scikit-learn","Candidate CAND_383 shows weak overall alignment (1.11% text similarity, 0.0% skill match). Missing critical requirements: [AWS, Docker, Git, Machine Learning, NLP, NumPy, Pandas, Python, SQL, Scikit-learn]."
956,CAND_2014,CONSTRUCTION,1.1,0.0,0.66,,"AWS, Docker, Git, Machine Learning, NLP, NumPy, Pandas, Python, SQL, Scikit-learn","Candidate CAND_2014 shows weak overall alignment (1.1% text similarity, 0.0% skill match). Missing critical requirements: [AWS, Docker, Git, Machine Learning, NLP, NumPy, Pandas, Python, SQL, Scikit-learn]."
957,CAND_2363,ARTS,1.1,0.0,0.66,,"AWS, Docker, Git, Machine Learning, NLP, NumPy, Pandas, Python, SQL, Scikit-learn","Candidate CAND_2363 shows weak overall alignment (1.1% text similarity, 0.0% skill match). Missing critical requirements: [AWS, Docker, Git, Machine Learning, NLP, NumPy, Pandas, Python, SQL, Scikit-learn]."
958,CAND_2437,AVIATION,1.1,0.0,0.66,,"AWS, Docker, Git, Machine Learning, NLP, NumPy, Pandas, Python, SQL, Scikit-learn","Candidate CAND_2437 shows weak overall alignment (1.1% text similarity, 0.0% skill match). Missing critical requirements: [AWS, Docker, Git, Machine Learning, NLP, NumPy, Pandas, Python, SQL, Scikit-learn]."
959,CAND_1426,CHEF,1.09,0.0,0.65,,"AWS, Docker, Git, Machine Learning, NLP, NumPy, Pandas, Python, SQL, Scikit-learn","Candidate CAND_1426 shows weak overall alignment (1.09% text similarity, 0.0% skill match). Missing critical requirements: [AWS, Docker, Git, Machine Learning, NLP, NumPy, Pandas, Python, SQL, Scikit-learn]."
960,CAND_1940,CONSTRUCTION,1.08,0.0,0.65,,"AWS, Docker, Git, Machine Learning, NLP, NumPy, Pandas, Python, SQL, Scikit-learn","Candidate CAND_1940 shows weak overall alignment (1.08% text similarity, 0.0% skill match). Missing critical requirements: [AWS, Docker, Git, Machine Learning, NLP, NumPy, Pandas, Python, SQL, Scikit-learn]."
961,CAND_1684,APPAREL,1.09,0.0,0.65,,"AWS, Docker, Git, Machine Learning, NLP, NumPy, Pandas, Python, SQL, Scikit-learn","Candidate CAND_1684 shows weak overall alignment (1.09% text similarity, 0.0% skill match). Missing critical requirements: [AWS, Docker, Git, Machine Learning, NLP, NumPy, Pandas, Python, SQL, Scikit-learn]."
962,CAND_414,TEACHER,1.08,0.0,0.65,,"AWS, Docker, Git, Machine Learning, NLP, NumPy, Pandas, Python, SQL, Scikit-learn","Candidate CAND_414 shows weak overall alignment (1.08% text similarity, 0.0% skill match). Missing critical requirements: [AWS, Docker, Git, Machine Learning, NLP, NumPy, Pandas, Python, SQL, Scikit-learn]."
963,CAND_1392,CHEF,1.09,0.0,0.65,,"AWS, Docker, Git, Machine Learning, NLP, NumPy, Pandas, Python, SQL, Scikit-learn","Candidate CAND_1392 shows weak overall alignment (1.09% text similarity, 0.0% skill match). Missing critical requirements: [AWS, Docker, Git, Machine Learning, NLP, NumPy, Pandas, Python, SQL, Scikit-learn]."
964,CAND_1171,CONSULTANT,1.09,0.0,0.65,,"AWS, Docker, Git, Machine Learning, NLP, NumPy, Pandas, Python, SQL, Scikit-learn","Candidate CAND_1171 shows weak overall alignment (1.09% text similarity, 0.0% skill match). Missing critical requirements: [AWS, Docker, Git, Machine Learning, NLP, NumPy, Pandas, Python, SQL, Scikit-learn]."
965,CAND_1384,CHEF,1.08,0.0,0.65,,"AWS, Docker, Git, Machine Learning, NLP, NumPy, Pandas, Python, SQL, Scikit-learn","Candidate CAND_1384 shows weak overall alignment (1.08% text similarity, 0.0% skill match). Missing critical requirements: [AWS, Docker, Git, Machine Learning, NLP, NumPy, Pandas, Python, SQL, Scikit-learn]."
966,CAND_1150,CONSULTANT,1.09,0.0,0.65,,"AWS, Docker, Git, Machine Learning, NLP, NumPy, Pandas, Python, SQL, Scikit-learn","Candidate CAND_1150 shows weak overall alignment (1.09% text similarity, 0.0% skill match). Missing critical requirements: [AWS, Docker, Git, Machine Learning, NLP, NumPy, Pandas, Python, SQL, Scikit-learn]."
967,CAND_531,ADVOCATE,1.09,0.0,0.65,,"AWS, Docker, Git, Machine Learning, NLP, NumPy, Pandas, Python, SQL, Scikit-learn","Candidate CAND_531 shows weak overall alignment (1.09% text similarity, 0.0% skill match). Missing critical requirements: [AWS, Docker, Git, Machine Learning, NLP, NumPy, Pandas, Python, SQL, Scikit-learn]."
968,CAND_1307,DIGITAL-MEDIA,1.08,0.0,0.65,,"AWS, Docker, Git, Machine Learning, NLP, NumPy, Pandas, Python, SQL, Scikit-learn","Candidate CAND_1307 shows weak overall alignment (1.08% text similarity, 0.0% skill match). Missing critical requirements: [AWS, Docker, Git, Machine Learning, NLP, NumPy, Pandas, Python, SQL, Scikit-learn]."
969,CAND_2374,AVIATION,1.09,0.0,0.65,,"AWS, Docker, Git, Machine Learning, NLP, NumPy, Pandas, Python, SQL, Scikit-learn","Candidate CAND_2374 shows weak overall alignment (1.09% text similarity, 0.0% skill match). Missing critical requirements: [AWS, Docker, Git, Machine Learning, NLP, NumPy, Pandas, Python, SQL, Scikit-learn]."
970,CAND_729,HEALTHCARE,1.08,0.0,0.65,,"AWS, Docker, Git, Machine Learning, NLP, NumPy, Pandas, Python, SQL, Scikit-learn","Candidate CAND_729 shows weak overall alignment (1.08% text similarity, 0.0% skill match). Missing critical requirements: [AWS, Docker, Git, Machine Learning, NLP, NumPy, Pandas, Python, SQL, Scikit-learn]."
971,CAND_937,AGRICULTURE,1.09,0.0,0.65,,"AWS, Docker, Git, Machine Learning, NLP, NumPy, Pandas, Python, SQL, Scikit-learn","Candidate CAND_937 shows weak overall alignment (1.09% text similarity, 0.0% skill match). Missing critical requirements: [AWS, Docker, Git, Machine Learning, NLP, NumPy, Pandas, Python, SQL, Scikit-learn]."
972,CAND_2360,ARTS,1.09,0.0,0.65,,"AWS, Docker, Git, Machine Learning, NLP, NumPy, Pandas, Python, SQL, Scikit-learn","Candidate CAND_2360 shows weak overall alignment (1.09% text similarity, 0.0% skill match). Missing critical requirements: [AWS, Docker, Git, Machine Learning, NLP, NumPy, Pandas, Python, SQL, Scikit-learn]."
973,CAND_753,HEALTHCARE,1.09,0.0,0.65,,"AWS, Docker, Git, Machine Learning, NLP, NumPy, Pandas, Python, SQL, Scikit-learn","Candidate CAND_753 shows weak overall alignment (1.09% text similarity, 0.0% skill match). Missing critical requirements: [AWS, Docker, Git, Machine Learning, NLP, NumPy, Pandas, Python, SQL, Scikit-learn]."
974,CAND_344,TEACHER,1.07,0.0,0.64,,"AWS, Docker, Git, Machine Learning, NLP, NumPy, Pandas, Python, SQL, Scikit-learn","Candidate CAND_344 shows weak overall alignment (1.07% text similarity, 0.0% skill match). Missing critical requirements: [AWS, Docker, Git, Machine Learning, NLP, NumPy, Pandas, Python, SQL, Scikit-learn]."
975,CAND_575,BUSINESS-DEVELOPMENT,1.06,0.0,0.64,,"AWS, Docker, Git, Machine Learning, NLP, NumPy, Pandas, Python, SQL, Scikit-learn","Candidate CAND_575 shows weak overall alignment (1.06% text similarity, 0.0% skill match). Missing critical requirements: [AWS, Docker, Git, Machine Learning, NLP, NumPy, Pandas, Python, SQL, Scikit-learn]."
976,CAND_2482,AVIATION,1.06,0.0,0.64,,"AWS, Docker, Git, Machine Learning, NLP, NumPy, Pandas, Python, SQL, Scikit-learn","Candidate CAND_2482 shows weak overall alignment (1.06% text similarity, 0.0% skill match). Missing critical requirements: [AWS, Docker, Git, Machine Learning, NLP, NumPy, Pandas, Python, SQL, Scikit-learn]."
977,CAND_484,ADVOCATE,1.07,0.0,0.64,,"AWS, Docker, Git, Machine Learning, NLP, NumPy, Pandas, Python, SQL, Scikit-learn","Candidate CAND_484 shows weak overall alignment (1.07% text similarity, 0.0% skill match). Missing critical requirements: [AWS, Docker, Git, Machine Learning, NLP, NumPy, Pandas, Python, SQL, Scikit-learn]."
978,CAND_1465,CHEF,1.06,0.0,0.64,,"AWS, Docker, Git, Machine Learning, NLP, NumPy, Pandas, Python, SQL, Scikit-learn","Candidate CAND_1465 shows weak overall alignment (1.06% text similarity, 0.0% skill match). Missing critical requirements: [AWS, Docker, Git, Machine Learning, NLP, NumPy, Pandas, Python, SQL, Scikit-learn]."
979,CAND_1838,ACCOUNTANT,1.07,0.0,0.64,,"AWS, Docker, Git, Machine Learning, NLP, NumPy, Pandas, Python, SQL, Scikit-learn","Candidate CAND_1838 shows weak overall alignment (1.07% text similarity, 0.0% skill match). Missing critical requirements: [AWS, Docker, Git, Machine Learning, NLP, NumPy, Pandas, Python, SQL, Scikit-learn]."
980,CAND_1214,CONSULTANT,1.06,0.0,0.64,,"AWS, Docker, Git, Machine Learning, NLP, NumPy, Pandas, Python, SQL, Scikit-learn","Candidate CAND_1214 shows weak overall alignment (1.06% text similarity, 0.0% skill match). Missing critical requirements: [AWS, Docker, Git, Machine Learning, NLP, NumPy, Pandas, Python, SQL, Scikit-learn]."
981,CAND_1152,CONSULTANT,1.05,0.0,0.63,,"AWS, Docker, Git, Machine Learning, NLP, NumPy, Pandas, Python, SQL, Scikit-learn","Candidate CAND_1152 shows weak overall alignment (1.05% text similarity, 0.0% skill match). Missing critical requirements: [AWS, Docker, Git, Machine Learning, NLP, NumPy, Pandas, Python, SQL, Scikit-learn]."
982,CAND_749,HEALTHCARE,1.05,0.0,0.63,,"AWS, Docker, Git, Machine Learning, NLP, NumPy, Pandas, Python, SQL, Scikit-learn","Candidate CAND_749 shows weak overall alignment (1.05% text similarity, 0.0% skill match). Missing critical requirements: [AWS, Docker, Git, Machine Learning, NLP, NumPy, Pandas, Python, SQL, Scikit-learn]."
983,CAND_947,AGRICULTURE,1.05,0.0,0.63,,"AWS, Docker, Git, Machine Learning, NLP, NumPy, Pandas, Python, SQL, Scikit-learn","Candidate CAND_947 shows weak overall alignment (1.05% text similarity, 0.0% skill match). Missing critical requirements: [AWS, Docker, Git, Machine Learning, NLP, NumPy, Pandas, Python, SQL, Scikit-learn]."
984,CAND_451,ADVOCATE,1.05,0.0,0.63,,"AWS, Docker, Git, Machine Learning, NLP, NumPy, Pandas, Python, SQL, Scikit-learn","Candidate CAND_451 shows weak overall alignment (1.05% text similarity, 0.0% skill match). Missing critical requirements: [AWS, Docker, Git, Machine Learning, NLP, NumPy, Pandas, Python, SQL, Scikit-learn]."
985,CAND_157,DESIGNER,1.05,0.0,0.63,,"AWS, Docker, Git, Machine Learning, NLP, NumPy, Pandas, Python, SQL, Scikit-learn","Candidate CAND_157 shows weak overall alignment (1.05% text similarity, 0.0% skill match). Missing critical requirements: [AWS, Docker, Git, Machine Learning, NLP, NumPy, Pandas, Python, SQL, Scikit-learn]."
986,CAND_2298,ARTS,1.05,0.0,0.63,,"AWS, Docker, Git, Machine Learning, NLP, NumPy, Pandas, Python, SQL, Scikit-learn","Candidate CAND_2298 shows weak overall alignment (1.05% text similarity, 0.0% skill match). Missing critical requirements: [AWS, Docker, Git, Machine Learning, NLP, NumPy, Pandas, Python, SQL, Scikit-learn]."
987,CAND_974,BPO,1.03,0.0,0.62,,"AWS, Docker, Git, Machine Learning, NLP, NumPy, Pandas, Python, SQL, Scikit-learn","Candidate CAND_974 shows weak overall alignment (1.03% text similarity, 0.0% skill match). Missing critical requirements: [AWS, Docker, Git, Machine Learning, NLP, NumPy, Pandas, Python, SQL, Scikit-learn]."
988,CAND_680,HEALTHCARE,1.03,0.0,0.62,,"AWS, Docker, Git, Machine Learning, NLP, NumPy, Pandas, Python, SQL, Scikit-learn","Candidate CAND_680 shows weak overall alignment (1.03% text similarity, 0.0% skill match). Missing critical requirements: [AWS, Docker, Git, Machine Learning, NLP, NumPy, Pandas, Python, SQL, Scikit-learn]."
989,CAND_765,HEALTHCARE,1.03,0.0,0.62,,"AWS, Docker, Git, Machine Learning, NLP, NumPy, Pandas, Python, SQL, Scikit-learn","Candidate CAND_765 shows weak overall alignment (1.03% text similarity, 0.0% skill match). Missing critical requirements: [AWS, Docker, Git, Machine Learning, NLP, NumPy, Pandas, Python, SQL, Scikit-learn]."
990,CAND_1280,DIGITAL-MEDIA,1.04,0.0,0.62,,"AWS, Docker, Git, Machine Learning, NLP, NumPy, Pandas, Python, SQL, Scikit-learn","Candidate CAND_1280 shows weak overall alignment (1.04% text similarity, 0.0% skill match). Missing critical requirements: [AWS, Docker, Git, Machine Learning, NLP, NumPy, Pandas, Python, SQL, Scikit-learn]."
991,CAND_1377,CHEF,1.04,0.0,0.62,,"AWS, Docker, Git, Machine Learning, NLP, NumPy, Pandas, Python, SQL, Scikit-learn","Candidate CAND_1377 shows weak overall alignment (1.04% text similarity, 0.0% skill match). Missing critical requirements: [AWS, Docker, Git, Machine Learning, NLP, NumPy, Pandas, Python, SQL, Scikit-learn]."
992,CAND_1133,CONSULTANT,1.03,0.0,0.62,,"AWS, Docker, Git, Machine Learning, NLP, NumPy, Pandas, Python, SQL, Scikit-learn","Candidate CAND_1133 shows weak overall alignment (1.03% text similarity, 0.0% skill match). Missing critical requirements: [AWS, Docker, Git, Machine Learning, NLP, NumPy, Pandas, Python, SQL, Scikit-learn]."
993,CAND_886,FITNESS,1.04,0.0,0.62,,"AWS, Docker, Git, Machine Learning, NLP, NumPy, Pandas, Python, SQL, Scikit-learn","Candidate CAND_886 shows weak overall alignment (1.04% text similarity, 0.0% skill match). Missing critical requirements: [AWS, Docker, Git, Machine Learning, NLP, NumPy, Pandas, Python, SQL, Scikit-learn]."
994,CAND_901,FITNESS,1.04,0.0,0.62,,"AWS, Docker, Git, Machine Learning, NLP, NumPy, Pandas, Python, SQL, Scikit-learn","Candidate CAND_901 shows weak overall alignment (1.04% text similarity, 0.0% skill match). Missing critical requirements: [AWS, Docker, Git, Machine Learning, NLP, NumPy, Pandas, Python, SQL, Scikit-learn]."
995,CAND_449,ADVOCATE,1.04,0.0,0.62,,"AWS, Docker, Git, Machine Learning, NLP, NumPy, Pandas, Python, SQL, Scikit-learn","Candidate CAND_449 shows weak overall alignment (1.04% text similarity, 0.0% skill match). Missing critical requirements: [AWS, Docker, Git, Machine Learning, NLP, NumPy, Pandas, Python, SQL, Scikit-learn]."
996,CAND_1111,CONSULTANT,1.03,0.0,0.62,,"AWS, Docker, Git, Machine Learning, NLP, NumPy, Pandas, Python, SQL, Scikit-learn","Candidate CAND_1111 shows weak overall alignment (1.03% text similarity, 0.0% skill match). Missing critical requirements: [AWS, Docker, Git, Machine Learning, NLP, NumPy, Pandas, Python, SQL, Scikit-learn]."
997,CAND_1447,CHEF,1.01,0.0,0.61,,"AWS, Docker, Git, Machine Learning, NLP, NumPy, Pandas, Python, SQL, Scikit-learn","Candidate CAND_1447 shows weak overall alignment (1.01% text similarity, 0.0% skill match). Missing critical requirements: [AWS, Docker, Git, Machine Learning, NLP, NumPy, Pandas, Python, SQL, Scikit-learn]."
998,CAND_123,DESIGNER,1.01,0.0,0.61,,"AWS, Docker, Git, Machine Learning, NLP, NumPy, Pandas, Python, SQL, Scikit-learn","Candidate CAND_123 shows weak overall alignment (1.01% text similarity, 0.0% skill match). Missing critical requirements: [AWS, Docker, Git, Machine Learning, NLP, NumPy, Pandas, Python, SQL, Scikit-learn]."
999,CAND_801,FITNESS,1.02,0.0,0.61,,"AWS, Docker, Git, Machine Learning, NLP, NumPy, Pandas, Python, SQL, Scikit-learn","Candidate CAND_801 shows weak overall alignment (1.02% text similarity, 0.0% skill match). Missing critical requirements: [AWS, Docker, Git, Machine Learning, NLP, NumPy, Pandas, Python, SQL, Scikit-learn]."
1000,CAND_2420,AVIATION,1.01,0.0,0.61,,"AWS, Docker, Git, Machine Learning, NLP, NumPy, Pandas, Python, SQL, Scikit-learn","Candidate CAND_2420 shows weak overall alignment (1.01% text similarity, 0.0% skill match). Missing critical requirements: [AWS, Docker, Git, Machine Learning, NLP, NumPy, Pandas, Python, SQL, Scikit-learn]."
1001,CAND_193,DESIGNER,1.01,0.0,0.61,,"AWS, Docker, Git, Machine Learning, NLP, NumPy, Pandas, Python, SQL, Scikit-learn","Candidate CAND_193 shows weak overall alignment (1.01% text similarity, 0.0% skill match). Missing critical requirements: [AWS, Docker, Git, Machine Learning, NLP, NumPy, Pandas, Python, SQL, Scikit-learn]."
1002,CAND_1258,DIGITAL-MEDIA,1.01,0.0,0.61,,"AWS, Docker, Git, Machine Learning, NLP, NumPy, Pandas, Python, SQL, Scikit-learn","Candidate CAND_1258 shows weak overall alignment (1.01% text similarity, 0.0% skill match). Missing critical requirements: [AWS, Docker, Git, Machine Learning, NLP, NumPy, Pandas, Python, SQL, Scikit-learn]."
1003,CAND_757,HEALTHCARE,1.01,0.0,0.61,,"AWS, Docker, Git, Machine Learning, NLP, NumPy, Pandas, Python, SQL, Scikit-learn","Candidate CAND_757 shows weak overall alignment (1.01% text similarity, 0.0% skill match). Missing critical requirements: [AWS, Docker, Git, Machine Learning, NLP, NumPy, Pandas, Python, SQL, Scikit-learn]."
1004,CAND_2336,ARTS,1.01,0.0,0.61,,"AWS, Docker, Git, Machine Learning, NLP, NumPy, Pandas, Python, SQL, Scikit-learn","Candidate CAND_2336 shows weak overall alignment (1.01% text similarity, 0.0% skill match). Missing critical requirements: [AWS, Docker, Git, Machine Learning, NLP, NumPy, Pandas, Python, SQL, Scikit-learn]."
1005,CAND_566,BUSINESS-DEVELOPMENT,1.02,0.0,0.61,,"AWS, Docker, Git, Machine Learning, NLP, NumPy, Pandas, Python, SQL, Scikit-learn","Candidate CAND_566 shows weak overall alignment (1.02% text similarity, 0.0% skill match). Missing critical requirements: [AWS, Docker, Git, Machine Learning, NLP, NumPy, Pandas, Python, SQL, Scikit-learn]."
1006,CAND_1197,CONSULTANT,1.02,0.0,0.61,,"AWS, Docker, Git, Machine Learning, NLP, NumPy, Pandas, Python, SQL, Scikit-learn","Candidate CAND_1197 shows weak overall alignment (1.02% text similarity, 0.0% skill match). Missing critical requirements: [AWS, Docker, Git, Machine Learning, NLP, NumPy, Pandas, Python, SQL, Scikit-learn]."
1007,CAND_1782,ENGINEERING,1.01,0.0,0.61,,"AWS, Docker, Git, Machine Learning, NLP, NumPy, Pandas, Python, SQL, Scikit-learn","Candidate CAND_1782 shows weak overall alignment (1.01% text similarity, 0.0% skill match). Missing critical requirements: [AWS, Docker, Git, Machine Learning, NLP, NumPy, Pandas, Python, SQL, Scikit-learn]."
1008,CAND_037,HR,1.02,0.0,0.61,,"AWS, Docker, Git, Machine Learning, NLP, NumPy, Pandas, Python, SQL, Scikit-learn","Candidate CAND_037 shows weak overall alignment (1.02% text similarity, 0.0% skill match). Missing critical requirements: [AWS, Docker, Git, Machine Learning, NLP, NumPy, Pandas, Python, SQL, Scikit-learn]."
1009,CAND_942,AGRICULTURE,1.02,0.0,0.61,,"AWS, Docker, Git, Machine Learning, NLP, NumPy, Pandas, Python, SQL, Scikit-learn","Candidate CAND_942 shows weak overall alignment (1.02% text similarity, 0.0% skill match). Missing critical requirements: [AWS, Docker, Git, Machine Learning, NLP, NumPy, Pandas, Python, SQL, Scikit-learn]."
1010,CAND_207,DESIGNER,1.01,0.0,0.61,,"AWS, Docker, Git, Machine Learning, NLP, NumPy, Pandas, Python, SQL, Scikit-learn","Candidate CAND_207 shows weak overall alignment (1.01% text similarity, 0.0% skill match). Missing critical requirements: [AWS, Docker, Git, Machine Learning, NLP, NumPy, Pandas, Python, SQL, Scikit-learn]."
1011,CAND_2378,AVIATION,1.0,0.0,0.6,,"AWS, Docker, Git, Machine Learning, NLP, NumPy, Pandas, Python, SQL, Scikit-learn","Candidate CAND_2378 shows weak overall alignment (1.0% text similarity, 0.0% skill match). Missing critical requirements: [AWS, Docker, Git, Machine Learning, NLP, NumPy, Pandas, Python, SQL, Scikit-learn]."
1012,CAND_2269,ARTS,1.0,0.0,0.6,,"AWS, Docker, Git, Machine Learning, NLP, NumPy, Pandas, Python, SQL, Scikit-learn","Candidate CAND_2269 shows weak overall alignment (1.0% text similarity, 0.0% skill match). Missing critical requirements: [AWS, Docker, Git, Machine Learning, NLP, NumPy, Pandas, Python, SQL, Scikit-learn]."
1013,CAND_559,BUSINESS-DEVELOPMENT,1.0,0.0,0.6,,"AWS, Docker, Git, Machine Learning, NLP, NumPy, Pandas, Python, SQL, Scikit-learn","Candidate CAND_559 shows weak overall alignment (1.0% text similarity, 0.0% skill match). Missing critical requirements: [AWS, Docker, Git, Machine Learning, NLP, NumPy, Pandas, Python, SQL, Scikit-learn]."
1014,CAND_2297,ARTS,1.0,0.0,0.6,,"AWS, Docker, Git, Machine Learning, NLP, NumPy, Pandas, Python, SQL, Scikit-learn","Candidate CAND_2297 shows weak overall alignment (1.0% text similarity, 0.0% skill match). Missing critical requirements: [AWS, Docker, Git, Machine Learning, NLP, NumPy, Pandas, Python, SQL, Scikit-learn]."
1015,CAND_1773,ENGINEERING,1.0,0.0,0.6,,"AWS, Docker, Git, Machine Learning, NLP, NumPy, Pandas, Python, SQL, Scikit-learn","Candidate CAND_1773 shows weak overall alignment (1.0% text similarity, 0.0% skill match). Missing critical requirements: [AWS, Docker, Git, Machine Learning, NLP, NumPy, Pandas, Python, SQL, Scikit-learn]."
1016,CAND_631,BUSINESS-DEVELOPMENT,1.0,0.0,0.6,,"AWS, Docker, Git, Machine Learning, NLP, NumPy, Pandas, Python, SQL, Scikit-learn","Candidate CAND_631 shows weak overall alignment (1.0% text similarity, 0.0% skill match). Missing critical requirements: [AWS, Docker, Git, Machine Learning, NLP, NumPy, Pandas, Python, SQL, Scikit-learn]."
1017,CAND_1471,CHEF,1.0,0.0,0.6,,"AWS, Docker, Git, Machine Learning, NLP, NumPy, Pandas, Python, SQL, Scikit-learn","Candidate CAND_1471 shows weak overall alignment (1.0% text similarity, 0.0% skill match). Missing critical requirements: [AWS, Docker, Git, Machine Learning, NLP, NumPy, Pandas, Python, SQL, Scikit-learn]."
1018,CAND_896,FITNESS,0.99,0.0,0.59,,"AWS, Docker, Git, Machine Learning, NLP, NumPy, Pandas, Python, SQL, Scikit-learn","Candidate CAND_896 shows weak overall alignment (0.99% text similarity, 0.0% skill match). Missing critical requirements: [AWS, Docker, Git, Machine Learning, NLP, NumPy, Pandas, Python, SQL, Scikit-learn]."
1019,CAND_2257,BANKING,0.99,0.0,0.59,,"AWS, Docker, Git, Machine Learning, NLP, NumPy, Pandas, Python, SQL, Scikit-learn","Candidate CAND_2257 shows weak overall alignment (0.99% text similarity, 0.0% skill match). Missing critical requirements: [AWS, Docker, Git, Machine Learning, NLP, NumPy, Pandas, Python, SQL, Scikit-learn]."
1020,CAND_727,HEALTHCARE,0.98,0.0,0.59,,"AWS, Docker, Git, Machine Learning, NLP, NumPy, Pandas, Python, SQL, Scikit-learn","Candidate CAND_727 shows weak overall alignment (0.98% text similarity, 0.0% skill match). Missing critical requirements: [AWS, Docker, Git, Machine Learning, NLP, NumPy, Pandas, Python, SQL, Scikit-learn]."
1021,CAND_2379,AVIATION,0.98,0.0,0.59,,"AWS, Docker, Git, Machine Learning, NLP, NumPy, Pandas, Python, SQL, Scikit-learn","Candidate CAND_2379 shows weak overall alignment (0.98% text similarity, 0.0% skill match). Missing critical requirements: [AWS, Docker, Git, Machine Learning, NLP, NumPy, Pandas, Python, SQL, Scikit-learn]."
1022,CAND_2371,AVIATION,0.99,0.0,0.59,,"AWS, Docker, Git, Machine Learning, NLP, NumPy, Pandas, Python, SQL, Scikit-learn","Candidate CAND_2371 shows weak overall alignment (0.99% text similarity, 0.0% skill match). Missing critical requirements: [AWS, Docker, Git, Machine Learning, NLP, NumPy, Pandas, Python, SQL, Scikit-learn]."
1023,CAND_1029,SALES,0.99,0.0,0.59,,"AWS, Docker, Git, Machine Learning, NLP, NumPy, Pandas, Python, SQL, Scikit-learn","Candidate CAND_1029 shows weak overall alignment (0.99% text similarity, 0.0% skill match). Missing critical requirements: [AWS, Docker, Git, Machine Learning, NLP, NumPy, Pandas, Python, SQL, Scikit-learn]."
1024,CAND_1533,FINANCE,0.98,0.0,0.59,,"AWS, Docker, Git, Machine Learning, NLP, NumPy, Pandas, Python, SQL, Scikit-learn","Candidate CAND_1533 shows weak overall alignment (0.98% text similarity, 0.0% skill match). Missing critical requirements: [AWS, Docker, Git, Machine Learning, NLP, NumPy, Pandas, Python, SQL, Scikit-learn]."
1025,CAND_469,ADVOCATE,0.98,0.0,0.59,,"AWS, Docker, Git, Machine Learning, NLP, NumPy, Pandas, Python, SQL, Scikit-learn","Candidate CAND_469 shows weak overall alignment (0.98% text similarity, 0.0% skill match). Missing critical requirements: [AWS, Docker, Git, Machine Learning, NLP, NumPy, Pandas, Python, SQL, Scikit-learn]."
1026,CAND_776,HEALTHCARE,0.98,0.0,0.59,,"AWS, Docker, Git, Machine Learning, NLP, NumPy, Pandas, Python, SQL, Scikit-learn","Candidate CAND_776 shows weak overall alignment (0.98% text similarity, 0.0% skill match). Missing critical requirements: [AWS, Docker, Git, Machine Learning, NLP, NumPy, Pandas, Python, SQL, Scikit-learn]."
1027,CAND_1129,CONSULTANT,0.99,0.0,0.59,,"AWS, Docker, Git, Machine Learning, NLP, NumPy, Pandas, Python, SQL, Scikit-learn","Candidate CAND_1129 shows weak overall alignment (0.99% text similarity, 0.0% skill match). Missing critical requirements: [AWS, Docker, Git, Machine Learning, NLP, NumPy, Pandas, Python, SQL, Scikit-learn]."
1028,CAND_1297,DIGITAL-MEDIA,0.98,0.0,0.59,,"AWS, Docker, Git, Machine Learning, NLP, NumPy, Pandas, Python, SQL, Scikit-learn","Candidate CAND_1297 shows weak overall alignment (0.98% text similarity, 0.0% skill match). Missing critical requirements: [AWS, Docker, Git, Machine Learning, NLP, NumPy, Pandas, Python, SQL, Scikit-learn]."
1029,CAND_331,INFORMATION-TECHNOLOGY,0.98,0.0,0.59,,"AWS, Docker, Git, Machine Learning, NLP, NumPy, Pandas, Python, SQL, Scikit-learn","Candidate CAND_331 shows weak overall alignment (0.98% text similarity, 0.0% skill match). Missing critical requirements: [AWS, Docker, Git, Machine Learning, NLP, NumPy, Pandas, Python, SQL, Scikit-learn]."
1030,CAND_1167,CONSULTANT,0.98,0.0,0.59,,"AWS, Docker, Git, Machine Learning, NLP, NumPy, Pandas, Python, SQL, Scikit-learn","Candidate CAND_1167 shows weak overall alignment (0.98% text similarity, 0.0% skill match). Missing critical requirements: [AWS, Docker, Git, Machine Learning, NLP, NumPy, Pandas, Python, SQL, Scikit-learn]."
1031,CAND_2259,BANKING,0.96,0.0,0.58,,"AWS, Docker, Git, Machine Learning, NLP, NumPy, Pandas, Python, SQL, Scikit-learn","Candidate CAND_2259 shows weak overall alignment (0.96% text similarity, 0.0% skill match). Missing critical requirements: [AWS, Docker, Git, Machine Learning, NLP, NumPy, Pandas, Python, SQL, Scikit-learn]."
1032,CAND_418,TEACHER,0.96,0.0,0.58,,"AWS, Docker, Git, Machine Learning, NLP, NumPy, Pandas, Python, SQL, Scikit-learn","Candidate CAND_418 shows weak overall alignment (0.96% text similarity, 0.0% skill match). Missing critical requirements: [AWS, Docker, Git, Machine Learning, NLP, NumPy, Pandas, Python, SQL, Scikit-learn]."
1033,CAND_1965,CONSTRUCTION,0.97,0.0,0.58,,"AWS, Docker, Git, Machine Learning, NLP, NumPy, Pandas, Python, SQL, Scikit-learn","Candidate CAND_1965 shows weak overall alignment (0.97% text similarity, 0.0% skill match). Missing critical requirements: [AWS, Docker, Git, Machine Learning, NLP, NumPy, Pandas, Python, SQL, Scikit-learn]."
1034,CAND_546,ADVOCATE,0.96,0.0,0.58,,"AWS, Docker, Git, Machine Learning, NLP, NumPy, Pandas, Python, SQL, Scikit-learn","Candidate CAND_546 shows weak overall alignment (0.96% text similarity, 0.0% skill match). Missing critical requirements: [AWS, Docker, Git, Machine Learning, NLP, NumPy, Pandas, Python, SQL, Scikit-learn]."
1035,CAND_1283,DIGITAL-MEDIA,0.97,0.0,0.58,,"AWS, Docker, Git, Machine Learning, NLP, NumPy, Pandas, Python, SQL, Scikit-learn","Candidate CAND_1283 shows weak overall alignment (0.97% text similarity, 0.0% skill match). Missing critical requirements: [AWS, Docker, Git, Machine Learning, NLP, NumPy, Pandas, Python, SQL, Scikit-learn]."
1036,CAND_194,DESIGNER,0.97,0.0,0.58,,"AWS, Docker, Git, Machine Learning, NLP, NumPy, Pandas, Python, SQL, Scikit-learn","Candidate CAND_194 shows weak overall alignment (0.97% text similarity, 0.0% skill match). Missing critical requirements: [AWS, Docker, Git, Machine Learning, NLP, NumPy, Pandas, Python, SQL, Scikit-learn]."
1037,CAND_880,FITNESS,0.97,0.0,0.58,,"AWS, Docker, Git, Machine Learning, NLP, NumPy, Pandas, Python, SQL, Scikit-learn","Candidate CAND_880 shows weak overall alignment (0.97% text similarity, 0.0% skill match). Missing critical requirements: [AWS, Docker, Git, Machine Learning, NLP, NumPy, Pandas, Python, SQL, Scikit-learn]."
1038,CAND_2214,BANKING,0.97,0.0,0.58,,"AWS, Docker, Git, Machine Learning, NLP, NumPy, Pandas, Python, SQL, Scikit-learn","Candidate CAND_2214 shows weak overall alignment (0.97% text similarity, 0.0% skill match). Missing critical requirements: [AWS, Docker, Git, Machine Learning, NLP, NumPy, Pandas, Python, SQL, Scikit-learn]."
1039,CAND_067,HR,0.96,0.0,0.58,,"AWS, Docker, Git, Machine Learning, NLP, NumPy, Pandas, Python, SQL, Scikit-learn","Candidate CAND_067 shows weak overall alignment (0.96% text similarity, 0.0% skill match). Missing critical requirements: [AWS, Docker, Git, Machine Learning, NLP, NumPy, Pandas, Python, SQL, Scikit-learn]."
1040,CAND_1291,DIGITAL-MEDIA,0.96,0.0,0.58,,"AWS, Docker, Git, Machine Learning, NLP, NumPy, Pandas, Python, SQL, Scikit-learn","Candidate CAND_1291 shows weak overall alignment (0.96% text similarity, 0.0% skill match). Missing critical requirements: [AWS, Docker, Git, Machine Learning, NLP, NumPy, Pandas, Python, SQL, Scikit-learn]."
1041,CAND_809,FITNESS,0.96,0.0,0.58,,"AWS, Docker, Git, Machine Learning, NLP, NumPy, Pandas, Python, SQL, Scikit-learn","Candidate CAND_809 shows weak overall alignment (0.96% text similarity, 0.0% skill match). Missing critical requirements: [AWS, Docker, Git, Machine Learning, NLP, NumPy, Pandas, Python, SQL, Scikit-learn]."
1042,CAND_077,HR,0.97,0.0,0.58,,"AWS, Docker, Git, Machine Learning, NLP, NumPy, Pandas, Python, SQL, Scikit-learn","Candidate CAND_077 shows weak overall alignment (0.97% text similarity, 0.0% skill match). Missing critical requirements: [AWS, Docker, Git, Machine Learning, NLP, NumPy, Pandas, Python, SQL, Scikit-learn]."
1043,CAND_1991,CONSTRUCTION,0.96,0.0,0.58,,"AWS, Docker, Git, Machine Learning, NLP, NumPy, Pandas, Python, SQL, Scikit-learn","Candidate CAND_1991 shows weak overall alignment (0.96% text similarity, 0.0% skill match). Missing critical requirements: [AWS, Docker, Git, Machine Learning, NLP, NumPy, Pandas, Python, SQL, Scikit-learn]."
1044,CAND_893,FITNESS,0.96,0.0,0.58,,"AWS, Docker, Git, Machine Learning, NLP, NumPy, Pandas, Python, SQL, Scikit-learn","Candidate CAND_893 shows weak overall alignment (0.96% text similarity, 0.0% skill match). Missing critical requirements: [AWS, Docker, Git, Machine Learning, NLP, NumPy, Pandas, Python, SQL, Scikit-learn]."
1045,CAND_1296,DIGITAL-MEDIA,0.95,0.0,0.57,,"AWS, Docker, Git, Machine Learning, NLP, NumPy, Pandas, Python, SQL, Scikit-learn","Candidate CAND_1296 shows weak overall alignment (0.95% text similarity, 0.0% skill match). Missing critical requirements: [AWS, Docker, Git, Machine Learning, NLP, NumPy, Pandas, Python, SQL, Scikit-learn]."
1046,CAND_675,BUSINESS-DEVELOPMENT,0.95,0.0,0.57,,"AWS, Docker, Git, Machine Learning, NLP, NumPy, Pandas, Python, SQL, Scikit-learn","Candidate CAND_675 shows weak overall alignment (0.95% text similarity, 0.0% skill match). Missing critical requirements: [AWS, Docker, Git, Machine Learning, NLP, NumPy, Pandas, Python, SQL, Scikit-learn]."
1047,CAND_153,DESIGNER,0.95,0.0,0.57,,"AWS, Docker, Git, Machine Learning, NLP, NumPy, Pandas, Python, SQL, Scikit-learn","Candidate CAND_153 shows weak overall alignment (0.95% text similarity, 0.0% skill match). Missing critical requirements: [AWS, Docker, Git, Machine Learning, NLP, NumPy, Pandas, Python, SQL, Scikit-learn]."
1048,CAND_904,FITNESS,0.95,0.0,0.57,,"AWS, Docker, Git, Machine Learning, NLP, NumPy, Pandas, Python, SQL, Scikit-learn","Candidate CAND_904 shows weak overall alignment (0.95% text similarity, 0.0% skill match). Missing critical requirements: [AWS, Docker, Git, Machine Learning, NLP, NumPy, Pandas, Python, SQL, Scikit-learn]."
1049,CAND_1581,FINANCE,0.94,0.0,0.56,,"AWS, Docker, Git, Machine Learning, NLP, NumPy, Pandas, Python, SQL, Scikit-learn","Candidate CAND_1581 shows weak overall alignment (0.94% text similarity, 0.0% skill match). Missing critical requirements: [AWS, Docker, Git, Machine Learning, NLP, NumPy, Pandas, Python, SQL, Scikit-learn]."
1050,CAND_1379,CHEF,0.94,0.0,0.56,,"AWS, Docker, Git, Machine Learning, NLP, NumPy, Pandas, Python, SQL, Scikit-learn","Candidate CAND_1379 shows weak overall alignment (0.94% text similarity, 0.0% skill match). Missing critical requirements: [AWS, Docker, Git, Machine Learning, NLP, NumPy, Pandas, Python, SQL, Scikit-learn]."
1051,CAND_237,INFORMATION-TECHNOLOGY,0.93,0.0,0.56,,"AWS, Docker, Git, Machine Learning, NLP, NumPy, Pandas, Python, SQL, Scikit-learn","Candidate CAND_237 shows weak overall alignment (0.93% text similarity, 0.0% skill match). Missing critical requirements: [AWS, Docker, Git, Machine Learning, NLP, NumPy, Pandas, Python, SQL, Scikit-learn]."
1052,CAND_1498,FINANCE,0.94,0.0,0.56,,"AWS, Docker, Git, Machine Learning, NLP, NumPy, Pandas, Python, SQL, Scikit-learn","Candidate CAND_1498 shows weak overall alignment (0.94% text similarity, 0.0% skill match). Missing critical requirements: [AWS, Docker, Git, Machine Learning, NLP, NumPy, Pandas, Python, SQL, Scikit-learn]."
1053,CAND_1660,APPAREL,0.93,0.0,0.56,,"AWS, Docker, Git, Machine Learning, NLP, NumPy, Pandas, Python, SQL, Scikit-learn","Candidate CAND_1660 shows weak overall alignment (0.93% text similarity, 0.0% skill match). Missing critical requirements: [AWS, Docker, Git, Machine Learning, NLP, NumPy, Pandas, Python, SQL, Scikit-learn]."
1054,CAND_714,HEALTHCARE,0.93,0.0,0.56,,"AWS, Docker, Git, Machine Learning, NLP, NumPy, Pandas, Python, SQL, Scikit-learn","Candidate CAND_714 shows weak overall alignment (0.93% text similarity, 0.0% skill match). Missing critical requirements: [AWS, Docker, Git, Machine Learning, NLP, NumPy, Pandas, Python, SQL, Scikit-learn]."
1055,CAND_2441,AVIATION,0.93,0.0,0.56,,"AWS, Docker, Git, Machine Learning, NLP, NumPy, Pandas, Python, SQL, Scikit-learn","Candidate CAND_2441 shows weak overall alignment (0.93% text similarity, 0.0% skill match). Missing critical requirements: [AWS, Docker, Git, Machine Learning, NLP, NumPy, Pandas, Python, SQL, Scikit-learn]."
1056,CAND_1218,CONSULTANT,0.94,0.0,0.56,,"AWS, Docker, Git, Machine Learning, NLP, NumPy, Pandas, Python, SQL, Scikit-learn","Candidate CAND_1218 shows weak overall alignment (0.94% text similarity, 0.0% skill match). Missing critical requirements: [AWS, Docker, Git, Machine Learning, NLP, NumPy, Pandas, Python, SQL, Scikit-learn]."
1057,CAND_574,BUSINESS-DEVELOPMENT,0.94,0.0,0.56,,"AWS, Docker, Git, Machine Learning, NLP, NumPy, Pandas, Python, SQL, Scikit-learn","Candidate CAND_574 shows weak overall alignment (0.94% text similarity, 0.0% skill match). Missing critical requirements: [AWS, Docker, Git, Machine Learning, NLP, NumPy, Pandas, Python, SQL, Scikit-learn]."
1058,CAND_655,BUSINESS-DEVELOPMENT,0.94,0.0,0.56,,"AWS, Docker, Git, Machine Learning, NLP, NumPy, Pandas, Python, SQL, Scikit-learn","Candidate CAND_655 shows weak overall alignment (0.94% text similarity, 0.0% skill match). Missing critical requirements: [AWS, Docker, Git, Machine Learning, NLP, NumPy, Pandas, Python, SQL, Scikit-learn]."
1059,CAND_1491,FINANCE,0.93,0.0,0.56,,"AWS, Docker, Git, Machine Learning, NLP, NumPy, Pandas, Python, SQL, Scikit-learn","Candidate CAND_1491 shows weak overall alignment (0.93% text similarity, 0.0% skill match). Missing critical requirements: [AWS, Docker, Git, Machine Learning, NLP, NumPy, Pandas, Python, SQL, Scikit-learn]."
1060,CAND_2177,BANKING,0.94,0.0,0.56,,"AWS, Docker, Git, Machine Learning, NLP, NumPy, Pandas, Python, SQL, Scikit-learn","Candidate CAND_2177 shows weak overall alignment (0.94% text similarity, 0.0% skill match). Missing critical requirements: [AWS, Docker, Git, Machine Learning, NLP, NumPy, Pandas, Python, SQL, Scikit-learn]."
1061,CAND_505,ADVOCATE,0.91,0.0,0.55,,"AWS, Docker, Git, Machine Learning, NLP, NumPy, Pandas, Python, SQL, Scikit-learn","Candidate CAND_505 shows weak overall alignment (0.91% text similarity, 0.0% skill match). Missing critical requirements: [AWS, Docker, Git, Machine Learning, NLP, NumPy, Pandas, Python, SQL, Scikit-learn]."
1062,CAND_989,BPO,0.92,0.0,0.55,,"AWS, Docker, Git, Machine Learning, NLP, NumPy, Pandas, Python, SQL, Scikit-learn","Candidate CAND_989 shows weak overall alignment (0.92% text similarity, 0.0% skill match). Missing critical requirements: [AWS, Docker, Git, Machine Learning, NLP, NumPy, Pandas, Python, SQL, Scikit-learn]."
1063,CAND_1448,CHEF,0.91,0.0,0.55,,"AWS, Docker, Git, Machine Learning, NLP, NumPy, Pandas, Python, SQL, Scikit-learn","Candidate CAND_1448 shows weak overall alignment (0.91% text similarity, 0.0% skill match). Missing critical requirements: [AWS, Docker, Git, Machine Learning, NLP, NumPy, Pandas, Python, SQL, Scikit-learn]."
1064,CAND_2074,PUBLIC-RELATIONS,0.91,0.0,0.55,,"AWS, Docker, Git, Machine Learning, NLP, NumPy, Pandas, Python, SQL, Scikit-learn","Candidate CAND_2074 shows weak overall alignment (0.91% text similarity, 0.0% skill match). Missing critical requirements: [AWS, Docker, Git, Machine Learning, NLP, NumPy, Pandas, Python, SQL, Scikit-learn]."
1065,CAND_2430,AVIATION,0.91,0.0,0.55,,"AWS, Docker, Git, Machine Learning, NLP, NumPy, Pandas, Python, SQL, Scikit-learn","Candidate CAND_2430 shows weak overall alignment (0.91% text similarity, 0.0% skill match). Missing critical requirements: [AWS, Docker, Git, Machine Learning, NLP, NumPy, Pandas, Python, SQL, Scikit-learn]."
1066,CAND_1565,FINANCE,0.91,0.0,0.55,,"AWS, Docker, Git, Machine Learning, NLP, NumPy, Pandas, Python, SQL, Scikit-learn","Candidate CAND_1565 shows weak overall alignment (0.91% text similarity, 0.0% skill match). Missing critical requirements: [AWS, Docker, Git, Machine Learning, NLP, NumPy, Pandas, Python, SQL, Scikit-learn]."
1067,CAND_440,ADVOCATE,0.91,0.0,0.55,,"AWS, Docker, Git, Machine Learning, NLP, NumPy, Pandas, Python, SQL, Scikit-learn","Candidate CAND_440 shows weak overall alignment (0.91% text similarity, 0.0% skill match). Missing critical requirements: [AWS, Docker, Git, Machine Learning, NLP, NumPy, Pandas, Python, SQL, Scikit-learn]."
1068,CAND_2143,PUBLIC-RELATIONS,0.9,0.0,0.54,,"AWS, Docker, Git, Machine Learning, NLP, NumPy, Pandas, Python, SQL, Scikit-learn","Candidate CAND_2143 shows weak overall alignment (0.9% text similarity, 0.0% skill match). Missing critical requirements: [AWS, Docker, Git, Machine Learning, NLP, NumPy, Pandas, Python, SQL, Scikit-learn]."
1069,CAND_1375,CHEF,0.9,0.0,0.54,,"AWS, Docker, Git, Machine Learning, NLP, NumPy, Pandas, Python, SQL, Scikit-learn","Candidate CAND_1375 shows weak overall alignment (0.9% text similarity, 0.0% skill match). Missing critical requirements: [AWS, Docker, Git, Machine Learning, NLP, NumPy, Pandas, Python, SQL, Scikit-learn]."
1070,CAND_804,FITNESS,0.9,0.0,0.54,,"AWS, Docker, Git, Machine Learning, NLP, NumPy, Pandas, Python, SQL, Scikit-learn","Candidate CAND_804 shows weak overall alignment (0.9% text similarity, 0.0% skill match). Missing critical requirements: [AWS, Docker, Git, Machine Learning, NLP, NumPy, Pandas, Python, SQL, Scikit-learn]."
1071,CAND_1319,DIGITAL-MEDIA,0.9,0.0,0.54,,"AWS, Docker, Git, Machine Learning, NLP, NumPy, Pandas, Python, SQL, Scikit-learn","Candidate CAND_1319 shows weak overall alignment (0.9% text similarity, 0.0% skill match). Missing critical requirements: [AWS, Docker, Git, Machine Learning, NLP, NumPy, Pandas, Python, SQL, Scikit-learn]."
1072,CAND_2215,BANKING,0.9,0.0,0.54,,"AWS, Docker, Git, Machine Learning, NLP, NumPy, Pandas, Python, SQL, Scikit-learn","Candidate CAND_2215 shows weak overall alignment (0.9% text similarity, 0.0% skill match). Missing critical requirements: [AWS, Docker, Git, Machine Learning, NLP, NumPy, Pandas, Python, SQL, Scikit-learn]."
1073,CAND_1454,CHEF,0.88,0.0,0.53,,"AWS, Docker, Git, Machine Learning, NLP, NumPy, Pandas, Python, SQL, Scikit-learn","Candidate CAND_1454 shows weak overall alignment (0.88% text similarity, 0.0% skill match). Missing critical requirements: [AWS, Docker, Git, Machine Learning, NLP, NumPy, Pandas, Python, SQL, Scikit-learn]."
1074,CAND_2217,BANKING,0.88,0.0,0.53,,"AWS, Docker, Git, Machine Learning, NLP, NumPy, Pandas, Python, SQL, Scikit-learn","Candidate CAND_2217 shows weak overall alignment (0.88% text similarity, 0.0% skill match). Missing critical requirements: [AWS, Docker, Git, Machine Learning, NLP, NumPy, Pandas, Python, SQL, Scikit-learn]."
1075,CAND_668,BUSINESS-DEVELOPMENT,0.88,0.0,0.53,,"AWS, Docker, Git, Machine Learning, NLP, NumPy, Pandas, Python, SQL, Scikit-learn","Candidate CAND_668 shows weak overall alignment (0.88% text similarity, 0.0% skill match). Missing critical requirements: [AWS, Docker, Git, Machine Learning, NLP, NumPy, Pandas, Python, SQL, Scikit-learn]."
1076,CAND_530,ADVOCATE,0.89,0.0,0.53,,"AWS, Docker, Git, Machine Learning, NLP, NumPy, Pandas, Python, SQL, Scikit-learn","Candidate CAND_530 shows weak overall alignment (0.89% text similarity, 0.0% skill match). Missing critical requirements: [AWS, Docker, Git, Machine Learning, NLP, NumPy, Pandas, Python, SQL, Scikit-learn]."
1077,CAND_697,HEALTHCARE,0.88,0.0,0.53,,"AWS, Docker, Git, Machine Learning, NLP, NumPy, Pandas, Python, SQL, Scikit-learn","Candidate CAND_697 shows weak overall alignment (0.88% text similarity, 0.0% skill match). Missing critical requirements: [AWS, Docker, Git, Machine Learning, NLP, NumPy, Pandas, Python, SQL, Scikit-learn]."
1078,CAND_1966,CONSTRUCTION,0.89,0.0,0.53,,"AWS, Docker, Git, Machine Learning, NLP, NumPy, Pandas, Python, SQL, Scikit-learn","Candidate CAND_1966 shows weak overall alignment (0.89% text similarity, 0.0% skill match). Missing critical requirements: [AWS, Docker, Git, Machine Learning, NLP, NumPy, Pandas, Python, SQL, Scikit-learn]."
1079,CAND_1358,CHEF,0.88,0.0,0.53,,"AWS, Docker, Git, Machine Learning, NLP, NumPy, Pandas, Python, SQL, Scikit-learn","Candidate CAND_1358 shows weak overall alignment (0.88% text similarity, 0.0% skill match). Missing critical requirements: [AWS, Docker, Git, Machine Learning, NLP, NumPy, Pandas, Python, SQL, Scikit-learn]."
1080,CAND_2194,BANKING,0.88,0.0,0.53,,"AWS, Docker, Git, Machine Learning, NLP, NumPy, Pandas, Python, SQL, Scikit-learn","Candidate CAND_2194 shows weak overall alignment (0.88% text similarity, 0.0% skill match). Missing critical requirements: [AWS, Docker, Git, Machine Learning, NLP, NumPy, Pandas, Python, SQL, Scikit-learn]."
1081,CAND_1468,CHEF,0.87,0.0,0.52,,"AWS, Docker, Git, Machine Learning, NLP, NumPy, Pandas, Python, SQL, Scikit-learn","Candidate CAND_1468 shows weak overall alignment (0.87% text similarity, 0.0% skill match). Missing critical requirements: [AWS, Docker, Git, Machine Learning, NLP, NumPy, Pandas, Python, SQL, Scikit-learn]."
1082,CAND_2353,ARTS,0.87,0.0,0.52,,"AWS, Docker, Git, Machine Learning, NLP, NumPy, Pandas, Python, SQL, Scikit-learn","Candidate CAND_2353 shows weak overall alignment (0.87% text similarity, 0.0% skill match). Missing critical requirements: [AWS, Docker, Git, Machine Learning, NLP, NumPy, Pandas, Python, SQL, Scikit-learn]."
1083,CAND_1639,APPAREL,0.87,0.0,0.52,,"AWS, Docker, Git, Machine Learning, NLP, NumPy, Pandas, Python, SQL, Scikit-learn","Candidate CAND_1639 shows weak overall alignment (0.87% text similarity, 0.0% skill match). Missing critical requirements: [AWS, Docker, Git, Machine Learning, NLP, NumPy, Pandas, Python, SQL, Scikit-learn]."
1084,CAND_984,BPO,0.86,0.0,0.52,,"AWS, Docker, Git, Machine Learning, NLP, NumPy, Pandas, Python, SQL, Scikit-learn","Candidate CAND_984 shows weak overall alignment (0.86% text similarity, 0.0% skill match). Missing critical requirements: [AWS, Docker, Git, Machine Learning, NLP, NumPy, Pandas, Python, SQL, Scikit-learn]."
1085,CAND_1109,SALES,0.86,0.0,0.52,,"AWS, Docker, Git, Machine Learning, NLP, NumPy, Pandas, Python, SQL, Scikit-learn","Candidate CAND_1109 shows weak overall alignment (0.86% text similarity, 0.0% skill match). Missing critical requirements: [AWS, Docker, Git, Machine Learning, NLP, NumPy, Pandas, Python, SQL, Scikit-learn]."
1086,CAND_1028,SALES,0.86,0.0,0.52,,"AWS, Docker, Git, Machine Learning, NLP, NumPy, Pandas, Python, SQL, Scikit-learn","Candidate CAND_1028 shows weak overall alignment (0.86% text similarity, 0.0% skill match). Missing critical requirements: [AWS, Docker, Git, Machine Learning, NLP, NumPy, Pandas, Python, SQL, Scikit-learn]."
1087,CAND_2432,AVIATION,0.86,0.0,0.52,,"AWS, Docker, Git, Machine Learning, NLP, NumPy, Pandas, Python, SQL, Scikit-learn","Candidate CAND_2432 shows weak overall alignment (0.86% text similarity, 0.0% skill match). Missing critical requirements: [AWS, Docker, Git, Machine Learning, NLP, NumPy, Pandas, Python, SQL, Scikit-learn]."
1088,CAND_2340,ARTS,0.86,0.0,0.52,,"AWS, Docker, Git, Machine Learning, NLP, NumPy, Pandas, Python, SQL, Scikit-learn","Candidate CAND_2340 shows weak overall alignment (0.86% text similarity, 0.0% skill match). Missing critical requirements: [AWS, Docker, Git, Machine Learning, NLP, NumPy, Pandas, Python, SQL, Scikit-learn]."
1089,CAND_1665,APPAREL,0.87,0.0,0.52,,"AWS, Docker, Git, Machine Learning, NLP, NumPy, Pandas, Python, SQL, Scikit-learn","Candidate CAND_1665 shows weak overall alignment (0.87% text similarity, 0.0% skill match). Missing critical requirements: [AWS, Docker, Git, Machine Learning, NLP, NumPy, Pandas, Python, SQL, Scikit-learn]."
1090,CAND_1986,CONSTRUCTION,0.87,0.0,0.52,,"AWS, Docker, Git, Machine Learning, NLP, NumPy, Pandas, Python, SQL, Scikit-learn","Candidate CAND_1986 shows weak overall alignment (0.87% text similarity, 0.0% skill match). Missing critical requirements: [AWS, Docker, Git, Machine Learning, NLP, NumPy, Pandas, Python, SQL, Scikit-learn]."
1091,CAND_1070,SALES,0.86,0.0,0.52,,"AWS, Docker, Git, Machine Learning, NLP, NumPy, Pandas, Python, SQL, Scikit-learn","Candidate CAND_1070 shows weak overall alignment (0.86% text similarity, 0.0% skill match). Missing critical requirements: [AWS, Docker, Git, Machine Learning, NLP, NumPy, Pandas, Python, SQL, Scikit-learn]."
1092,CAND_366,TEACHER,0.87,0.0,0.52,,"AWS, Docker, Git, Machine Learning, NLP, NumPy, Pandas, Python, SQL, Scikit-learn","Candidate CAND_366 shows weak overall alignment (0.87% text similarity, 0.0% skill match). Missing critical requirements: [AWS, Docker, Git, Machine Learning, NLP, NumPy, Pandas, Python, SQL, Scikit-learn]."
1093,CAND_1156,CONSULTANT,0.87,0.0,0.52,,"AWS, Docker, Git, Machine Learning, NLP, NumPy, Pandas, Python, SQL, Scikit-learn","Candidate CAND_1156 shows weak overall alignment (0.87% text similarity, 0.0% skill match). Missing critical requirements: [AWS, Docker, Git, Machine Learning, NLP, NumPy, Pandas, Python, SQL, Scikit-learn]."
1094,CAND_1060,SALES,0.86,0.0,0.52,,"AWS, Docker, Git, Machine Learning, NLP, NumPy, Pandas, Python, SQL, Scikit-learn","Candidate CAND_1060 shows weak overall alignment (0.86% text similarity, 0.0% skill match). Missing critical requirements: [AWS, Docker, Git, Machine Learning, NLP, NumPy, Pandas, Python, SQL, Scikit-learn]."
1095,CAND_1489,FINANCE,0.86,0.0,0.52,,"AWS, Docker, Git, Machine Learning, NLP, NumPy, Pandas, Python, SQL, Scikit-learn","Candidate CAND_1489 shows weak overall alignment (0.86% text similarity, 0.0% skill match). Missing critical requirements: [AWS, Docker, Git, Machine Learning, NLP, NumPy, Pandas, Python, SQL, Scikit-learn]."
1096,CAND_1119,CONSULTANT,0.85,0.0,0.51,,"AWS, Docker, Git, Machine Learning, NLP, NumPy, Pandas, Python, SQL, Scikit-learn","Candidate CAND_1119 shows weak overall alignment (0.85% text similarity, 0.0% skill match). Missing critical requirements: [AWS, Docker, Git, Machine Learning, NLP, NumPy, Pandas, Python, SQL, Scikit-learn]."
1097,CAND_752,HEALTHCARE,0.85,0.0,0.51,,"AWS, Docker, Git, Machine Learning, NLP, NumPy, Pandas, Python, SQL, Scikit-learn","Candidate CAND_752 shows weak overall alignment (0.85% text similarity, 0.0% skill match). Missing critical requirements: [AWS, Docker, Git, Machine Learning, NLP, NumPy, Pandas, Python, SQL, Scikit-learn]."
1098,CAND_1019,SALES,0.85,0.0,0.51,,"AWS, Docker, Git, Machine Learning, NLP, NumPy, Pandas, Python, SQL, Scikit-learn","Candidate CAND_1019 shows weak overall alignment (0.85% text similarity, 0.0% skill match). Missing critical requirements: [AWS, Docker, Git, Machine Learning, NLP, NumPy, Pandas, Python, SQL, Scikit-learn]."
1099,CAND_1522,FINANCE,0.85,0.0,0.51,,"AWS, Docker, Git, Machine Learning, NLP, NumPy, Pandas, Python, SQL, Scikit-learn","Candidate CAND_1522 shows weak overall alignment (0.85% text similarity, 0.0% skill match). Missing critical requirements: [AWS, Docker, Git, Machine Learning, NLP, NumPy, Pandas, Python, SQL, Scikit-learn]."
1100,CAND_2030,CONSTRUCTION,0.85,0.0,0.51,,"AWS, Docker, Git, Machine Learning, NLP, NumPy, Pandas, Python, SQL, Scikit-learn","Candidate CAND_2030 shows weak overall alignment (0.85% text similarity, 0.0% skill match). Missing critical requirements: [AWS, Docker, Git, Machine Learning, NLP, NumPy, Pandas, Python, SQL, Scikit-learn]."
1101,CAND_1948,CONSTRUCTION,0.83,0.0,0.5,,"AWS, Docker, Git, Machine Learning, NLP, NumPy, Pandas, Python, SQL, Scikit-learn","Candidate CAND_1948 shows weak overall alignment (0.83% text similarity, 0.0% skill match). Missing critical requirements: [AWS, Docker, Git, Machine Learning, NLP, NumPy, Pandas, Python, SQL, Scikit-learn]."
1102,CAND_490,ADVOCATE,0.83,0.0,0.5,,"AWS, Docker, Git, Machine Learning, NLP, NumPy, Pandas, Python, SQL, Scikit-learn","Candidate CAND_490 shows weak overall alignment (0.83% text similarity, 0.0% skill match). Missing critical requirements: [AWS, Docker, Git, Machine Learning, NLP, NumPy, Pandas, Python, SQL, Scikit-learn]."
1103,CAND_061,HR,0.83,0.0,0.5,,"AWS, Docker, Git, Machine Learning, NLP, NumPy, Pandas, Python, SQL, Scikit-learn","Candidate CAND_061 shows weak overall alignment (0.83% text similarity, 0.0% skill match). Missing critical requirements: [AWS, Docker, Git, Machine Learning, NLP, NumPy, Pandas, Python, SQL, Scikit-learn]."
1104,CAND_1433,CHEF,0.83,0.0,0.5,,"AWS, Docker, Git, Machine Learning, NLP, NumPy, Pandas, Python, SQL, Scikit-learn","Candidate CAND_1433 shows weak overall alignment (0.83% text similarity, 0.0% skill match). Missing critical requirements: [AWS, Docker, Git, Machine Learning, NLP, NumPy, Pandas, Python, SQL, Scikit-learn]."
1105,CAND_716,HEALTHCARE,0.84,0.0,0.5,,"AWS, Docker, Git, Machine Learning, NLP, NumPy, Pandas, Python, SQL, Scikit-learn","Candidate CAND_716 shows weak overall alignment (0.84% text similarity, 0.0% skill match). Missing critical requirements: [AWS, Docker, Git, Machine Learning, NLP, NumPy, Pandas, Python, SQL, Scikit-learn]."
1106,CAND_742,HEALTHCARE,0.83,0.0,0.5,,"AWS, Docker, Git, Machine Learning, NLP, NumPy, Pandas, Python, SQL, Scikit-learn","Candidate CAND_742 shows weak overall alignment (0.83% text similarity, 0.0% skill match). Missing critical requirements: [AWS, Docker, Git, Machine Learning, NLP, NumPy, Pandas, Python, SQL, Scikit-learn]."
1107,CAND_538,ADVOCATE,0.84,0.0,0.5,,"AWS, Docker, Git, Machine Learning, NLP, NumPy, Pandas, Python, SQL, Scikit-learn","Candidate CAND_538 shows weak overall alignment (0.84% text similarity, 0.0% skill match). Missing critical requirements: [AWS, Docker, Git, Machine Learning, NLP, NumPy, Pandas, Python, SQL, Scikit-learn]."
1108,CAND_763,HEALTHCARE,0.83,0.0,0.5,,"AWS, Docker, Git, Machine Learning, NLP, NumPy, Pandas, Python, SQL, Scikit-learn","Candidate CAND_763 shows weak overall alignment (0.83% text similarity, 0.0% skill match). Missing critical requirements: [AWS, Docker, Git, Machine Learning, NLP, NumPy, Pandas, Python, SQL, Scikit-learn]."
1109,CAND_1525,FINANCE,0.83,0.0,0.5,,"AWS, Docker, Git, Machine Learning, NLP, NumPy, Pandas, Python, SQL, Scikit-learn","Candidate CAND_1525 shows weak overall alignment (0.83% text similarity, 0.0% skill match). Missing critical requirements: [AWS, Docker, Git, Machine Learning, NLP, NumPy, Pandas, Python, SQL, Scikit-learn]."
1110,CAND_162,DESIGNER,0.84,0.0,0.5,,"AWS, Docker, Git, Machine Learning, NLP, NumPy, Pandas, Python, SQL, Scikit-learn","Candidate CAND_162 shows weak overall alignment (0.84% text similarity, 0.0% skill match). Missing critical requirements: [AWS, Docker, Git, Machine Learning, NLP, NumPy, Pandas, Python, SQL, Scikit-learn]."
1111,CAND_307,INFORMATION-TECHNOLOGY,0.83,0.0,0.5,,"AWS, Docker, Git, Machine Learning, NLP, NumPy, Pandas, Python, SQL, Scikit-learn","Candidate CAND_307 shows weak overall alignment (0.83% text similarity, 0.0% skill match). Missing critical requirements: [AWS, Docker, Git, Machine Learning, NLP, NumPy, Pandas, Python, SQL, Scikit-learn]."
1112,CAND_580,BUSINESS-DEVELOPMENT,0.84,0.0,0.5,,"AWS, Docker, Git, Machine Learning, NLP, NumPy, Pandas, Python, SQL, Scikit-learn","Candidate CAND_580 shows weak overall alignment (0.84% text similarity, 0.0% skill match). Missing critical requirements: [AWS, Docker, Git, Machine Learning, NLP, NumPy, Pandas, Python, SQL, Scikit-learn]."
1113,CAND_314,INFORMATION-TECHNOLOGY,0.84,0.0,0.5,,"AWS, Docker, Git, Machine Learning, NLP, NumPy, Pandas, Python, SQL, Scikit-learn","Candidate CAND_314 shows weak overall alignment (0.84% text similarity, 0.0% skill match). Missing critical requirements: [AWS, Docker, Git, Machine Learning, NLP, NumPy, Pandas, Python, SQL, Scikit-learn]."
1114,CAND_1616,APPAREL,0.83,0.0,0.5,,"AWS, Docker, Git, Machine Learning, NLP, NumPy, Pandas, Python, SQL, Scikit-learn","Candidate CAND_1616 shows weak overall alignment (0.83% text similarity, 0.0% skill match). Missing critical requirements: [AWS, Docker, Git, Machine Learning, NLP, NumPy, Pandas, Python, SQL, Scikit-learn]."
1115,CAND_785,HEALTHCARE,0.84,0.0,0.5,,"AWS, Docker, Git, Machine Learning, NLP, NumPy, Pandas, Python, SQL, Scikit-learn","Candidate CAND_785 shows weak overall alignment (0.84% text similarity, 0.0% skill match). Missing critical requirements: [AWS, Docker, Git, Machine Learning, NLP, NumPy, Pandas, Python, SQL, Scikit-learn]."
1116,CAND_263,INFORMATION-TECHNOLOGY,0.84,0.0,0.5,,"AWS, Docker, Git, Machine Learning, NLP, NumPy, Pandas, Python, SQL, Scikit-learn","Candidate CAND_263 shows weak overall alignment (0.84% text similarity, 0.0% skill match). Missing critical requirements: [AWS, Docker, Git, Machine Learning, NLP, NumPy, Pandas, Python, SQL, Scikit-learn]."
1117,CAND_2442,AVIATION,0.82,0.0,0.49,,"AWS, Docker, Git, Machine Learning, NLP, NumPy, Pandas, Python, SQL, Scikit-learn","Candidate CAND_2442 shows weak overall alignment (0.82% text similarity, 0.0% skill match). Missing critical requirements: [AWS, Docker, Git, Machine Learning, NLP, NumPy, Pandas, Python, SQL, Scikit-learn]."
1118,CAND_2391,AVIATION,0.81,0.0,0.49,,"AWS, Docker, Git, Machine Learning, NLP, NumPy, Pandas, Python, SQL, Scikit-learn","Candidate CAND_2391 shows weak overall alignment (0.81% text similarity, 0.0% skill match). Missing critical requirements: [AWS, Docker, Git, Machine Learning, NLP, NumPy, Pandas, Python, SQL, Scikit-learn]."
1119,CAND_686,HEALTHCARE,0.82,0.0,0.49,,"AWS, Docker, Git, Machine Learning, NLP, NumPy, Pandas, Python, SQL, Scikit-learn","Candidate CAND_686 shows weak overall alignment (0.82% text similarity, 0.0% skill match). Missing critical requirements: [AWS, Docker, Git, Machine Learning, NLP, NumPy, Pandas, Python, SQL, Scikit-learn]."
1120,CAND_033,HR,0.82,0.0,0.49,,"AWS, Docker, Git, Machine Learning, NLP, NumPy, Pandas, Python, SQL, Scikit-learn","Candidate CAND_033 shows weak overall alignment (0.82% text similarity, 0.0% skill match). Missing critical requirements: [AWS, Docker, Git, Machine Learning, NLP, NumPy, Pandas, Python, SQL, Scikit-learn]."
1121,CAND_1158,CONSULTANT,0.81,0.0,0.49,,"AWS, Docker, Git, Machine Learning, NLP, NumPy, Pandas, Python, SQL, Scikit-learn","Candidate CAND_1158 shows weak overall alignment (0.81% text similarity, 0.0% skill match). Missing critical requirements: [AWS, Docker, Git, Machine Learning, NLP, NumPy, Pandas, Python, SQL, Scikit-learn]."
1122,CAND_043,HR,0.82,0.0,0.49,,"AWS, Docker, Git, Machine Learning, NLP, NumPy, Pandas, Python, SQL, Scikit-learn","Candidate CAND_043 shows weak overall alignment (0.82% text similarity, 0.0% skill match). Missing critical requirements: [AWS, Docker, Git, Machine Learning, NLP, NumPy, Pandas, Python, SQL, Scikit-learn]."
1123,CAND_1833,ACCOUNTANT,0.81,0.0,0.49,,"AWS, Docker, Git, Machine Learning, NLP, NumPy, Pandas, Python, SQL, Scikit-learn","Candidate CAND_1833 shows weak overall alignment (0.81% text similarity, 0.0% skill match). Missing critical requirements: [AWS, Docker, Git, Machine Learning, NLP, NumPy, Pandas, Python, SQL, Scikit-learn]."
1124,CAND_781,HEALTHCARE,0.82,0.0,0.49,,"AWS, Docker, Git, Machine Learning, NLP, NumPy, Pandas, Python, SQL, Scikit-learn","Candidate CAND_781 shows weak overall alignment (0.82% text similarity, 0.0% skill match). Missing critical requirements: [AWS, Docker, Git, Machine Learning, NLP, NumPy, Pandas, Python, SQL, Scikit-learn]."
1125,CAND_223,INFORMATION-TECHNOLOGY,0.82,0.0,0.49,,"AWS, Docker, Git, Machine Learning, NLP, NumPy, Pandas, Python, SQL, Scikit-learn","Candidate CAND_223 shows weak overall alignment (0.82% text similarity, 0.0% skill match). Missing critical requirements: [AWS, Docker, Git, Machine Learning, NLP, NumPy, Pandas, Python, SQL, Scikit-learn]."
1126,CAND_840,FITNESS,0.82,0.0,0.49,,"AWS, Docker, Git, Machine Learning, NLP, NumPy, Pandas, Python, SQL, Scikit-learn","Candidate CAND_840 shows weak overall alignment (0.82% text similarity, 0.0% skill match). Missing critical requirements: [AWS, Docker, Git, Machine Learning, NLP, NumPy, Pandas, Python, SQL, Scikit-learn]."
1127,CAND_2237,BANKING,0.81,0.0,0.49,,"AWS, Docker, Git, Machine Learning, NLP, NumPy, Pandas, Python, SQL, Scikit-learn","Candidate CAND_2237 shows weak overall alignment (0.81% text similarity, 0.0% skill match). Missing critical requirements: [AWS, Docker, Git, Machine Learning, NLP, NumPy, Pandas, Python, SQL, Scikit-learn]."
1128,CAND_2182,BANKING,0.81,0.0,0.49,,"AWS, Docker, Git, Machine Learning, NLP, NumPy, Pandas, Python, SQL, Scikit-learn","Candidate CAND_2182 shows weak overall alignment (0.81% text similarity, 0.0% skill match). Missing critical requirements: [AWS, Docker, Git, Machine Learning, NLP, NumPy, Pandas, Python, SQL, Scikit-learn]."
1129,CAND_817,FITNESS,0.81,0.0,0.49,,"AWS, Docker, Git, Machine Learning, NLP, NumPy, Pandas, Python, SQL, Scikit-learn","Candidate CAND_817 shows weak overall alignment (0.81% text similarity, 0.0% skill match). Missing critical requirements: [AWS, Docker, Git, Machine Learning, NLP, NumPy, Pandas, Python, SQL, Scikit-learn]."
1130,CAND_1380,CHEF,0.81,0.0,0.49,,"AWS, Docker, Git, Machine Learning, NLP, NumPy, Pandas, Python, SQL, Scikit-learn","Candidate CAND_1380 shows weak overall alignment (0.81% text similarity, 0.0% skill match). Missing critical requirements: [AWS, Docker, Git, Machine Learning, NLP, NumPy, Pandas, Python, SQL, Scikit-learn]."
1131,CAND_2127,PUBLIC-RELATIONS,0.82,0.0,0.49,,"AWS, Docker, Git, Machine Learning, NLP, NumPy, Pandas, Python, SQL, Scikit-learn","Candidate CAND_2127 shows weak overall alignment (0.82% text similarity, 0.0% skill match). Missing critical requirements: [AWS, Docker, Git, Machine Learning, NLP, NumPy, Pandas, Python, SQL, Scikit-learn]."
1132,CAND_1231,DIGITAL-MEDIA,0.82,0.0,0.49,,"AWS, Docker, Git, Machine Learning, NLP, NumPy, Pandas, Python, SQL, Scikit-learn","Candidate CAND_1231 shows weak overall alignment (0.82% text similarity, 0.0% skill match). Missing critical requirements: [AWS, Docker, Git, Machine Learning, NLP, NumPy, Pandas, Python, SQL, Scikit-learn]."
1133,CAND_119,DESIGNER,0.81,0.0,0.49,,"AWS, Docker, Git, Machine Learning, NLP, NumPy, Pandas, Python, SQL, Scikit-learn","Candidate CAND_119 shows weak overall alignment (0.81% text similarity, 0.0% skill match). Missing critical requirements: [AWS, Docker, Git, Machine Learning, NLP, NumPy, Pandas, Python, SQL, Scikit-learn]."
1134,CAND_2350,ARTS,0.81,0.0,0.49,,"AWS, Docker, Git, Machine Learning, NLP, NumPy, Pandas, Python, SQL, Scikit-learn","Candidate CAND_2350 shows weak overall alignment (0.81% text similarity, 0.0% skill match). Missing critical requirements: [AWS, Docker, Git, Machine Learning, NLP, NumPy, Pandas, Python, SQL, Scikit-learn]."
1135,CAND_637,BUSINESS-DEVELOPMENT,0.82,0.0,0.49,,"AWS, Docker, Git, Machine Learning, NLP, NumPy, Pandas, Python, SQL, Scikit-learn","Candidate CAND_637 shows weak overall alignment (0.82% text similarity, 0.0% skill match). Missing critical requirements: [AWS, Docker, Git, Machine Learning, NLP, NumPy, Pandas, Python, SQL, Scikit-learn]."
1136,CAND_1117,CONSULTANT,0.81,0.0,0.49,,"AWS, Docker, Git, Machine Learning, NLP, NumPy, Pandas, Python, SQL, Scikit-learn","Candidate CAND_1117 shows weak overall alignment (0.81% text similarity, 0.0% skill match). Missing critical requirements: [AWS, Docker, Git, Machine Learning, NLP, NumPy, Pandas, Python, SQL, Scikit-learn]."
1137,CAND_1289,DIGITAL-MEDIA,0.8,0.0,0.48,,"AWS, Docker, Git, Machine Learning, NLP, NumPy, Pandas, Python, SQL, Scikit-learn","Candidate CAND_1289 shows weak overall alignment (0.8% text similarity, 0.0% skill match). Missing critical requirements: [AWS, Docker, Git, Machine Learning, NLP, NumPy, Pandas, Python, SQL, Scikit-learn]."
1138,CAND_1198,CONSULTANT,0.8,0.0,0.48,,"AWS, Docker, Git, Machine Learning, NLP, NumPy, Pandas, Python, SQL, Scikit-learn","Candidate CAND_1198 shows weak overall alignment (0.8% text similarity, 0.0% skill match). Missing critical requirements: [AWS, Docker, Git, Machine Learning, NLP, NumPy, Pandas, Python, SQL, Scikit-learn]."
1139,CAND_1411,CHEF,0.8,0.0,0.48,,"AWS, Docker, Git, Machine Learning, NLP, NumPy, Pandas, Python, SQL, Scikit-learn","Candidate CAND_1411 shows weak overall alignment (0.8% text similarity, 0.0% skill match). Missing critical requirements: [AWS, Docker, Git, Machine Learning, NLP, NumPy, Pandas, Python, SQL, Scikit-learn]."
1140,CAND_2045,PUBLIC-RELATIONS,0.8,0.0,0.48,,"AWS, Docker, Git, Machine Learning, NLP, NumPy, Pandas, Python, SQL, Scikit-learn","Candidate CAND_2045 shows weak overall alignment (0.8% text similarity, 0.0% skill match). Missing critical requirements: [AWS, Docker, Git, Machine Learning, NLP, NumPy, Pandas, Python, SQL, Scikit-learn]."
1141,CAND_2329,ARTS,0.8,0.0,0.48,,"AWS, Docker, Git, Machine Learning, NLP, NumPy, Pandas, Python, SQL, Scikit-learn","Candidate CAND_2329 shows weak overall alignment (0.8% text similarity, 0.0% skill match). Missing critical requirements: [AWS, Docker, Git, Machine Learning, NLP, NumPy, Pandas, Python, SQL, Scikit-learn]."
1142,CAND_2355,ARTS,0.8,0.0,0.48,,"AWS, Docker, Git, Machine Learning, NLP, NumPy, Pandas, Python, SQL, Scikit-learn","Candidate CAND_2355 shows weak overall alignment (0.8% text similarity, 0.0% skill match). Missing critical requirements: [AWS, Docker, Git, Machine Learning, NLP, NumPy, Pandas, Python, SQL, Scikit-learn]."
1143,CAND_058,HR,0.8,0.0,0.48,,"AWS, Docker, Git, Machine Learning, NLP, NumPy, Pandas, Python, SQL, Scikit-learn","Candidate CAND_058 shows weak overall alignment (0.8% text similarity, 0.0% skill match). Missing critical requirements: [AWS, Docker, Git, Machine Learning, NLP, NumPy, Pandas, Python, SQL, Scikit-learn]."
1144,CAND_1554,FINANCE,0.8,0.0,0.48,,"AWS, Docker, Git, Machine Learning, NLP, NumPy, Pandas, Python, SQL, Scikit-learn","Candidate CAND_1554 shows weak overall alignment (0.8% text similarity, 0.0% skill match). Missing critical requirements: [AWS, Docker, Git, Machine Learning, NLP, NumPy, Pandas, Python, SQL, Scikit-learn]."
1145,CAND_651,BUSINESS-DEVELOPMENT,0.78,0.0,0.47,,"AWS, Docker, Git, Machine Learning, NLP, NumPy, Pandas, Python, SQL, Scikit-learn","Candidate CAND_651 shows weak overall alignment (0.78% text similarity, 0.0% skill match). Missing critical requirements: [AWS, Docker, Git, Machine Learning, NLP, NumPy, Pandas, Python, SQL, Scikit-learn]."
1146,CAND_166,DESIGNER,0.78,0.0,0.47,,"AWS, Docker, Git, Machine Learning, NLP, NumPy, Pandas, Python, SQL, Scikit-learn","Candidate CAND_166 shows weak overall alignment (0.78% text similarity, 0.0% skill match). Missing critical requirements: [AWS, Docker, Git, Machine Learning, NLP, NumPy, Pandas, Python, SQL, Scikit-learn]."
1147,CAND_2359,ARTS,0.78,0.0,0.47,,"AWS, Docker, Git, Machine Learning, NLP, NumPy, Pandas, Python, SQL, Scikit-learn","Candidate CAND_2359 shows weak overall alignment (0.78% text similarity, 0.0% skill match). Missing critical requirements: [AWS, Docker, Git, Machine Learning, NLP, NumPy, Pandas, Python, SQL, Scikit-learn]."
1148,CAND_1438,CHEF,0.78,0.0,0.47,,"AWS, Docker, Git, Machine Learning, NLP, NumPy, Pandas, Python, SQL, Scikit-learn","Candidate CAND_1438 shows weak overall alignment (0.78% text similarity, 0.0% skill match). Missing critical requirements: [AWS, Docker, Git, Machine Learning, NLP, NumPy, Pandas, Python, SQL, Scikit-learn]."
1149,CAND_838,FITNESS,0.79,0.0,0.47,,"AWS, Docker, Git, Machine Learning, NLP, NumPy, Pandas, Python, SQL, Scikit-learn","Candidate CAND_838 shows weak overall alignment (0.79% text similarity, 0.0% skill match). Missing critical requirements: [AWS, Docker, Git, Machine Learning, NLP, NumPy, Pandas, Python, SQL, Scikit-learn]."
1150,CAND_970,AGRICULTURE,0.79,0.0,0.47,,"AWS, Docker, Git, Machine Learning, NLP, NumPy, Pandas, Python, SQL, Scikit-learn","Candidate CAND_970 shows weak overall alignment (0.79% text similarity, 0.0% skill match). Missing critical requirements: [AWS, Docker, Git, Machine Learning, NLP, NumPy, Pandas, Python, SQL, Scikit-learn]."
1151,CAND_2275,ARTS,0.78,0.0,0.47,,"AWS, Docker, Git, Machine Learning, NLP, NumPy, Pandas, Python, SQL, Scikit-learn","Candidate CAND_2275 shows weak overall alignment (0.78% text similarity, 0.0% skill match). Missing critical requirements: [AWS, Docker, Git, Machine Learning, NLP, NumPy, Pandas, Python, SQL, Scikit-learn]."
1152,CAND_102,HR,0.79,0.0,0.47,,"AWS, Docker, Git, Machine Learning, NLP, NumPy, Pandas, Python, SQL, Scikit-learn","Candidate CAND_102 shows weak overall alignment (0.79% text similarity, 0.0% skill match). Missing critical requirements: [AWS, Docker, Git, Machine Learning, NLP, NumPy, Pandas, Python, SQL, Scikit-learn]."
1153,CAND_1587,FINANCE,0.79,0.0,0.47,,"AWS, Docker, Git, Machine Learning, NLP, NumPy, Pandas, Python, SQL, Scikit-learn","Candidate CAND_1587 shows weak overall alignment (0.79% text similarity, 0.0% skill match). Missing critical requirements: [AWS, Docker, Git, Machine Learning, NLP, NumPy, Pandas, Python, SQL, Scikit-learn]."
1154,CAND_1320,DIGITAL-MEDIA,0.79,0.0,0.47,,"AWS, Docker, Git, Machine Learning, NLP, NumPy, Pandas, Python, SQL, Scikit-learn","Candidate CAND_1320 shows weak overall alignment (0.79% text similarity, 0.0% skill match). Missing critical requirements: [AWS, Docker, Git, Machine Learning, NLP, NumPy, Pandas, Python, SQL, Scikit-learn]."
1155,CAND_1063,SALES,0.78,0.0,0.47,,"AWS, Docker, Git, Machine Learning, NLP, NumPy, Pandas, Python, SQL, Scikit-learn","Candidate CAND_1063 shows weak overall alignment (0.78% text similarity, 0.0% skill match). Missing critical requirements: [AWS, Docker, Git, Machine Learning, NLP, NumPy, Pandas, Python, SQL, Scikit-learn]."
1156,CAND_2124,PUBLIC-RELATIONS,0.79,0.0,0.47,,"AWS, Docker, Git, Machine Learning, NLP, NumPy, Pandas, Python, SQL, Scikit-learn","Candidate CAND_2124 shows weak overall alignment (0.79% text similarity, 0.0% skill match). Missing critical requirements: [AWS, Docker, Git, Machine Learning, NLP, NumPy, Pandas, Python, SQL, Scikit-learn]."
1157,CAND_039,HR,0.79,0.0,0.47,,"AWS, Docker, Git, Machine Learning, NLP, NumPy, Pandas, Python, SQL, Scikit-learn","Candidate CAND_039 shows weak overall alignment (0.79% text similarity, 0.0% skill match). Missing critical requirements: [AWS, Docker, Git, Machine Learning, NLP, NumPy, Pandas, Python, SQL, Scikit-learn]."
1158,CAND_111,DESIGNER,0.79,0.0,0.47,,"AWS, Docker, Git, Machine Learning, NLP, NumPy, Pandas, Python, SQL, Scikit-learn","Candidate CAND_111 shows weak overall alignment (0.79% text similarity, 0.0% skill match). Missing critical requirements: [AWS, Docker, Git, Machine Learning, NLP, NumPy, Pandas, Python, SQL, Scikit-learn]."
1159,CAND_750,HEALTHCARE,0.76,0.0,0.46,,"AWS, Docker, Git, Machine Learning, NLP, NumPy, Pandas, Python, SQL, Scikit-learn","Candidate CAND_750 shows weak overall alignment (0.76% text similarity, 0.0% skill match). Missing critical requirements: [AWS, Docker, Git, Machine Learning, NLP, NumPy, Pandas, Python, SQL, Scikit-learn]."
1160,CAND_1997,CONSTRUCTION,0.76,0.0,0.46,,"AWS, Docker, Git, Machine Learning, NLP, NumPy, Pandas, Python, SQL, Scikit-learn","Candidate CAND_1997 shows weak overall alignment (0.76% text similarity, 0.0% skill match). Missing critical requirements: [AWS, Docker, Git, Machine Learning, NLP, NumPy, Pandas, Python, SQL, Scikit-learn]."
1161,CAND_2034,CONSTRUCTION,0.76,0.0,0.46,,"AWS, Docker, Git, Machine Learning, NLP, NumPy, Pandas, Python, SQL, Scikit-learn","Candidate CAND_2034 shows weak overall alignment (0.76% text similarity, 0.0% skill match). Missing critical requirements: [AWS, Docker, Git, Machine Learning, NLP, NumPy, Pandas, Python, SQL, Scikit-learn]."
1162,CAND_1100,SALES,0.77,0.0,0.46,,"AWS, Docker, Git, Machine Learning, NLP, NumPy, Pandas, Python, SQL, Scikit-learn","Candidate CAND_1100 shows weak overall alignment (0.77% text similarity, 0.0% skill match). Missing critical requirements: [AWS, Docker, Git, Machine Learning, NLP, NumPy, Pandas, Python, SQL, Scikit-learn]."
1163,CAND_630,BUSINESS-DEVELOPMENT,0.77,0.0,0.46,,"AWS, Docker, Git, Machine Learning, NLP, NumPy, Pandas, Python, SQL, Scikit-learn","Candidate CAND_630 shows weak overall alignment (0.77% text similarity, 0.0% skill match). Missing critical requirements: [AWS, Docker, Git, Machine Learning, NLP, NumPy, Pandas, Python, SQL, Scikit-learn]."
1164,CAND_204,DESIGNER,0.76,0.0,0.46,,"AWS, Docker, Git, Machine Learning, NLP, NumPy, Pandas, Python, SQL, Scikit-learn","Candidate CAND_204 shows weak overall alignment (0.76% text similarity, 0.0% skill match). Missing critical requirements: [AWS, Docker, Git, Machine Learning, NLP, NumPy, Pandas, Python, SQL, Scikit-learn]."
1165,CAND_1937,CONSTRUCTION,0.76,0.0,0.46,,"AWS, Docker, Git, Machine Learning, NLP, NumPy, Pandas, Python, SQL, Scikit-learn","Candidate CAND_1937 shows weak overall alignment (0.76% text similarity, 0.0% skill match). Missing critical requirements: [AWS, Docker, Git, Machine Learning, NLP, NumPy, Pandas, Python, SQL, Scikit-learn]."
1166,CAND_1580,FINANCE,0.75,0.0,0.45,,"AWS, Docker, Git, Machine Learning, NLP, NumPy, Pandas, Python, SQL, Scikit-learn","Candidate CAND_1580 shows weak overall alignment (0.75% text similarity, 0.0% skill match). Missing critical requirements: [AWS, Docker, Git, Machine Learning, NLP, NumPy, Pandas, Python, SQL, Scikit-learn]."
1167,CAND_1512,FINANCE,0.75,0.0,0.45,,"AWS, Docker, Git, Machine Learning, NLP, NumPy, Pandas, Python, SQL, Scikit-learn","Candidate CAND_1512 shows weak overall alignment (0.75% text similarity, 0.0% skill match). Missing critical requirements: [AWS, Docker, Git, Machine Learning, NLP, NumPy, Pandas, Python, SQL, Scikit-learn]."
1168,CAND_285,INFORMATION-TECHNOLOGY,0.75,0.0,0.45,,"AWS, Docker, Git, Machine Learning, NLP, NumPy, Pandas, Python, SQL, Scikit-learn","Candidate CAND_285 shows weak overall alignment (0.75% text similarity, 0.0% skill match). Missing critical requirements: [AWS, Docker, Git, Machine Learning, NLP, NumPy, Pandas, Python, SQL, Scikit-learn]."
1169,CAND_463,ADVOCATE,0.75,0.0,0.45,,"AWS, Docker, Git, Machine Learning, NLP, NumPy, Pandas, Python, SQL, Scikit-learn","Candidate CAND_463 shows weak overall alignment (0.75% text similarity, 0.0% skill match). Missing critical requirements: [AWS, Docker, Git, Machine Learning, NLP, NumPy, Pandas, Python, SQL, Scikit-learn]."
1170,CAND_1442,CHEF,0.75,0.0,0.45,,"AWS, Docker, Git, Machine Learning, NLP, NumPy, Pandas, Python, SQL, Scikit-learn","Candidate CAND_1442 shows weak overall alignment (0.75% text similarity, 0.0% skill match). Missing critical requirements: [AWS, Docker, Git, Machine Learning, NLP, NumPy, Pandas, Python, SQL, Scikit-learn]."
1171,CAND_1192,CONSULTANT,0.75,0.0,0.45,,"AWS, Docker, Git, Machine Learning, NLP, NumPy, Pandas, Python, SQL, Scikit-learn","Candidate CAND_1192 shows weak overall alignment (0.75% text similarity, 0.0% skill match). Missing critical requirements: [AWS, Docker, Git, Machine Learning, NLP, NumPy, Pandas, Python, SQL, Scikit-learn]."
1172,CAND_2313,ARTS,0.73,0.0,0.44,,"AWS, Docker, Git, Machine Learning, NLP, NumPy, Pandas, Python, SQL, Scikit-learn","Candidate CAND_2313 shows weak overall alignment (0.73% text similarity, 0.0% skill match). Missing critical requirements: [AWS, Docker, Git, Machine Learning, NLP, NumPy, Pandas, Python, SQL, Scikit-learn]."
1173,CAND_1199,CONSULTANT,0.74,0.0,0.44,,"AWS, Docker, Git, Machine Learning, NLP, NumPy, Pandas, Python, SQL, Scikit-learn","Candidate CAND_1199 shows weak overall alignment (0.74% text similarity, 0.0% skill match). Missing critical requirements: [AWS, Docker, Git, Machine Learning, NLP, NumPy, Pandas, Python, SQL, Scikit-learn]."
1174,CAND_2013,CONSTRUCTION,0.73,0.0,0.44,,"AWS, Docker, Git, Machine Learning, NLP, NumPy, Pandas, Python, SQL, Scikit-learn","Candidate CAND_2013 shows weak overall alignment (0.73% text similarity, 0.0% skill match). Missing critical requirements: [AWS, Docker, Git, Machine Learning, NLP, NumPy, Pandas, Python, SQL, Scikit-learn]."
1175,CAND_1094,SALES,0.73,0.0,0.44,,"AWS, Docker, Git, Machine Learning, NLP, NumPy, Pandas, Python, SQL, Scikit-learn","Candidate CAND_1094 shows weak overall alignment (0.73% text similarity, 0.0% skill match). Missing critical requirements: [AWS, Docker, Git, Machine Learning, NLP, NumPy, Pandas, Python, SQL, Scikit-learn]."
1176,CAND_1347,AUTOMOBILE,0.74,0.0,0.44,,"AWS, Docker, Git, Machine Learning, NLP, NumPy, Pandas, Python, SQL, Scikit-learn","Candidate CAND_1347 shows weak overall alignment (0.74% text similarity, 0.0% skill match). Missing critical requirements: [AWS, Docker, Git, Machine Learning, NLP, NumPy, Pandas, Python, SQL, Scikit-learn]."
1177,CAND_653,BUSINESS-DEVELOPMENT,0.73,0.0,0.44,,"AWS, Docker, Git, Machine Learning, NLP, NumPy, Pandas, Python, SQL, Scikit-learn","Candidate CAND_653 shows weak overall alignment (0.73% text similarity, 0.0% skill match). Missing critical requirements: [AWS, Docker, Git, Machine Learning, NLP, NumPy, Pandas, Python, SQL, Scikit-learn]."
1178,CAND_1421,CHEF,0.73,0.0,0.44,,"AWS, Docker, Git, Machine Learning, NLP, NumPy, Pandas, Python, SQL, Scikit-learn","Candidate CAND_1421 shows weak overall alignment (0.73% text similarity, 0.0% skill match). Missing critical requirements: [AWS, Docker, Git, Machine Learning, NLP, NumPy, Pandas, Python, SQL, Scikit-learn]."
1179,CAND_1652,APPAREL,0.74,0.0,0.44,,"AWS, Docker, Git, Machine Learning, NLP, NumPy, Pandas, Python, SQL, Scikit-learn","Candidate CAND_1652 shows weak overall alignment (0.74% text similarity, 0.0% skill match). Missing critical requirements: [AWS, Docker, Git, Machine Learning, NLP, NumPy, Pandas, Python, SQL, Scikit-learn]."
1180,CAND_2192,BANKING,0.73,0.0,0.44,,"AWS, Docker, Git, Machine Learning, NLP, NumPy, Pandas, Python, SQL, Scikit-learn","Candidate CAND_2192 shows weak overall alignment (0.73% text similarity, 0.0% skill match). Missing critical requirements: [AWS, Docker, Git, Machine Learning, NLP, NumPy, Pandas, Python, SQL, Scikit-learn]."
1181,CAND_1025,SALES,0.73,0.0,0.44,,"AWS, Docker, Git, Machine Learning, NLP, NumPy, Pandas, Python, SQL, Scikit-learn","Candidate CAND_1025 shows weak overall alignment (0.73% text similarity, 0.0% skill match). Missing critical requirements: [AWS, Docker, Git, Machine Learning, NLP, NumPy, Pandas, Python, SQL, Scikit-learn]."
1182,CAND_990,BPO,0.74,0.0,0.44,,"AWS, Docker, Git, Machine Learning, NLP, NumPy, Pandas, Python, SQL, Scikit-learn","Candidate CAND_990 shows weak overall alignment (0.74% text similarity, 0.0% skill match). Missing critical requirements: [AWS, Docker, Git, Machine Learning, NLP, NumPy, Pandas, Python, SQL, Scikit-learn]."
1183,CAND_1023,SALES,0.73,0.0,0.44,,"AWS, Docker, Git, Machine Learning, NLP, NumPy, Pandas, Python, SQL, Scikit-learn","Candidate CAND_1023 shows weak overall alignment (0.73% text similarity, 0.0% skill match). Missing critical requirements: [AWS, Docker, Git, Machine Learning, NLP, NumPy, Pandas, Python, SQL, Scikit-learn]."
1184,CAND_2309,ARTS,0.73,0.0,0.44,,"AWS, Docker, Git, Machine Learning, NLP, NumPy, Pandas, Python, SQL, Scikit-learn","Candidate CAND_2309 shows weak overall alignment (0.73% text similarity, 0.0% skill match). Missing critical requirements: [AWS, Docker, Git, Machine Learning, NLP, NumPy, Pandas, Python, SQL, Scikit-learn]."
1185,CAND_2028,CONSTRUCTION,0.74,0.0,0.44,,"AWS, Docker, Git, Machine Learning, NLP, NumPy, Pandas, Python, SQL, Scikit-learn","Candidate CAND_2028 shows weak overall alignment (0.74% text similarity, 0.0% skill match). Missing critical requirements: [AWS, Docker, Git, Machine Learning, NLP, NumPy, Pandas, Python, SQL, Scikit-learn]."
1186,CAND_1872,ACCOUNTANT,0.72,0.0,0.43,,"AWS, Docker, Git, Machine Learning, NLP, NumPy, Pandas, Python, SQL, Scikit-learn","Candidate CAND_1872 shows weak overall alignment (0.72% text similarity, 0.0% skill match). Missing critical requirements: [AWS, Docker, Git, Machine Learning, NLP, NumPy, Pandas, Python, SQL, Scikit-learn]."
1187,CAND_2098,PUBLIC-RELATIONS,0.72,0.0,0.43,,"AWS, Docker, Git, Machine Learning, NLP, NumPy, Pandas, Python, SQL, Scikit-learn","Candidate CAND_2098 shows weak overall alignment (0.72% text similarity, 0.0% skill match). Missing critical requirements: [AWS, Docker, Git, Machine Learning, NLP, NumPy, Pandas, Python, SQL, Scikit-learn]."
1188,CAND_1013,SALES,0.72,0.0,0.43,,"AWS, Docker, Git, Machine Learning, NLP, NumPy, Pandas, Python, SQL, Scikit-learn","Candidate CAND_1013 shows weak overall alignment (0.72% text similarity, 0.0% skill match). Missing critical requirements: [AWS, Docker, Git, Machine Learning, NLP, NumPy, Pandas, Python, SQL, Scikit-learn]."
1189,CAND_1261,DIGITAL-MEDIA,0.72,0.0,0.43,,"AWS, Docker, Git, Machine Learning, NLP, NumPy, Pandas, Python, SQL, Scikit-learn","Candidate CAND_1261 shows weak overall alignment (0.72% text similarity, 0.0% skill match). Missing critical requirements: [AWS, Docker, Git, Machine Learning, NLP, NumPy, Pandas, Python, SQL, Scikit-learn]."
1190,CAND_706,HEALTHCARE,0.71,0.0,0.43,,"AWS, Docker, Git, Machine Learning, NLP, NumPy, Pandas, Python, SQL, Scikit-learn","Candidate CAND_706 shows weak overall alignment (0.71% text similarity, 0.0% skill match). Missing critical requirements: [AWS, Docker, Git, Machine Learning, NLP, NumPy, Pandas, Python, SQL, Scikit-learn]."
1191,CAND_1281,DIGITAL-MEDIA,0.72,0.0,0.43,,"AWS, Docker, Git, Machine Learning, NLP, NumPy, Pandas, Python, SQL, Scikit-learn","Candidate CAND_1281 shows weak overall alignment (0.72% text similarity, 0.0% skill match). Missing critical requirements: [AWS, Docker, Git, Machine Learning, NLP, NumPy, Pandas, Python, SQL, Scikit-learn]."
1192,CAND_911,AGRICULTURE,0.72,0.0,0.43,,"AWS, Docker, Git, Machine Learning, NLP, NumPy, Pandas, Python, SQL, Scikit-learn","Candidate CAND_911 shows weak overall alignment (0.72% text similarity, 0.0% skill match). Missing critical requirements: [AWS, Docker, Git, Machine Learning, NLP, NumPy, Pandas, Python, SQL, Scikit-learn]."
1193,CAND_2376,AVIATION,0.72,0.0,0.43,,"AWS, Docker, Git, Machine Learning, NLP, NumPy, Pandas, Python, SQL, Scikit-learn","Candidate CAND_2376 shows weak overall alignment (0.72% text similarity, 0.0% skill match). Missing critical requirements: [AWS, Docker, Git, Machine Learning, NLP, NumPy, Pandas, Python, SQL, Scikit-learn]."
1194,CAND_503,ADVOCATE,0.71,0.0,0.43,,"AWS, Docker, Git, Machine Learning, NLP, NumPy, Pandas, Python, SQL, Scikit-learn","Candidate CAND_503 shows weak overall alignment (0.71% text similarity, 0.0% skill match). Missing critical requirements: [AWS, Docker, Git, Machine Learning, NLP, NumPy, Pandas, Python, SQL, Scikit-learn]."
1195,CAND_594,BUSINESS-DEVELOPMENT,0.72,0.0,0.43,,"AWS, Docker, Git, Machine Learning, NLP, NumPy, Pandas, Python, SQL, Scikit-learn","Candidate CAND_594 shows weak overall alignment (0.72% text similarity, 0.0% skill match). Missing critical requirements: [AWS, Docker, Git, Machine Learning, NLP, NumPy, Pandas, Python, SQL, Scikit-learn]."
1196,CAND_1381,CHEF,0.71,0.0,0.43,,"AWS, Docker, Git, Machine Learning, NLP, NumPy, Pandas, Python, SQL, Scikit-learn","Candidate CAND_1381 shows weak overall alignment (0.71% text similarity, 0.0% skill match). Missing critical requirements: [AWS, Docker, Git, Machine Learning, NLP, NumPy, Pandas, Python, SQL, Scikit-learn]."
1197,CAND_1546,FINANCE,0.7,0.0,0.42,,"AWS, Docker, Git, Machine Learning, NLP, NumPy, Pandas, Python, SQL, Scikit-learn","Candidate CAND_1546 shows weak overall alignment (0.7% text similarity, 0.0% skill match). Missing critical requirements: [AWS, Docker, Git, Machine Learning, NLP, NumPy, Pandas, Python, SQL, Scikit-learn]."
1198,CAND_569,BUSINESS-DEVELOPMENT,0.7,0.0,0.42,,"AWS, Docker, Git, Machine Learning, NLP, NumPy, Pandas, Python, SQL, Scikit-learn","Candidate CAND_569 shows weak overall alignment (0.7% text similarity, 0.0% skill match). Missing critical requirements: [AWS, Docker, Git, Machine Learning, NLP, NumPy, Pandas, Python, SQL, Scikit-learn]."
1199,CAND_2083,PUBLIC-RELATIONS,0.7,0.0,0.42,,"AWS, Docker, Git, Machine Learning, NLP, NumPy, Pandas, Python, SQL, Scikit-learn","Candidate CAND_2083 shows weak overall alignment (0.7% text similarity, 0.0% skill match). Missing critical requirements: [AWS, Docker, Git, Machine Learning, NLP, NumPy, Pandas, Python, SQL, Scikit-learn]."
1200,CAND_1505,FINANCE,0.7,0.0,0.42,,"AWS, Docker, Git, Machine Learning, NLP, NumPy, Pandas, Python, SQL, Scikit-learn","Candidate CAND_1505 shows weak overall alignment (0.7% text similarity, 0.0% skill match). Missing critical requirements: [AWS, Docker, Git, Machine Learning, NLP, NumPy, Pandas, Python, SQL, Scikit-learn]."
1201,CAND_2325,ARTS,0.7,0.0,0.42,,"AWS, Docker, Git, Machine Learning, NLP, NumPy, Pandas, Python, SQL, Scikit-learn","Candidate CAND_2325 shows weak overall alignment (0.7% text similarity, 0.0% skill match). Missing critical requirements: [AWS, Docker, Git, Machine Learning, NLP, NumPy, Pandas, Python, SQL, Scikit-learn]."
1202,CAND_176,DESIGNER,0.7,0.0,0.42,,"AWS, Docker, Git, Machine Learning, NLP, NumPy, Pandas, Python, SQL, Scikit-learn","Candidate CAND_176 shows weak overall alignment (0.7% text similarity, 0.0% skill match). Missing critical requirements: [AWS, Docker, Git, Machine Learning, NLP, NumPy, Pandas, Python, SQL, Scikit-learn]."
1203,CAND_850,FITNESS,0.7,0.0,0.42,,"AWS, Docker, Git, Machine Learning, NLP, NumPy, Pandas, Python, SQL, Scikit-learn","Candidate CAND_850 shows weak overall alignment (0.7% text similarity, 0.0% skill match). Missing critical requirements: [AWS, Docker, Git, Machine Learning, NLP, NumPy, Pandas, Python, SQL, Scikit-learn]."
1204,CAND_1958,CONSTRUCTION,0.69,0.0,0.41,,"AWS, Docker, Git, Machine Learning, NLP, NumPy, Pandas, Python, SQL, Scikit-learn","Candidate CAND_1958 shows weak overall alignment (0.69% text similarity, 0.0% skill match). Missing critical requirements: [AWS, Docker, Git, Machine Learning, NLP, NumPy, Pandas, Python, SQL, Scikit-learn]."
1205,CAND_2178,BANKING,0.68,0.0,0.41,,"AWS, Docker, Git, Machine Learning, NLP, NumPy, Pandas, Python, SQL, Scikit-learn","Candidate CAND_2178 shows weak overall alignment (0.68% text similarity, 0.0% skill match). Missing critical requirements: [AWS, Docker, Git, Machine Learning, NLP, NumPy, Pandas, Python, SQL, Scikit-learn]."
1206,CAND_1943,CONSTRUCTION,0.69,0.0,0.41,,"AWS, Docker, Git, Machine Learning, NLP, NumPy, Pandas, Python, SQL, Scikit-learn","Candidate CAND_1943 shows weak overall alignment (0.69% text similarity, 0.0% skill match). Missing critical requirements: [AWS, Docker, Git, Machine Learning, NLP, NumPy, Pandas, Python, SQL, Scikit-learn]."
1207,CAND_1864,ACCOUNTANT,0.69,0.0,0.41,,"AWS, Docker, Git, Machine Learning, NLP, NumPy, Pandas, Python, SQL, Scikit-learn","Candidate CAND_1864 shows weak overall alignment (0.69% text similarity, 0.0% skill match). Missing critical requirements: [AWS, Docker, Git, Machine Learning, NLP, NumPy, Pandas, Python, SQL, Scikit-learn]."
1208,CAND_2111,PUBLIC-RELATIONS,0.68,0.0,0.41,,"AWS, Docker, Git, Machine Learning, NLP, NumPy, Pandas, Python, SQL, Scikit-learn","Candidate CAND_2111 shows weak overall alignment (0.68% text similarity, 0.0% skill match). Missing critical requirements: [AWS, Docker, Git, Machine Learning, NLP, NumPy, Pandas, Python, SQL, Scikit-learn]."
1209,CAND_1242,DIGITAL-MEDIA,0.68,0.0,0.41,,"AWS, Docker, Git, Machine Learning, NLP, NumPy, Pandas, Python, SQL, Scikit-learn","Candidate CAND_1242 shows weak overall alignment (0.68% text similarity, 0.0% skill match). Missing critical requirements: [AWS, Docker, Git, Machine Learning, NLP, NumPy, Pandas, Python, SQL, Scikit-learn]."
1210,CAND_093,HR,0.68,0.0,0.41,,"AWS, Docker, Git, Machine Learning, NLP, NumPy, Pandas, Python, SQL, Scikit-learn","Candidate CAND_093 shows weak overall alignment (0.68% text similarity, 0.0% skill match). Missing critical requirements: [AWS, Docker, Git, Machine Learning, NLP, NumPy, Pandas, Python, SQL, Scikit-learn]."
1211,CAND_095,HR,0.69,0.0,0.41,,"AWS, Docker, Git, Machine Learning, NLP, NumPy, Pandas, Python, SQL, Scikit-learn","Candidate CAND_095 shows weak overall alignment (0.69% text similarity, 0.0% skill match). Missing critical requirements: [AWS, Docker, Git, Machine Learning, NLP, NumPy, Pandas, Python, SQL, Scikit-learn]."
1212,CAND_1082,SALES,0.68,0.0,0.41,,"AWS, Docker, Git, Machine Learning, NLP, NumPy, Pandas, Python, SQL, Scikit-learn","Candidate CAND_1082 shows weak overall alignment (0.68% text similarity, 0.0% skill match). Missing critical requirements: [AWS, Docker, Git, Machine Learning, NLP, NumPy, Pandas, Python, SQL, Scikit-learn]."
1213,CAND_512,ADVOCATE,0.68,0.0,0.41,,"AWS, Docker, Git, Machine Learning, NLP, NumPy, Pandas, Python, SQL, Scikit-learn","Candidate CAND_512 shows weak overall alignment (0.68% text similarity, 0.0% skill match). Missing critical requirements: [AWS, Docker, Git, Machine Learning, NLP, NumPy, Pandas, Python, SQL, Scikit-learn]."
1214,CAND_885,FITNESS,0.67,0.0,0.4,,"AWS, Docker, Git, Machine Learning, NLP, NumPy, Pandas, Python, SQL, Scikit-learn","Candidate CAND_885 shows weak overall alignment (0.67% text similarity, 0.0% skill match). Missing critical requirements: [AWS, Docker, Git, Machine Learning, NLP, NumPy, Pandas, Python, SQL, Scikit-learn]."
1215,CAND_960,AGRICULTURE,0.67,0.0,0.4,,"AWS, Docker, Git, Machine Learning, NLP, NumPy, Pandas, Python, SQL, Scikit-learn","Candidate CAND_960 shows weak overall alignment (0.67% text similarity, 0.0% skill match). Missing critical requirements: [AWS, Docker, Git, Machine Learning, NLP, NumPy, Pandas, Python, SQL, Scikit-learn]."
1216,CAND_1265,DIGITAL-MEDIA,0.66,0.0,0.4,,"AWS, Docker, Git, Machine Learning, NLP, NumPy, Pandas, Python, SQL, Scikit-learn","Candidate CAND_1265 shows weak overall alignment (0.66% text similarity, 0.0% skill match). Missing critical requirements: [AWS, Docker, Git, Machine Learning, NLP, NumPy, Pandas, Python, SQL, Scikit-learn]."
1217,CAND_2445,AVIATION,0.66,0.0,0.4,,"AWS, Docker, Git, Machine Learning, NLP, NumPy, Pandas, Python, SQL, Scikit-learn","Candidate CAND_2445 shows weak overall alignment (0.66% text similarity, 0.0% skill match). Missing critical requirements: [AWS, Docker, Git, Machine Learning, NLP, NumPy, Pandas, Python, SQL, Scikit-learn]."
1218,CAND_1951,CONSTRUCTION,0.66,0.0,0.4,,"AWS, Docker, Git, Machine Learning, NLP, NumPy, Pandas, Python, SQL, Scikit-learn","Candidate CAND_1951 shows weak overall alignment (0.66% text similarity, 0.0% skill match). Missing critical requirements: [AWS, Docker, Git, Machine Learning, NLP, NumPy, Pandas, Python, SQL, Scikit-learn]."
1219,CAND_027,HR,0.66,0.0,0.4,,"AWS, Docker, Git, Machine Learning, NLP, NumPy, Pandas, Python, SQL, Scikit-learn","Candidate CAND_027 shows weak overall alignment (0.66% text similarity, 0.0% skill match). Missing critical requirements: [AWS, Docker, Git, Machine Learning, NLP, NumPy, Pandas, Python, SQL, Scikit-learn]."
1220,CAND_2117,PUBLIC-RELATIONS,0.66,0.0,0.4,,"AWS, Docker, Git, Machine Learning, NLP, NumPy, Pandas, Python, SQL, Scikit-learn","Candidate CAND_2117 shows weak overall alignment (0.66% text similarity, 0.0% skill match). Missing critical requirements: [AWS, Docker, Git, Machine Learning, NLP, NumPy, Pandas, Python, SQL, Scikit-learn]."
1221,CAND_475,ADVOCATE,0.66,0.0,0.4,,"AWS, Docker, Git, Machine Learning, NLP, NumPy, Pandas, Python, SQL, Scikit-learn","Candidate CAND_475 shows weak overall alignment (0.66% text similarity, 0.0% skill match). Missing critical requirements: [AWS, Docker, Git, Machine Learning, NLP, NumPy, Pandas, Python, SQL, Scikit-learn]."
1222,CAND_1618,APPAREL,0.67,0.0,0.4,,"AWS, Docker, Git, Machine Learning, NLP, NumPy, Pandas, Python, SQL, Scikit-learn","Candidate CAND_1618 shows weak overall alignment (0.67% text similarity, 0.0% skill match). Missing critical requirements: [AWS, Docker, Git, Machine Learning, NLP, NumPy, Pandas, Python, SQL, Scikit-learn]."
1223,CAND_1507,FINANCE,0.65,0.0,0.39,,"AWS, Docker, Git, Machine Learning, NLP, NumPy, Pandas, Python, SQL, Scikit-learn","Candidate CAND_1507 shows weak overall alignment (0.65% text similarity, 0.0% skill match). Missing critical requirements: [AWS, Docker, Git, Machine Learning, NLP, NumPy, Pandas, Python, SQL, Scikit-learn]."
1224,CAND_856,FITNESS,0.65,0.0,0.39,,"AWS, Docker, Git, Machine Learning, NLP, NumPy, Pandas, Python, SQL, Scikit-learn","Candidate CAND_856 shows weak overall alignment (0.65% text similarity, 0.0% skill match). Missing critical requirements: [AWS, Docker, Git, Machine Learning, NLP, NumPy, Pandas, Python, SQL, Scikit-learn]."
1225,CAND_2064,PUBLIC-RELATIONS,0.65,0.0,0.39,,"AWS, Docker, Git, Machine Learning, NLP, NumPy, Pandas, Python, SQL, Scikit-learn","Candidate CAND_2064 shows weak overall alignment (0.65% text similarity, 0.0% skill match). Missing critical requirements: [AWS, Docker, Git, Machine Learning, NLP, NumPy, Pandas, Python, SQL, Scikit-learn]."
1226,CAND_1904,ACCOUNTANT,0.65,0.0,0.39,,"AWS, Docker, Git, Machine Learning, NLP, NumPy, Pandas, Python, SQL, Scikit-learn","Candidate CAND_1904 shows weak overall alignment (0.65% text similarity, 0.0% skill match). Missing critical requirements: [AWS, Docker, Git, Machine Learning, NLP, NumPy, Pandas, Python, SQL, Scikit-learn]."
1227,CAND_1896,ACCOUNTANT,0.65,0.0,0.39,,"AWS, Docker, Git, Machine Learning, NLP, NumPy, Pandas, Python, SQL, Scikit-learn","Candidate CAND_1896 shows weak overall alignment (0.65% text similarity, 0.0% skill match). Missing critical requirements: [AWS, Docker, Git, Machine Learning, NLP, NumPy, Pandas, Python, SQL, Scikit-learn]."
1228,CAND_2154,BANKING,0.65,0.0,0.39,,"AWS, Docker, Git, Machine Learning, NLP, NumPy, Pandas, Python, SQL, Scikit-learn","Candidate CAND_2154 shows weak overall alignment (0.65% text similarity, 0.0% skill match). Missing critical requirements: [AWS, Docker, Git, Machine Learning, NLP, NumPy, Pandas, Python, SQL, Scikit-learn]."
1229,CAND_579,BUSINESS-DEVELOPMENT,0.64,0.0,0.38,,"AWS, Docker, Git, Machine Learning, NLP, NumPy, Pandas, Python, SQL, Scikit-learn","Candidate CAND_579 shows weak overall alignment (0.64% text similarity, 0.0% skill match). Missing critical requirements: [AWS, Docker, Git, Machine Learning, NLP, NumPy, Pandas, Python, SQL, Scikit-learn]."
1230,CAND_1532,FINANCE,0.63,0.0,0.38,,"AWS, Docker, Git, Machine Learning, NLP, NumPy, Pandas, Python, SQL, Scikit-learn","Candidate CAND_1532 shows weak overall alignment (0.63% text similarity, 0.0% skill match). Missing critical requirements: [AWS, Docker, Git, Machine Learning, NLP, NumPy, Pandas, Python, SQL, Scikit-learn]."
1231,CAND_1990,CONSTRUCTION,0.64,0.0,0.38,,"AWS, Docker, Git, Machine Learning, NLP, NumPy, Pandas, Python, SQL, Scikit-learn","Candidate CAND_1990 shows weak overall alignment (0.64% text similarity, 0.0% skill match). Missing critical requirements: [AWS, Docker, Git, Machine Learning, NLP, NumPy, Pandas, Python, SQL, Scikit-learn]."
1232,CAND_585,BUSINESS-DEVELOPMENT,0.63,0.0,0.38,,"AWS, Docker, Git, Machine Learning, NLP, NumPy, Pandas, Python, SQL, Scikit-learn","Candidate CAND_585 shows weak overall alignment (0.63% text similarity, 0.0% skill match). Missing critical requirements: [AWS, Docker, Git, Machine Learning, NLP, NumPy, Pandas, Python, SQL, Scikit-learn]."
1233,CAND_1287,DIGITAL-MEDIA,0.63,0.0,0.38,,"AWS, Docker, Git, Machine Learning, NLP, NumPy, Pandas, Python, SQL, Scikit-learn","Candidate CAND_1287 shows weak overall alignment (0.63% text similarity, 0.0% skill match). Missing critical requirements: [AWS, Docker, Git, Machine Learning, NLP, NumPy, Pandas, Python, SQL, Scikit-learn]."
1234,CAND_1470,CHEF,0.63,0.0,0.38,,"AWS, Docker, Git, Machine Learning, NLP, NumPy, Pandas, Python, SQL, Scikit-learn","Candidate CAND_1470 shows weak overall alignment (0.63% text similarity, 0.0% skill match). Missing critical requirements: [AWS, Docker, Git, Machine Learning, NLP, NumPy, Pandas, Python, SQL, Scikit-learn]."
1235,CAND_2072,PUBLIC-RELATIONS,0.63,0.0,0.38,,"AWS, Docker, Git, Machine Learning, NLP, NumPy, Pandas, Python, SQL, Scikit-learn","Candidate CAND_2072 shows weak overall alignment (0.63% text similarity, 0.0% skill match). Missing critical requirements: [AWS, Docker, Git, Machine Learning, NLP, NumPy, Pandas, Python, SQL, Scikit-learn]."
1236,CAND_1671,APPAREL,0.64,0.0,0.38,,"AWS, Docker, Git, Machine Learning, NLP, NumPy, Pandas, Python, SQL, Scikit-learn","Candidate CAND_1671 shows weak overall alignment (0.64% text similarity, 0.0% skill match). Missing critical requirements: [AWS, Docker, Git, Machine Learning, NLP, NumPy, Pandas, Python, SQL, Scikit-learn]."
1237,CAND_294,INFORMATION-TECHNOLOGY,0.63,0.0,0.38,,"AWS, Docker, Git, Machine Learning, NLP, NumPy, Pandas, Python, SQL, Scikit-learn","Candidate CAND_294 shows weak overall alignment (0.63% text similarity, 0.0% skill match). Missing critical requirements: [AWS, Docker, Git, Machine Learning, NLP, NumPy, Pandas, Python, SQL, Scikit-learn]."
1238,CAND_238,INFORMATION-TECHNOLOGY,0.63,0.0,0.38,,"AWS, Docker, Git, Machine Learning, NLP, NumPy, Pandas, Python, SQL, Scikit-learn","Candidate CAND_238 shows weak overall alignment (0.63% text similarity, 0.0% skill match). Missing critical requirements: [AWS, Docker, Git, Machine Learning, NLP, NumPy, Pandas, Python, SQL, Scikit-learn]."
1239,CAND_647,BUSINESS-DEVELOPMENT,0.64,0.0,0.38,,"AWS, Docker, Git, Machine Learning, NLP, NumPy, Pandas, Python, SQL, Scikit-learn","Candidate CAND_647 shows weak overall alignment (0.64% text similarity, 0.0% skill match). Missing critical requirements: [AWS, Docker, Git, Machine Learning, NLP, NumPy, Pandas, Python, SQL, Scikit-learn]."
1240,CAND_1577,FINANCE,0.64,0.0,0.38,,"AWS, Docker, Git, Machine Learning, NLP, NumPy, Pandas, Python, SQL, Scikit-learn","Candidate CAND_1577 shows weak overall alignment (0.64% text similarity, 0.0% skill match). Missing critical requirements: [AWS, Docker, Git, Machine Learning, NLP, NumPy, Pandas, Python, SQL, Scikit-learn]."
1241,CAND_1348,AUTOMOBILE,0.64,0.0,0.38,,"AWS, Docker, Git, Machine Learning, NLP, NumPy, Pandas, Python, SQL, Scikit-learn","Candidate CAND_1348 shows weak overall alignment (0.64% text similarity, 0.0% skill match). Missing critical requirements: [AWS, Docker, Git, Machine Learning, NLP, NumPy, Pandas, Python, SQL, Scikit-learn]."
1242,CAND_883,FITNESS,0.61,0.0,0.37,,"AWS, Docker, Git, Machine Learning, NLP, NumPy, Pandas, Python, SQL, Scikit-learn","Candidate CAND_883 shows weak overall alignment (0.61% text similarity, 0.0% skill match). Missing critical requirements: [AWS, Docker, Git, Machine Learning, NLP, NumPy, Pandas, Python, SQL, Scikit-learn]."
1243,CAND_868,FITNESS,0.62,0.0,0.37,,"AWS, Docker, Git, Machine Learning, NLP, NumPy, Pandas, Python, SQL, Scikit-learn","Candidate CAND_868 shows weak overall alignment (0.62% text similarity, 0.0% skill match). Missing critical requirements: [AWS, Docker, Git, Machine Learning, NLP, NumPy, Pandas, Python, SQL, Scikit-learn]."
1244,CAND_2388,AVIATION,0.62,0.0,0.37,,"AWS, Docker, Git, Machine Learning, NLP, NumPy, Pandas, Python, SQL, Scikit-learn","Candidate CAND_2388 shows weak overall alignment (0.62% text similarity, 0.0% skill match). Missing critical requirements: [AWS, Docker, Git, Machine Learning, NLP, NumPy, Pandas, Python, SQL, Scikit-learn]."
1245,CAND_782,HEALTHCARE,0.61,0.0,0.37,,"AWS, Docker, Git, Machine Learning, NLP, NumPy, Pandas, Python, SQL, Scikit-learn","Candidate CAND_782 shows weak overall alignment (0.61% text similarity, 0.0% skill match). Missing critical requirements: [AWS, Docker, Git, Machine Learning, NLP, NumPy, Pandas, Python, SQL, Scikit-learn]."
1246,CAND_1829,ACCOUNTANT,0.61,0.0,0.37,,"AWS, Docker, Git, Machine Learning, NLP, NumPy, Pandas, Python, SQL, Scikit-learn","Candidate CAND_1829 shows weak overall alignment (0.61% text similarity, 0.0% skill match). Missing critical requirements: [AWS, Docker, Git, Machine Learning, NLP, NumPy, Pandas, Python, SQL, Scikit-learn]."
1247,CAND_1483,FINANCE,0.61,0.0,0.37,,"AWS, Docker, Git, Machine Learning, NLP, NumPy, Pandas, Python, SQL, Scikit-learn","Candidate CAND_1483 shows weak overall alignment (0.61% text similarity, 0.0% skill match). Missing critical requirements: [AWS, Docker, Git, Machine Learning, NLP, NumPy, Pandas, Python, SQL, Scikit-learn]."
1248,CAND_1346,AUTOMOBILE,0.61,0.0,0.37,,"AWS, Docker, Git, Machine Learning, NLP, NumPy, Pandas, Python, SQL, Scikit-learn","Candidate CAND_1346 shows weak overall alignment (0.61% text similarity, 0.0% skill match). Missing critical requirements: [AWS, Docker, Git, Machine Learning, NLP, NumPy, Pandas, Python, SQL, Scikit-learn]."
1249,CAND_1247,DIGITAL-MEDIA,0.62,0.0,0.37,,"AWS, Docker, Git, Machine Learning, NLP, NumPy, Pandas, Python, SQL, Scikit-learn","Candidate CAND_1247 shows weak overall alignment (0.62% text similarity, 0.0% skill match). Missing critical requirements: [AWS, Docker, Git, Machine Learning, NLP, NumPy, Pandas, Python, SQL, Scikit-learn]."
1250,CAND_1995,CONSTRUCTION,0.61,0.0,0.37,,"AWS, Docker, Git, Machine Learning, NLP, NumPy, Pandas, Python, SQL, Scikit-learn","Candidate CAND_1995 shows weak overall alignment (0.61% text similarity, 0.0% skill match). Missing critical requirements: [AWS, Docker, Git, Machine Learning, NLP, NumPy, Pandas, Python, SQL, Scikit-learn]."
1251,CAND_023,HR,0.62,0.0,0.37,,"AWS, Docker, Git, Machine Learning, NLP, NumPy, Pandas, Python, SQL, Scikit-learn","Candidate CAND_023 shows weak overall alignment (0.62% text similarity, 0.0% skill match). Missing critical requirements: [AWS, Docker, Git, Machine Learning, NLP, NumPy, Pandas, Python, SQL, Scikit-learn]."
1252,CAND_1233,DIGITAL-MEDIA,0.61,0.0,0.37,,"AWS, Docker, Git, Machine Learning, NLP, NumPy, Pandas, Python, SQL, Scikit-learn","Candidate CAND_1233 shows weak overall alignment (0.61% text similarity, 0.0% skill match). Missing critical requirements: [AWS, Docker, Git, Machine Learning, NLP, NumPy, Pandas, Python, SQL, Scikit-learn]."
1253,CAND_2168,BANKING,0.6,0.0,0.36,,"AWS, Docker, Git, Machine Learning, NLP, NumPy, Pandas, Python, SQL, Scikit-learn","Candidate CAND_2168 shows weak overall alignment (0.6% text similarity, 0.0% skill match). Missing critical requirements: [AWS, Docker, Git, Machine Learning, NLP, NumPy, Pandas, Python, SQL, Scikit-learn]."
1254,CAND_1873,ACCOUNTANT,0.6,0.0,0.36,,"AWS, Docker, Git, Machine Learning, NLP, NumPy, Pandas, Python, SQL, Scikit-learn","Candidate CAND_1873 shows weak overall alignment (0.6% text similarity, 0.0% skill match). Missing critical requirements: [AWS, Docker, Git, Machine Learning, NLP, NumPy, Pandas, Python, SQL, Scikit-learn]."
1255,CAND_1964,CONSTRUCTION,0.6,0.0,0.36,,"AWS, Docker, Git, Machine Learning, NLP, NumPy, Pandas, Python, SQL, Scikit-learn","Candidate CAND_1964 shows weak overall alignment (0.6% text similarity, 0.0% skill match). Missing critical requirements: [AWS, Docker, Git, Machine Learning, NLP, NumPy, Pandas, Python, SQL, Scikit-learn]."
1256,CAND_2114,PUBLIC-RELATIONS,0.6,0.0,0.36,,"AWS, Docker, Git, Machine Learning, NLP, NumPy, Pandas, Python, SQL, Scikit-learn","Candidate CAND_2114 shows weak overall alignment (0.6% text similarity, 0.0% skill match). Missing critical requirements: [AWS, Docker, Git, Machine Learning, NLP, NumPy, Pandas, Python, SQL, Scikit-learn]."
1257,CAND_835,FITNESS,0.58,0.0,0.35,,"AWS, Docker, Git, Machine Learning, NLP, NumPy, Pandas, Python, SQL, Scikit-learn","Candidate CAND_835 shows weak overall alignment (0.58% text similarity, 0.0% skill match). Missing critical requirements: [AWS, Docker, Git, Machine Learning, NLP, NumPy, Pandas, Python, SQL, Scikit-learn]."
1258,CAND_2265,ARTS,0.59,0.0,0.35,,"AWS, Docker, Git, Machine Learning, NLP, NumPy, Pandas, Python, SQL, Scikit-learn","Candidate CAND_2265 shows weak overall alignment (0.59% text similarity, 0.0% skill match). Missing critical requirements: [AWS, Docker, Git, Machine Learning, NLP, NumPy, Pandas, Python, SQL, Scikit-learn]."
1259,CAND_2023,CONSTRUCTION,0.58,0.0,0.35,,"AWS, Docker, Git, Machine Learning, NLP, NumPy, Pandas, Python, SQL, Scikit-learn","Candidate CAND_2023 shows weak overall alignment (0.58% text similarity, 0.0% skill match). Missing critical requirements: [AWS, Docker, Git, Machine Learning, NLP, NumPy, Pandas, Python, SQL, Scikit-learn]."
1260,CAND_1680,APPAREL,0.59,0.0,0.35,,"AWS, Docker, Git, Machine Learning, NLP, NumPy, Pandas, Python, SQL, Scikit-learn","Candidate CAND_1680 shows weak overall alignment (0.59% text similarity, 0.0% skill match). Missing critical requirements: [AWS, Docker, Git, Machine Learning, NLP, NumPy, Pandas, Python, SQL, Scikit-learn]."
1261,CAND_1012,SALES,0.59,0.0,0.35,,"AWS, Docker, Git, Machine Learning, NLP, NumPy, Pandas, Python, SQL, Scikit-learn","Candidate CAND_1012 shows weak overall alignment (0.59% text similarity, 0.0% skill match). Missing critical requirements: [AWS, Docker, Git, Machine Learning, NLP, NumPy, Pandas, Python, SQL, Scikit-learn]."
1262,CAND_1187,CONSULTANT,0.58,0.0,0.35,,"AWS, Docker, Git, Machine Learning, NLP, NumPy, Pandas, Python, SQL, Scikit-learn","Candidate CAND_1187 shows weak overall alignment (0.58% text similarity, 0.0% skill match). Missing critical requirements: [AWS, Docker, Git, Machine Learning, NLP, NumPy, Pandas, Python, SQL, Scikit-learn]."
1263,CAND_2480,AVIATION,0.59,0.0,0.35,,"AWS, Docker, Git, Machine Learning, NLP, NumPy, Pandas, Python, SQL, Scikit-learn","Candidate CAND_2480 shows weak overall alignment (0.59% text similarity, 0.0% skill match). Missing critical requirements: [AWS, Docker, Git, Machine Learning, NLP, NumPy, Pandas, Python, SQL, Scikit-learn]."
1264,CAND_1339,AUTOMOBILE,0.58,0.0,0.35,,"AWS, Docker, Git, Machine Learning, NLP, NumPy, Pandas, Python, SQL, Scikit-learn","Candidate CAND_1339 shows weak overall alignment (0.58% text similarity, 0.0% skill match). Missing critical requirements: [AWS, Docker, Git, Machine Learning, NLP, NumPy, Pandas, Python, SQL, Scikit-learn]."
1265,CAND_208,DESIGNER,0.58,0.0,0.35,,"AWS, Docker, Git, Machine Learning, NLP, NumPy, Pandas, Python, SQL, Scikit-learn","Candidate CAND_208 shows weak overall alignment (0.58% text similarity, 0.0% skill match). Missing critical requirements: [AWS, Docker, Git, Machine Learning, NLP, NumPy, Pandas, Python, SQL, Scikit-learn]."
1266,CAND_1399,CHEF,0.59,0.0,0.35,,"AWS, Docker, Git, Machine Learning, NLP, NumPy, Pandas, Python, SQL, Scikit-learn","Candidate CAND_1399 shows weak overall alignment (0.59% text similarity, 0.0% skill match). Missing critical requirements: [AWS, Docker, Git, Machine Learning, NLP, NumPy, Pandas, Python, SQL, Scikit-learn]."
1267,CAND_1515,FINANCE,0.59,0.0,0.35,,"AWS, Docker, Git, Machine Learning, NLP, NumPy, Pandas, Python, SQL, Scikit-learn","Candidate CAND_1515 shows weak overall alignment (0.59% text similarity, 0.0% skill match). Missing critical requirements: [AWS, Docker, Git, Machine Learning, NLP, NumPy, Pandas, Python, SQL, Scikit-learn]."
1268,CAND_2100,PUBLIC-RELATIONS,0.59,0.0,0.35,,"AWS, Docker, Git, Machine Learning, NLP, NumPy, Pandas, Python, SQL, Scikit-learn","Candidate CAND_2100 shows weak overall alignment (0.59% text similarity, 0.0% skill match). Missing critical requirements: [AWS, Docker, Git, Machine Learning, NLP, NumPy, Pandas, Python, SQL, Scikit-learn]."
1269,CAND_1840,ACCOUNTANT,0.58,0.0,0.35,,"AWS, Docker, Git, Machine Learning, NLP, NumPy, Pandas, Python, SQL, Scikit-learn","Candidate CAND_1840 shows weak overall alignment (0.58% text similarity, 0.0% skill match). Missing critical requirements: [AWS, Docker, Git, Machine Learning, NLP, NumPy, Pandas, Python, SQL, Scikit-learn]."
1270,CAND_1861,ACCOUNTANT,0.57,0.0,0.34,,"AWS, Docker, Git, Machine Learning, NLP, NumPy, Pandas, Python, SQL, Scikit-learn","Candidate CAND_1861 shows weak overall alignment (0.57% text similarity, 0.0% skill match). Missing critical requirements: [AWS, Docker, Git, Machine Learning, NLP, NumPy, Pandas, Python, SQL, Scikit-learn]."
1271,CAND_1843,ACCOUNTANT,0.56,0.0,0.34,,"AWS, Docker, Git, Machine Learning, NLP, NumPy, Pandas, Python, SQL, Scikit-learn","Candidate CAND_1843 shows weak overall alignment (0.56% text similarity, 0.0% skill match). Missing critical requirements: [AWS, Docker, Git, Machine Learning, NLP, NumPy, Pandas, Python, SQL, Scikit-learn]."
1272,CAND_2001,CONSTRUCTION,0.57,0.0,0.34,,"AWS, Docker, Git, Machine Learning, NLP, NumPy, Pandas, Python, SQL, Scikit-learn","Candidate CAND_2001 shows weak overall alignment (0.57% text similarity, 0.0% skill match). Missing critical requirements: [AWS, Docker, Git, Machine Learning, NLP, NumPy, Pandas, Python, SQL, Scikit-learn]."
1273,CAND_471,ADVOCATE,0.57,0.0,0.34,,"AWS, Docker, Git, Machine Learning, NLP, NumPy, Pandas, Python, SQL, Scikit-learn","Candidate CAND_471 shows weak overall alignment (0.57% text similarity, 0.0% skill match). Missing critical requirements: [AWS, Docker, Git, Machine Learning, NLP, NumPy, Pandas, Python, SQL, Scikit-learn]."
1274,CAND_1993,CONSTRUCTION,0.56,0.0,0.34,,"AWS, Docker, Git, Machine Learning, NLP, NumPy, Pandas, Python, SQL, Scikit-learn","Candidate CAND_1993 shows weak overall alignment (0.56% text similarity, 0.0% skill match). Missing critical requirements: [AWS, Docker, Git, Machine Learning, NLP, NumPy, Pandas, Python, SQL, Scikit-learn]."
1275,CAND_005,HR,0.56,0.0,0.34,,"AWS, Docker, Git, Machine Learning, NLP, NumPy, Pandas, Python, SQL, Scikit-learn","Candidate CAND_005 shows weak overall alignment (0.56% text similarity, 0.0% skill match). Missing critical requirements: [AWS, Docker, Git, Machine Learning, NLP, NumPy, Pandas, Python, SQL, Scikit-learn]."
1276,CAND_862,FITNESS,0.57,0.0,0.34,,"AWS, Docker, Git, Machine Learning, NLP, NumPy, Pandas, Python, SQL, Scikit-learn","Candidate CAND_862 shows weak overall alignment (0.57% text similarity, 0.0% skill match). Missing critical requirements: [AWS, Docker, Git, Machine Learning, NLP, NumPy, Pandas, Python, SQL, Scikit-learn]."
1277,CAND_2334,ARTS,0.57,0.0,0.34,,"AWS, Docker, Git, Machine Learning, NLP, NumPy, Pandas, Python, SQL, Scikit-learn","Candidate CAND_2334 shows weak overall alignment (0.57% text similarity, 0.0% skill match). Missing critical requirements: [AWS, Docker, Git, Machine Learning, NLP, NumPy, Pandas, Python, SQL, Scikit-learn]."
1278,CAND_892,FITNESS,0.56,0.0,0.34,,"AWS, Docker, Git, Machine Learning, NLP, NumPy, Pandas, Python, SQL, Scikit-learn","Candidate CAND_892 shows weak overall alignment (0.56% text similarity, 0.0% skill match). Missing critical requirements: [AWS, Docker, Git, Machine Learning, NLP, NumPy, Pandas, Python, SQL, Scikit-learn]."
1279,CAND_1146,CONSULTANT,0.57,0.0,0.34,,"AWS, Docker, Git, Machine Learning, NLP, NumPy, Pandas, Python, SQL, Scikit-learn","Candidate CAND_1146 shows weak overall alignment (0.57% text similarity, 0.0% skill match). Missing critical requirements: [AWS, Docker, Git, Machine Learning, NLP, NumPy, Pandas, Python, SQL, Scikit-learn]."
1280,CAND_678,HEALTHCARE,0.55,0.0,0.33,,"AWS, Docker, Git, Machine Learning, NLP, NumPy, Pandas, Python, SQL, Scikit-learn","Candidate CAND_678 shows weak overall alignment (0.55% text similarity, 0.0% skill match). Missing critical requirements: [AWS, Docker, Git, Machine Learning, NLP, NumPy, Pandas, Python, SQL, Scikit-learn]."
1281,CAND_1679,APPAREL,0.54,0.0,0.32,,"AWS, Docker, Git, Machine Learning, NLP, NumPy, Pandas, Python, SQL, Scikit-learn","Candidate CAND_1679 shows weak overall alignment (0.54% text similarity, 0.0% skill match). Missing critical requirements: [AWS, Docker, Git, Machine Learning, NLP, NumPy, Pandas, Python, SQL, Scikit-learn]."
1282,CAND_928,AGRICULTURE,0.53,0.0,0.32,,"AWS, Docker, Git, Machine Learning, NLP, NumPy, Pandas, Python, SQL, Scikit-learn","Candidate CAND_928 shows weak overall alignment (0.53% text similarity, 0.0% skill match). Missing critical requirements: [AWS, Docker, Git, Machine Learning, NLP, NumPy, Pandas, Python, SQL, Scikit-learn]."
1283,CAND_1366,CHEF,0.54,0.0,0.32,,"AWS, Docker, Git, Machine Learning, NLP, NumPy, Pandas, Python, SQL, Scikit-learn","Candidate CAND_1366 shows weak overall alignment (0.54% text similarity, 0.0% skill match). Missing critical requirements: [AWS, Docker, Git, Machine Learning, NLP, NumPy, Pandas, Python, SQL, Scikit-learn]."
1284,CAND_645,BUSINESS-DEVELOPMENT,0.54,0.0,0.32,,"AWS, Docker, Git, Machine Learning, NLP, NumPy, Pandas, Python, SQL, Scikit-learn","Candidate CAND_645 shows weak overall alignment (0.54% text similarity, 0.0% skill match). Missing critical requirements: [AWS, Docker, Git, Machine Learning, NLP, NumPy, Pandas, Python, SQL, Scikit-learn]."
1285,CAND_1236,DIGITAL-MEDIA,0.54,0.0,0.32,,"AWS, Docker, Git, Machine Learning, NLP, NumPy, Pandas, Python, SQL, Scikit-learn","Candidate CAND_1236 shows weak overall alignment (0.54% text similarity, 0.0% skill match). Missing critical requirements: [AWS, Docker, Git, Machine Learning, NLP, NumPy, Pandas, Python, SQL, Scikit-learn]."
1286,CAND_1600,APPAREL,0.54,0.0,0.32,,"AWS, Docker, Git, Machine Learning, NLP, NumPy, Pandas, Python, SQL, Scikit-learn","Candidate CAND_1600 shows weak overall alignment (0.54% text similarity, 0.0% skill match). Missing critical requirements: [AWS, Docker, Git, Machine Learning, NLP, NumPy, Pandas, Python, SQL, Scikit-learn]."
1287,CAND_1868,ACCOUNTANT,0.54,0.0,0.32,,"AWS, Docker, Git, Machine Learning, NLP, NumPy, Pandas, Python, SQL, Scikit-learn","Candidate CAND_1868 shows weak overall alignment (0.54% text similarity, 0.0% skill match). Missing critical requirements: [AWS, Docker, Git, Machine Learning, NLP, NumPy, Pandas, Python, SQL, Scikit-learn]."
1288,CAND_1601,APPAREL,0.52,0.0,0.31,,"AWS, Docker, Git, Machine Learning, NLP, NumPy, Pandas, Python, SQL, Scikit-learn","Candidate CAND_1601 shows weak overall alignment (0.52% text similarity, 0.0% skill match). Missing critical requirements: [AWS, Docker, Git, Machine Learning, NLP, NumPy, Pandas, Python, SQL, Scikit-learn]."
1289,CAND_256,INFORMATION-TECHNOLOGY,0.51,0.0,0.31,,"AWS, Docker, Git, Machine Learning, NLP, NumPy, Pandas, Python, SQL, Scikit-learn","Candidate CAND_256 shows weak overall alignment (0.51% text similarity, 0.0% skill match). Missing critical requirements: [AWS, Docker, Git, Machine Learning, NLP, NumPy, Pandas, Python, SQL, Scikit-learn]."
1290,CAND_2235,BANKING,0.52,0.0,0.31,,"AWS, Docker, Git, Machine Learning, NLP, NumPy, Pandas, Python, SQL, Scikit-learn","Candidate CAND_2235 shows weak overall alignment (0.52% text similarity, 0.0% skill match). Missing critical requirements: [AWS, Docker, Git, Machine Learning, NLP, NumPy, Pandas, Python, SQL, Scikit-learn]."
1291,CAND_008,HR,0.52,0.0,0.31,,"AWS, Docker, Git, Machine Learning, NLP, NumPy, Pandas, Python, SQL, Scikit-learn","Candidate CAND_008 shows weak overall alignment (0.52% text similarity, 0.0% skill match). Missing critical requirements: [AWS, Docker, Git, Machine Learning, NLP, NumPy, Pandas, Python, SQL, Scikit-learn]."
1292,CAND_792,HEALTHCARE,0.52,0.0,0.31,,"AWS, Docker, Git, Machine Learning, NLP, NumPy, Pandas, Python, SQL, Scikit-learn","Candidate CAND_792 shows weak overall alignment (0.52% text similarity, 0.0% skill match). Missing critical requirements: [AWS, Docker, Git, Machine Learning, NLP, NumPy, Pandas, Python, SQL, Scikit-learn]."
1293,CAND_1327,AUTOMOBILE,0.51,0.0,0.31,,"AWS, Docker, Git, Machine Learning, NLP, NumPy, Pandas, Python, SQL, Scikit-learn","Candidate CAND_1327 shows weak overall alignment (0.51% text similarity, 0.0% skill match). Missing critical requirements: [AWS, Docker, Git, Machine Learning, NLP, NumPy, Pandas, Python, SQL, Scikit-learn]."
1294,CAND_1595,APPAREL,0.52,0.0,0.31,,"AWS, Docker, Git, Machine Learning, NLP, NumPy, Pandas, Python, SQL, Scikit-learn","Candidate CAND_1595 shows weak overall alignment (0.52% text similarity, 0.0% skill match). Missing critical requirements: [AWS, Docker, Git, Machine Learning, NLP, NumPy, Pandas, Python, SQL, Scikit-learn]."
1295,CAND_1038,SALES,0.51,0.0,0.31,,"AWS, Docker, Git, Machine Learning, NLP, NumPy, Pandas, Python, SQL, Scikit-learn","Candidate CAND_1038 shows weak overall alignment (0.51% text similarity, 0.0% skill match). Missing critical requirements: [AWS, Docker, Git, Machine Learning, NLP, NumPy, Pandas, Python, SQL, Scikit-learn]."
1296,CAND_1898,ACCOUNTANT,0.5,0.0,0.3,,"AWS, Docker, Git, Machine Learning, NLP, NumPy, Pandas, Python, SQL, Scikit-learn","Candidate CAND_1898 shows weak overall alignment (0.5% text similarity, 0.0% skill match). Missing critical requirements: [AWS, Docker, Git, Machine Learning, NLP, NumPy, Pandas, Python, SQL, Scikit-learn]."
1297,CAND_2016,CONSTRUCTION,0.5,0.0,0.3,,"AWS, Docker, Git, Machine Learning, NLP, NumPy, Pandas, Python, SQL, Scikit-learn","Candidate CAND_2016 shows weak overall alignment (0.5% text similarity, 0.0% skill match). Missing critical requirements: [AWS, Docker, Git, Machine Learning, NLP, NumPy, Pandas, Python, SQL, Scikit-learn]."
1298,CAND_2099,PUBLIC-RELATIONS,0.5,0.0,0.3,,"AWS, Docker, Git, Machine Learning, NLP, NumPy, Pandas, Python, SQL, Scikit-learn","Candidate CAND_2099 shows weak overall alignment (0.5% text similarity, 0.0% skill match). Missing critical requirements: [AWS, Docker, Git, Machine Learning, NLP, NumPy, Pandas, Python, SQL, Scikit-learn]."
1299,CAND_720,HEALTHCARE,0.49,0.0,0.29,,"AWS, Docker, Git, Machine Learning, NLP, NumPy, Pandas, Python, SQL, Scikit-learn","Candidate CAND_720 shows weak overall alignment (0.49% text similarity, 0.0% skill match). Missing critical requirements: [AWS, Docker, Git, Machine Learning, NLP, NumPy, Pandas, Python, SQL, Scikit-learn]."
1300,CAND_1360,CHEF,0.48,0.0,0.29,,"AWS, Docker, Git, Machine Learning, NLP, NumPy, Pandas, Python, SQL, Scikit-learn","Candidate CAND_1360 shows weak overall alignment (0.48% text similarity, 0.0% skill match). Missing critical requirements: [AWS, Docker, Git, Machine Learning, NLP, NumPy, Pandas, Python, SQL, Scikit-learn]."
1301,CAND_573,BUSINESS-DEVELOPMENT,0.49,0.0,0.29,,"AWS, Docker, Git, Machine Learning, NLP, NumPy, Pandas, Python, SQL, Scikit-learn","Candidate CAND_573 shows weak overall alignment (0.49% text similarity, 0.0% skill match). Missing critical requirements: [AWS, Docker, Git, Machine Learning, NLP, NumPy, Pandas, Python, SQL, Scikit-learn]."
1302,CAND_2467,AVIATION,0.49,0.0,0.29,,"AWS, Docker, Git, Machine Learning, NLP, NumPy, Pandas, Python, SQL, Scikit-learn","Candidate CAND_2467 shows weak overall alignment (0.49% text similarity, 0.0% skill match). Missing critical requirements: [AWS, Docker, Git, Machine Learning, NLP, NumPy, Pandas, Python, SQL, Scikit-learn]."
1303,CAND_754,HEALTHCARE,0.48,0.0,0.29,,"AWS, Docker, Git, Machine Learning, NLP, NumPy, Pandas, Python, SQL, Scikit-learn","Candidate CAND_754 shows weak overall alignment (0.48% text similarity, 0.0% skill match). Missing critical requirements: [AWS, Docker, Git, Machine Learning, NLP, NumPy, Pandas, Python, SQL, Scikit-learn]."
1304,CAND_1413,CHEF,0.49,0.0,0.29,,"AWS, Docker, Git, Machine Learning, NLP, NumPy, Pandas, Python, SQL, Scikit-learn","Candidate CAND_1413 shows weak overall alignment (0.49% text similarity, 0.0% skill match). Missing critical requirements: [AWS, Docker, Git, Machine Learning, NLP, NumPy, Pandas, Python, SQL, Scikit-learn]."
1305,CAND_802,FITNESS,0.48,0.0,0.29,,"AWS, Docker, Git, Machine Learning, NLP, NumPy, Pandas, Python, SQL, Scikit-learn","Candidate CAND_802 shows weak overall alignment (0.48% text similarity, 0.0% skill match). Missing critical requirements: [AWS, Docker, Git, Machine Learning, NLP, NumPy, Pandas, Python, SQL, Scikit-learn]."
1306,CAND_2288,ARTS,0.49,0.0,0.29,,"AWS, Docker, Git, Machine Learning, NLP, NumPy, Pandas, Python, SQL, Scikit-learn","Candidate CAND_2288 shows weak overall alignment (0.49% text similarity, 0.0% skill match). Missing critical requirements: [AWS, Docker, Git, Machine Learning, NLP, NumPy, Pandas, Python, SQL, Scikit-learn]."
1307,CAND_1098,SALES,0.49,0.0,0.29,,"AWS, Docker, Git, Machine Learning, NLP, NumPy, Pandas, Python, SQL, Scikit-learn","Candidate CAND_1098 shows weak overall alignment (0.49% text similarity, 0.0% skill match). Missing critical requirements: [AWS, Docker, Git, Machine Learning, NLP, NumPy, Pandas, Python, SQL, Scikit-learn]."
1308,CAND_034,HR,0.49,0.0,0.29,,"AWS, Docker, Git, Machine Learning, NLP, NumPy, Pandas, Python, SQL, Scikit-learn","Candidate CAND_034 shows weak overall alignment (0.49% text similarity, 0.0% skill match). Missing critical requirements: [AWS, Docker, Git, Machine Learning, NLP, NumPy, Pandas, Python, SQL, Scikit-learn]."
1309,CAND_1140,CONSULTANT,0.46,0.0,0.28,,"AWS, Docker, Git, Machine Learning, NLP, NumPy, Pandas, Python, SQL, Scikit-learn","Candidate CAND_1140 shows weak overall alignment (0.46% text similarity, 0.0% skill match). Missing critical requirements: [AWS, Docker, Git, Machine Learning, NLP, NumPy, Pandas, Python, SQL, Scikit-learn]."
1310,CAND_1103,SALES,0.46,0.0,0.28,,"AWS, Docker, Git, Machine Learning, NLP, NumPy, Pandas, Python, SQL, Scikit-learn","Candidate CAND_1103 shows weak overall alignment (0.46% text similarity, 0.0% skill match). Missing critical requirements: [AWS, Docker, Git, Machine Learning, NLP, NumPy, Pandas, Python, SQL, Scikit-learn]."
1311,CAND_955,AGRICULTURE,0.47,0.0,0.28,,"AWS, Docker, Git, Machine Learning, NLP, NumPy, Pandas, Python, SQL, Scikit-learn","Candidate CAND_955 shows weak overall alignment (0.47% text similarity, 0.0% skill match). Missing critical requirements: [AWS, Docker, Git, Machine Learning, NLP, NumPy, Pandas, Python, SQL, Scikit-learn]."
1312,CAND_2231,BANKING,0.46,0.0,0.28,,"AWS, Docker, Git, Machine Learning, NLP, NumPy, Pandas, Python, SQL, Scikit-learn","Candidate CAND_2231 shows weak overall alignment (0.46% text similarity, 0.0% skill match). Missing critical requirements: [AWS, Docker, Git, Machine Learning, NLP, NumPy, Pandas, Python, SQL, Scikit-learn]."
1313,CAND_2414,AVIATION,0.46,0.0,0.28,,"AWS, Docker, Git, Machine Learning, NLP, NumPy, Pandas, Python, SQL, Scikit-learn","Candidate CAND_2414 shows weak overall alignment (0.46% text similarity, 0.0% skill match). Missing critical requirements: [AWS, Docker, Git, Machine Learning, NLP, NumPy, Pandas, Python, SQL, Scikit-learn]."
1314,CAND_554,ADVOCATE,0.47,0.0,0.28,,"AWS, Docker, Git, Machine Learning, NLP, NumPy, Pandas, Python, SQL, Scikit-learn","Candidate CAND_554 shows weak overall alignment (0.47% text similarity, 0.0% skill match). Missing critical requirements: [AWS, Docker, Git, Machine Learning, NLP, NumPy, Pandas, Python, SQL, Scikit-learn]."
1315,CAND_1389,CHEF,0.45,0.0,0.27,,"AWS, Docker, Git, Machine Learning, NLP, NumPy, Pandas, Python, SQL, Scikit-learn","Candidate CAND_1389 shows weak overall alignment (0.45% text similarity, 0.0% skill match). Missing critical requirements: [AWS, Docker, Git, Machine Learning, NLP, NumPy, Pandas, Python, SQL, Scikit-learn]."
1316,CAND_212,DESIGNER,0.45,0.0,0.27,,"AWS, Docker, Git, Machine Learning, NLP, NumPy, Pandas, Python, SQL, Scikit-learn","Candidate CAND_212 shows weak overall alignment (0.45% text similarity, 0.0% skill match). Missing critical requirements: [AWS, Docker, Git, Machine Learning, NLP, NumPy, Pandas, Python, SQL, Scikit-learn]."
1317,CAND_831,FITNESS,0.43,0.0,0.26,,"AWS, Docker, Git, Machine Learning, NLP, NumPy, Pandas, Python, SQL, Scikit-learn","Candidate CAND_831 shows weak overall alignment (0.43% text similarity, 0.0% skill match). Missing critical requirements: [AWS, Docker, Git, Machine Learning, NLP, NumPy, Pandas, Python, SQL, Scikit-learn]."
1318,CAND_2346,ARTS,0.44,0.0,0.26,,"AWS, Docker, Git, Machine Learning, NLP, NumPy, Pandas, Python, SQL, Scikit-learn","Candidate CAND_2346 shows weak overall alignment (0.44% text similarity, 0.0% skill match). Missing critical requirements: [AWS, Docker, Git, Machine Learning, NLP, NumPy, Pandas, Python, SQL, Scikit-learn]."
1319,CAND_1120,CONSULTANT,0.44,0.0,0.26,,"AWS, Docker, Git, Machine Learning, NLP, NumPy, Pandas, Python, SQL, Scikit-learn","Candidate CAND_1120 shows weak overall alignment (0.44% text similarity, 0.0% skill match). Missing critical requirements: [AWS, Docker, Git, Machine Learning, NLP, NumPy, Pandas, Python, SQL, Scikit-learn]."
1320,CAND_2389,AVIATION,0.44,0.0,0.26,,"AWS, Docker, Git, Machine Learning, NLP, NumPy, Pandas, Python, SQL, Scikit-learn","Candidate CAND_2389 shows weak overall alignment (0.44% text similarity, 0.0% skill match). Missing critical requirements: [AWS, Docker, Git, Machine Learning, NLP, NumPy, Pandas, Python, SQL, Scikit-learn]."
1321,CAND_2464,AVIATION,0.43,0.0,0.26,,"AWS, Docker, Git, Machine Learning, NLP, NumPy, Pandas, Python, SQL, Scikit-learn","Candidate CAND_2464 shows weak overall alignment (0.43% text similarity, 0.0% skill match). Missing critical requirements: [AWS, Docker, Git, Machine Learning, NLP, NumPy, Pandas, Python, SQL, Scikit-learn]."
1322,CAND_1244,DIGITAL-MEDIA,0.41,0.0,0.25,,"AWS, Docker, Git, Machine Learning, NLP, NumPy, Pandas, Python, SQL, Scikit-learn","Candidate CAND_1244 shows weak overall alignment (0.41% text similarity, 0.0% skill match). Missing critical requirements: [AWS, Docker, Git, Machine Learning, NLP, NumPy, Pandas, Python, SQL, Scikit-learn]."
1323,CAND_860,FITNESS,0.42,0.0,0.25,,"AWS, Docker, Git, Machine Learning, NLP, NumPy, Pandas, Python, SQL, Scikit-learn","Candidate CAND_860 shows weak overall alignment (0.42% text similarity, 0.0% skill match). Missing critical requirements: [AWS, Docker, Git, Machine Learning, NLP, NumPy, Pandas, Python, SQL, Scikit-learn]."
1324,CAND_1359,CHEF,0.42,0.0,0.25,,"AWS, Docker, Git, Machine Learning, NLP, NumPy, Pandas, Python, SQL, Scikit-learn","Candidate CAND_1359 shows weak overall alignment (0.42% text similarity, 0.0% skill match). Missing critical requirements: [AWS, Docker, Git, Machine Learning, NLP, NumPy, Pandas, Python, SQL, Scikit-learn]."
1325,CAND_1647,APPAREL,0.41,0.0,0.25,,"AWS, Docker, Git, Machine Learning, NLP, NumPy, Pandas, Python, SQL, Scikit-learn","Candidate CAND_1647 shows weak overall alignment (0.41% text similarity, 0.0% skill match). Missing critical requirements: [AWS, Docker, Git, Machine Learning, NLP, NumPy, Pandas, Python, SQL, Scikit-learn]."
1326,CAND_1526,FINANCE,0.42,0.0,0.25,,"AWS, Docker, Git, Machine Learning, NLP, NumPy, Pandas, Python, SQL, Scikit-learn","Candidate CAND_1526 shows weak overall alignment (0.42% text similarity, 0.0% skill match). Missing critical requirements: [AWS, Docker, Git, Machine Learning, NLP, NumPy, Pandas, Python, SQL, Scikit-learn]."
1327,CAND_586,BUSINESS-DEVELOPMENT,0.41,0.0,0.25,,"AWS, Docker, Git, Machine Learning, NLP, NumPy, Pandas, Python, SQL, Scikit-learn","Candidate CAND_586 shows weak overall alignment (0.41% text similarity, 0.0% skill match). Missing critical requirements: [AWS, Docker, Git, Machine Learning, NLP, NumPy, Pandas, Python, SQL, Scikit-learn]."
1328,CAND_188,DESIGNER,0.41,0.0,0.25,,"AWS, Docker, Git, Machine Learning, NLP, NumPy, Pandas, Python, SQL, Scikit-learn","Candidate CAND_188 shows weak overall alignment (0.41% text similarity, 0.0% skill match). Missing critical requirements: [AWS, Docker, Git, Machine Learning, NLP, NumPy, Pandas, Python, SQL, Scikit-learn]."
1329,CAND_774,HEALTHCARE,0.41,0.0,0.25,,"AWS, Docker, Git, Machine Learning, NLP, NumPy, Pandas, Python, SQL, Scikit-learn","Candidate CAND_774 shows weak overall alignment (0.41% text similarity, 0.0% skill match). Missing critical requirements: [AWS, Docker, Git, Machine Learning, NLP, NumPy, Pandas, Python, SQL, Scikit-learn]."
1330,CAND_1308,DIGITAL-MEDIA,0.42,0.0,0.25,,"AWS, Docker, Git, Machine Learning, NLP, NumPy, Pandas, Python, SQL, Scikit-learn","Candidate CAND_1308 shows weak overall alignment (0.42% text similarity, 0.0% skill match). Missing critical requirements: [AWS, Docker, Git, Machine Learning, NLP, NumPy, Pandas, Python, SQL, Scikit-learn]."
1331,CAND_236,INFORMATION-TECHNOLOGY,0.42,0.0,0.25,,"AWS, Docker, Git, Machine Learning, NLP, NumPy, Pandas, Python, SQL, Scikit-learn","Candidate CAND_236 shows weak overall alignment (0.42% text similarity, 0.0% skill match). Missing critical requirements: [AWS, Docker, Git, Machine Learning, NLP, NumPy, Pandas, Python, SQL, Scikit-learn]."
1332,CAND_760,HEALTHCARE,0.41,0.0,0.25,,"AWS, Docker, Git, Machine Learning, NLP, NumPy, Pandas, Python, SQL, Scikit-learn","Candidate CAND_760 shows weak overall alignment (0.41% text similarity, 0.0% skill match). Missing critical requirements: [AWS, Docker, Git, Machine Learning, NLP, NumPy, Pandas, Python, SQL, Scikit-learn]."
1333,CAND_1882,ACCOUNTANT,0.42,0.0,0.25,,"AWS, Docker, Git, Machine Learning, NLP, NumPy, Pandas, Python, SQL, Scikit-learn","Candidate CAND_1882 shows weak overall alignment (0.42% text similarity, 0.0% skill match). Missing critical requirements: [AWS, Docker, Git, Machine Learning, NLP, NumPy, Pandas, Python, SQL, Scikit-learn]."
1334,CAND_020,HR,0.42,0.0,0.25,,"AWS, Docker, Git, Machine Learning, NLP, NumPy, Pandas, Python, SQL, Scikit-learn","Candidate CAND_020 shows weak overall alignment (0.42% text similarity, 0.0% skill match). Missing critical requirements: [AWS, Docker, Git, Machine Learning, NLP, NumPy, Pandas, Python, SQL, Scikit-learn]."
1335,CAND_1559,FINANCE,0.41,0.0,0.25,,"AWS, Docker, Git, Machine Learning, NLP, NumPy, Pandas, Python, SQL, Scikit-learn","Candidate CAND_1559 shows weak overall alignment (0.41% text similarity, 0.0% skill match). Missing critical requirements: [AWS, Docker, Git, Machine Learning, NLP, NumPy, Pandas, Python, SQL, Scikit-learn]."
1336,CAND_968,AGRICULTURE,0.42,0.0,0.25,,"AWS, Docker, Git, Machine Learning, NLP, NumPy, Pandas, Python, SQL, Scikit-learn","Candidate CAND_968 shows weak overall alignment (0.42% text similarity, 0.0% skill match). Missing critical requirements: [AWS, Docker, Git, Machine Learning, NLP, NumPy, Pandas, Python, SQL, Scikit-learn]."
1337,CAND_2092,PUBLIC-RELATIONS,0.42,0.0,0.25,,"AWS, Docker, Git, Machine Learning, NLP, NumPy, Pandas, Python, SQL, Scikit-learn","Candidate CAND_2092 shows weak overall alignment (0.42% text similarity, 0.0% skill match). Missing critical requirements: [AWS, Docker, Git, Machine Learning, NLP, NumPy, Pandas, Python, SQL, Scikit-learn]."
1338,CAND_1666,APPAREL,0.42,0.0,0.25,,"AWS, Docker, Git, Machine Learning, NLP, NumPy, Pandas, Python, SQL, Scikit-learn","Candidate CAND_1666 shows weak overall alignment (0.42% text similarity, 0.0% skill match). Missing critical requirements: [AWS, Docker, Git, Machine Learning, NLP, NumPy, Pandas, Python, SQL, Scikit-learn]."
1339,CAND_842,FITNESS,0.41,0.0,0.25,,"AWS, Docker, Git, Machine Learning, NLP, NumPy, Pandas, Python, SQL, Scikit-learn","Candidate CAND_842 shows weak overall alignment (0.41% text similarity, 0.0% skill match). Missing critical requirements: [AWS, Docker, Git, Machine Learning, NLP, NumPy, Pandas, Python, SQL, Scikit-learn]."
1340,CAND_614,BUSINESS-DEVELOPMENT,0.42,0.0,0.25,,"AWS, Docker, Git, Machine Learning, NLP, NumPy, Pandas, Python, SQL, Scikit-learn","Candidate CAND_614 shows weak overall alignment (0.42% text similarity, 0.0% skill match). Missing critical requirements: [AWS, Docker, Git, Machine Learning, NLP, NumPy, Pandas, Python, SQL, Scikit-learn]."
1341,CAND_2138,PUBLIC-RELATIONS,0.4,0.0,0.24,,"AWS, Docker, Git, Machine Learning, NLP, NumPy, Pandas, Python, SQL, Scikit-learn","Candidate CAND_2138 shows weak overall alignment (0.4% text similarity, 0.0% skill match). Missing critical requirements: [AWS, Docker, Git, Machine Learning, NLP, NumPy, Pandas, Python, SQL, Scikit-learn]."
1342,CAND_2337,ARTS,0.4,0.0,0.24,,"AWS, Docker, Git, Machine Learning, NLP, NumPy, Pandas, Python, SQL, Scikit-learn","Candidate CAND_2337 shows weak overall alignment (0.4% text similarity, 0.0% skill match). Missing critical requirements: [AWS, Docker, Git, Machine Learning, NLP, NumPy, Pandas, Python, SQL, Scikit-learn]."
1343,CAND_696,HEALTHCARE,0.4,0.0,0.24,,"AWS, Docker, Git, Machine Learning, NLP, NumPy, Pandas, Python, SQL, Scikit-learn","Candidate CAND_696 shows weak overall alignment (0.4% text similarity, 0.0% skill match). Missing critical requirements: [AWS, Docker, Git, Machine Learning, NLP, NumPy, Pandas, Python, SQL, Scikit-learn]."
1344,CAND_692,HEALTHCARE,0.4,0.0,0.24,,"AWS, Docker, Git, Machine Learning, NLP, NumPy, Pandas, Python, SQL, Scikit-learn","Candidate CAND_692 shows weak overall alignment (0.4% text similarity, 0.0% skill match). Missing critical requirements: [AWS, Docker, Git, Machine Learning, NLP, NumPy, Pandas, Python, SQL, Scikit-learn]."
1345,CAND_1536,FINANCE,0.38,0.0,0.23,,"AWS, Docker, Git, Machine Learning, NLP, NumPy, Pandas, Python, SQL, Scikit-learn","Candidate CAND_1536 shows weak overall alignment (0.38% text similarity, 0.0% skill match). Missing critical requirements: [AWS, Docker, Git, Machine Learning, NLP, NumPy, Pandas, Python, SQL, Scikit-learn]."
1346,CAND_1318,DIGITAL-MEDIA,0.38,0.0,0.23,,"AWS, Docker, Git, Machine Learning, NLP, NumPy, Pandas, Python, SQL, Scikit-learn","Candidate CAND_1318 shows weak overall alignment (0.38% text similarity, 0.0% skill match). Missing critical requirements: [AWS, Docker, Git, Machine Learning, NLP, NumPy, Pandas, Python, SQL, Scikit-learn]."
1347,CAND_2088,PUBLIC-RELATIONS,0.39,0.0,0.23,,"AWS, Docker, Git, Machine Learning, NLP, NumPy, Pandas, Python, SQL, Scikit-learn","Candidate CAND_2088 shows weak overall alignment (0.39% text similarity, 0.0% skill match). Missing critical requirements: [AWS, Docker, Git, Machine Learning, NLP, NumPy, Pandas, Python, SQL, Scikit-learn]."
1348,CAND_1822,ACCOUNTANT,0.39,0.0,0.23,,"AWS, Docker, Git, Machine Learning, NLP, NumPy, Pandas, Python, SQL, Scikit-learn","Candidate CAND_1822 shows weak overall alignment (0.39% text similarity, 0.0% skill match). Missing critical requirements: [AWS, Docker, Git, Machine Learning, NLP, NumPy, Pandas, Python, SQL, Scikit-learn]."
1349,CAND_2063,PUBLIC-RELATIONS,0.38,0.0,0.23,,"AWS, Docker, Git, Machine Learning, NLP, NumPy, Pandas, Python, SQL, Scikit-learn","Candidate CAND_2063 shows weak overall alignment (0.38% text similarity, 0.0% skill match). Missing critical requirements: [AWS, Docker, Git, Machine Learning, NLP, NumPy, Pandas, Python, SQL, Scikit-learn]."
1350,CAND_1430,CHEF,0.39,0.0,0.23,,"AWS, Docker, Git, Machine Learning, NLP, NumPy, Pandas, Python, SQL, Scikit-learn","Candidate CAND_1430 shows weak overall alignment (0.39% text similarity, 0.0% skill match). Missing critical requirements: [AWS, Docker, Git, Machine Learning, NLP, NumPy, Pandas, Python, SQL, Scikit-learn]."
1351,CAND_2258,BANKING,0.38,0.0,0.23,,"AWS, Docker, Git, Machine Learning, NLP, NumPy, Pandas, Python, SQL, Scikit-learn","Candidate CAND_2258 shows weak overall alignment (0.38% text similarity, 0.0% skill match). Missing critical requirements: [AWS, Docker, Git, Machine Learning, NLP, NumPy, Pandas, Python, SQL, Scikit-learn]."
1352,CAND_2244,BANKING,0.37,0.0,0.22,,"AWS, Docker, Git, Machine Learning, NLP, NumPy, Pandas, Python, SQL, Scikit-learn","Candidate CAND_2244 shows weak overall alignment (0.37% text similarity, 0.0% skill match). Missing critical requirements: [AWS, Docker, Git, Machine Learning, NLP, NumPy, Pandas, Python, SQL, Scikit-learn]."
1353,CAND_1302,DIGITAL-MEDIA,0.37,0.0,0.22,,"AWS, Docker, Git, Machine Learning, NLP, NumPy, Pandas, Python, SQL, Scikit-learn","Candidate CAND_1302 shows weak overall alignment (0.37% text similarity, 0.0% skill match). Missing critical requirements: [AWS, Docker, Git, Machine Learning, NLP, NumPy, Pandas, Python, SQL, Scikit-learn]."
1354,CAND_1391,CHEF,0.37,0.0,0.22,,"AWS, Docker, Git, Machine Learning, NLP, NumPy, Pandas, Python, SQL, Scikit-learn","Candidate CAND_1391 shows weak overall alignment (0.37% text similarity, 0.0% skill match). Missing critical requirements: [AWS, Docker, Git, Machine Learning, NLP, NumPy, Pandas, Python, SQL, Scikit-learn]."
1355,CAND_179,DESIGNER,0.37,0.0,0.22,,"AWS, Docker, Git, Machine Learning, NLP, NumPy, Pandas, Python, SQL, Scikit-learn","Candidate CAND_179 shows weak overall alignment (0.37% text similarity, 0.0% skill match). Missing critical requirements: [AWS, Docker, Git, Machine Learning, NLP, NumPy, Pandas, Python, SQL, Scikit-learn]."
1356,CAND_1401,CHEF,0.36,0.0,0.22,,"AWS, Docker, Git, Machine Learning, NLP, NumPy, Pandas, Python, SQL, Scikit-learn","Candidate CAND_1401 shows weak overall alignment (0.36% text similarity, 0.0% skill match). Missing critical requirements: [AWS, Docker, Git, Machine Learning, NLP, NumPy, Pandas, Python, SQL, Scikit-learn]."
1357,CAND_2368,AVIATION,0.37,0.0,0.22,,"AWS, Docker, Git, Machine Learning, NLP, NumPy, Pandas, Python, SQL, Scikit-learn","Candidate CAND_2368 shows weak overall alignment (0.37% text similarity, 0.0% skill match). Missing critical requirements: [AWS, Docker, Git, Machine Learning, NLP, NumPy, Pandas, Python, SQL, Scikit-learn]."
1358,CAND_615,BUSINESS-DEVELOPMENT,0.36,0.0,0.22,,"AWS, Docker, Git, Machine Learning, NLP, NumPy, Pandas, Python, SQL, Scikit-learn","Candidate CAND_615 shows weak overall alignment (0.36% text similarity, 0.0% skill match). Missing critical requirements: [AWS, Docker, Git, Machine Learning, NLP, NumPy, Pandas, Python, SQL, Scikit-learn]."
1359,CAND_550,ADVOCATE,0.36,0.0,0.22,,"AWS, Docker, Git, Machine Learning, NLP, NumPy, Pandas, Python, SQL, Scikit-learn","Candidate CAND_550 shows weak overall alignment (0.36% text similarity, 0.0% skill match). Missing critical requirements: [AWS, Docker, Git, Machine Learning, NLP, NumPy, Pandas, Python, SQL, Scikit-learn]."
1360,CAND_1912,ACCOUNTANT,0.37,0.0,0.22,,"AWS, Docker, Git, Machine Learning, NLP, NumPy, Pandas, Python, SQL, Scikit-learn","Candidate CAND_1912 shows weak overall alignment (0.37% text similarity, 0.0% skill match). Missing critical requirements: [AWS, Docker, Git, Machine Learning, NLP, NumPy, Pandas, Python, SQL, Scikit-learn]."
1361,CAND_1406,CHEF,0.37,0.0,0.22,,"AWS, Docker, Git, Machine Learning, NLP, NumPy, Pandas, Python, SQL, Scikit-learn","Candidate CAND_1406 shows weak overall alignment (0.37% text similarity, 0.0% skill match). Missing critical requirements: [AWS, Docker, Git, Machine Learning, NLP, NumPy, Pandas, Python, SQL, Scikit-learn]."
1362,CAND_182,DESIGNER,0.36,0.0,0.22,,"AWS, Docker, Git, Machine Learning, NLP, NumPy, Pandas, Python, SQL, Scikit-learn","Candidate CAND_182 shows weak overall alignment (0.36% text similarity, 0.0% skill match). Missing critical requirements: [AWS, Docker, Git, Machine Learning, NLP, NumPy, Pandas, Python, SQL, Scikit-learn]."
1363,CAND_2167,BANKING,0.36,0.0,0.22,,"AWS, Docker, Git, Machine Learning, NLP, NumPy, Pandas, Python, SQL, Scikit-learn","Candidate CAND_2167 shows weak overall alignment (0.36% text similarity, 0.0% skill match). Missing critical requirements: [AWS, Docker, Git, Machine Learning, NLP, NumPy, Pandas, Python, SQL, Scikit-learn]."
1364,CAND_2296,ARTS,0.36,0.0,0.22,,"AWS, Docker, Git, Machine Learning, NLP, NumPy, Pandas, Python, SQL, Scikit-learn","Candidate CAND_2296 shows weak overall alignment (0.36% text similarity, 0.0% skill match). Missing critical requirements: [AWS, Docker, Git, Machine Learning, NLP, NumPy, Pandas, Python, SQL, Scikit-learn]."
1365,CAND_847,FITNESS,0.36,0.0,0.22,,"AWS, Docker, Git, Machine Learning, NLP, NumPy, Pandas, Python, SQL, Scikit-learn","Candidate CAND_847 shows weak overall alignment (0.36% text similarity, 0.0% skill match). Missing critical requirements: [AWS, Docker, Git, Machine Learning, NLP, NumPy, Pandas, Python, SQL, Scikit-learn]."
1366,CAND_677,BUSINESS-DEVELOPMENT,0.37,0.0,0.22,,"AWS, Docker, Git, Machine Learning, NLP, NumPy, Pandas, Python, SQL, Scikit-learn","Candidate CAND_677 shows weak overall alignment (0.37% text similarity, 0.0% skill match). Missing critical requirements: [AWS, Docker, Git, Machine Learning, NLP, NumPy, Pandas, Python, SQL, Scikit-learn]."
1367,CAND_1093,SALES,0.36,0.0,0.22,,"AWS, Docker, Git, Machine Learning, NLP, NumPy, Pandas, Python, SQL, Scikit-learn","Candidate CAND_1093 shows weak overall alignment (0.36% text similarity, 0.0% skill match). Missing critical requirements: [AWS, Docker, Git, Machine Learning, NLP, NumPy, Pandas, Python, SQL, Scikit-learn]."
1368,CAND_1521,FINANCE,0.37,0.0,0.22,,"AWS, Docker, Git, Machine Learning, NLP, NumPy, Pandas, Python, SQL, Scikit-learn","Candidate CAND_1521 shows weak overall alignment (0.37% text similarity, 0.0% skill match). Missing critical requirements: [AWS, Docker, Git, Machine Learning, NLP, NumPy, Pandas, Python, SQL, Scikit-learn]."
1369,CAND_815,FITNESS,0.36,0.0,0.22,,"AWS, Docker, Git, Machine Learning, NLP, NumPy, Pandas, Python, SQL, Scikit-learn","Candidate CAND_815 shows weak overall alignment (0.36% text similarity, 0.0% skill match). Missing critical requirements: [AWS, Docker, Git, Machine Learning, NLP, NumPy, Pandas, Python, SQL, Scikit-learn]."
1370,CAND_072,HR,0.35,0.0,0.21,,"AWS, Docker, Git, Machine Learning, NLP, NumPy, Pandas, Python, SQL, Scikit-learn","Candidate CAND_072 shows weak overall alignment (0.35% text similarity, 0.0% skill match). Missing critical requirements: [AWS, Docker, Git, Machine Learning, NLP, NumPy, Pandas, Python, SQL, Scikit-learn]."
1371,CAND_1571,FINANCE,0.35,0.0,0.21,,"AWS, Docker, Git, Machine Learning, NLP, NumPy, Pandas, Python, SQL, Scikit-learn","Candidate CAND_1571 shows weak overall alignment (0.35% text similarity, 0.0% skill match). Missing critical requirements: [AWS, Docker, Git, Machine Learning, NLP, NumPy, Pandas, Python, SQL, Scikit-learn]."
1372,CAND_1079,SALES,0.35,0.0,0.21,,"AWS, Docker, Git, Machine Learning, NLP, NumPy, Pandas, Python, SQL, Scikit-learn","Candidate CAND_1079 shows weak overall alignment (0.35% text similarity, 0.0% skill match). Missing critical requirements: [AWS, Docker, Git, Machine Learning, NLP, NumPy, Pandas, Python, SQL, Scikit-learn]."
1373,CAND_2118,PUBLIC-RELATIONS,0.35,0.0,0.21,,"AWS, Docker, Git, Machine Learning, NLP, NumPy, Pandas, Python, SQL, Scikit-learn","Candidate CAND_2118 shows weak overall alignment (0.35% text similarity, 0.0% skill match). Missing critical requirements: [AWS, Docker, Git, Machine Learning, NLP, NumPy, Pandas, Python, SQL, Scikit-learn]."
1374,CAND_1273,DIGITAL-MEDIA,0.35,0.0,0.21,,"AWS, Docker, Git, Machine Learning, NLP, NumPy, Pandas, Python, SQL, Scikit-learn","Candidate CAND_1273 shows weak overall alignment (0.35% text similarity, 0.0% skill match). Missing critical requirements: [AWS, Docker, Git, Machine Learning, NLP, NumPy, Pandas, Python, SQL, Scikit-learn]."
1375,CAND_2152,BANKING,0.35,0.0,0.21,,"AWS, Docker, Git, Machine Learning, NLP, NumPy, Pandas, Python, SQL, Scikit-learn","Candidate CAND_2152 shows weak overall alignment (0.35% text similarity, 0.0% skill match). Missing critical requirements: [AWS, Docker, Git, Machine Learning, NLP, NumPy, Pandas, Python, SQL, Scikit-learn]."
1376,CAND_2145,PUBLIC-RELATIONS,0.35,0.0,0.21,,"AWS, Docker, Git, Machine Learning, NLP, NumPy, Pandas, Python, SQL, Scikit-learn","Candidate CAND_2145 shows weak overall alignment (0.35% text similarity, 0.0% skill match). Missing critical requirements: [AWS, Docker, Git, Machine Learning, NLP, NumPy, Pandas, Python, SQL, Scikit-learn]."
1377,CAND_1517,FINANCE,0.33,0.0,0.2,,"AWS, Docker, Git, Machine Learning, NLP, NumPy, Pandas, Python, SQL, Scikit-learn","Candidate CAND_1517 shows weak overall alignment (0.33% text similarity, 0.0% skill match). Missing critical requirements: [AWS, Docker, Git, Machine Learning, NLP, NumPy, Pandas, Python, SQL, Scikit-learn]."
1378,CAND_148,DESIGNER,0.33,0.0,0.2,,"AWS, Docker, Git, Machine Learning, NLP, NumPy, Pandas, Python, SQL, Scikit-learn","Candidate CAND_148 shows weak overall alignment (0.33% text similarity, 0.0% skill match). Missing critical requirements: [AWS, Docker, Git, Machine Learning, NLP, NumPy, Pandas, Python, SQL, Scikit-learn]."
1379,CAND_2308,ARTS,0.34,0.0,0.2,,"AWS, Docker, Git, Machine Learning, NLP, NumPy, Pandas, Python, SQL, Scikit-learn","Candidate CAND_2308 shows weak overall alignment (0.34% text similarity, 0.0% skill match). Missing critical requirements: [AWS, Docker, Git, Machine Learning, NLP, NumPy, Pandas, Python, SQL, Scikit-learn]."
1380,CAND_1415,CHEF,0.33,0.0,0.2,,"AWS, Docker, Git, Machine Learning, NLP, NumPy, Pandas, Python, SQL, Scikit-learn","Candidate CAND_1415 shows weak overall alignment (0.33% text similarity, 0.0% skill match). Missing critical requirements: [AWS, Docker, Git, Machine Learning, NLP, NumPy, Pandas, Python, SQL, Scikit-learn]."
1381,CAND_1897,ACCOUNTANT,0.33,0.0,0.2,,"AWS, Docker, Git, Machine Learning, NLP, NumPy, Pandas, Python, SQL, Scikit-learn","Candidate CAND_1897 shows weak overall alignment (0.33% text similarity, 0.0% skill match). Missing critical requirements: [AWS, Docker, Git, Machine Learning, NLP, NumPy, Pandas, Python, SQL, Scikit-learn]."
1382,CAND_2110,PUBLIC-RELATIONS,0.34,0.0,0.2,,"AWS, Docker, Git, Machine Learning, NLP, NumPy, Pandas, Python, SQL, Scikit-learn","Candidate CAND_2110 shows weak overall alignment (0.34% text similarity, 0.0% skill match). Missing critical requirements: [AWS, Docker, Git, Machine Learning, NLP, NumPy, Pandas, Python, SQL, Scikit-learn]."
1383,CAND_509,ADVOCATE,0.33,0.0,0.2,,"AWS, Docker, Git, Machine Learning, NLP, NumPy, Pandas, Python, SQL, Scikit-learn","Candidate CAND_509 shows weak overall alignment (0.33% text similarity, 0.0% skill match). Missing critical requirements: [AWS, Docker, Git, Machine Learning, NLP, NumPy, Pandas, Python, SQL, Scikit-learn]."
1384,CAND_611,BUSINESS-DEVELOPMENT,0.33,0.0,0.2,,"AWS, Docker, Git, Machine Learning, NLP, NumPy, Pandas, Python, SQL, Scikit-learn","Candidate CAND_611 shows weak overall alignment (0.33% text similarity, 0.0% skill match). Missing critical requirements: [AWS, Docker, Git, Machine Learning, NLP, NumPy, Pandas, Python, SQL, Scikit-learn]."
1385,CAND_700,HEALTHCARE,0.34,0.0,0.2,,"AWS, Docker, Git, Machine Learning, NLP, NumPy, Pandas, Python, SQL, Scikit-learn","Candidate CAND_700 shows weak overall alignment (0.34% text similarity, 0.0% skill match). Missing critical requirements: [AWS, Docker, Git, Machine Learning, NLP, NumPy, Pandas, Python, SQL, Scikit-learn]."
1386,CAND_1432,CHEF,0.33,0.0,0.2,,"AWS, Docker, Git, Machine Learning, NLP, NumPy, Pandas, Python, SQL, Scikit-learn","Candidate CAND_1432 shows weak overall alignment (0.33% text similarity, 0.0% skill match). Missing critical requirements: [AWS, Docker, Git, Machine Learning, NLP, NumPy, Pandas, Python, SQL, Scikit-learn]."
1387,CAND_2209,BANKING,0.33,0.0,0.2,,"AWS, Docker, Git, Machine Learning, NLP, NumPy, Pandas, Python, SQL, Scikit-learn","Candidate CAND_2209 shows weak overall alignment (0.33% text similarity, 0.0% skill match). Missing critical requirements: [AWS, Docker, Git, Machine Learning, NLP, NumPy, Pandas, Python, SQL, Scikit-learn]."
1388,CAND_367,TEACHER,0.33,0.0,0.2,,"AWS, Docker, Git, Machine Learning, NLP, NumPy, Pandas, Python, SQL, Scikit-learn","Candidate CAND_367 shows weak overall alignment (0.33% text similarity, 0.0% skill match). Missing critical requirements: [AWS, Docker, Git, Machine Learning, NLP, NumPy, Pandas, Python, SQL, Scikit-learn]."
1389,CAND_806,FITNESS,0.34,0.0,0.2,,"AWS, Docker, Git, Machine Learning, NLP, NumPy, Pandas, Python, SQL, Scikit-learn","Candidate CAND_806 shows weak overall alignment (0.34% text similarity, 0.0% skill match). Missing critical requirements: [AWS, Docker, Git, Machine Learning, NLP, NumPy, Pandas, Python, SQL, Scikit-learn]."
1390,CAND_925,AGRICULTURE,0.34,0.0,0.2,,"AWS, Docker, Git, Machine Learning, NLP, NumPy, Pandas, Python, SQL, Scikit-learn","Candidate CAND_925 shows weak overall alignment (0.34% text similarity, 0.0% skill match). Missing critical requirements: [AWS, Docker, Git, Machine Learning, NLP, NumPy, Pandas, Python, SQL, Scikit-learn]."
1391,CAND_581,BUSINESS-DEVELOPMENT,0.33,0.0,0.2,,"AWS, Docker, Git, Machine Learning, NLP, NumPy, Pandas, Python, SQL, Scikit-learn","Candidate CAND_581 shows weak overall alignment (0.33% text similarity, 0.0% skill match). Missing critical requirements: [AWS, Docker, Git, Machine Learning, NLP, NumPy, Pandas, Python, SQL, Scikit-learn]."
1392,CAND_1859,ACCOUNTANT,0.33,0.0,0.2,,"AWS, Docker, Git, Machine Learning, NLP, NumPy, Pandas, Python, SQL, Scikit-learn","Candidate CAND_1859 shows weak overall alignment (0.33% text similarity, 0.0% skill match). Missing critical requirements: [AWS, Docker, Git, Machine Learning, NLP, NumPy, Pandas, Python, SQL, Scikit-learn]."
1393,CAND_066,HR,0.34,0.0,0.2,,"AWS, Docker, Git, Machine Learning, NLP, NumPy, Pandas, Python, SQL, Scikit-learn","Candidate CAND_066 shows weak overall alignment (0.34% text similarity, 0.0% skill match). Missing critical requirements: [AWS, Docker, Git, Machine Learning, NLP, NumPy, Pandas, Python, SQL, Scikit-learn]."
1394,CAND_1123,CONSULTANT,0.32,0.0,0.19,,"AWS, Docker, Git, Machine Learning, NLP, NumPy, Pandas, Python, SQL, Scikit-learn","Candidate CAND_1123 shows weak overall alignment (0.32% text similarity, 0.0% skill match). Missing critical requirements: [AWS, Docker, Git, Machine Learning, NLP, NumPy, Pandas, Python, SQL, Scikit-learn]."
1395,CAND_1625,APPAREL,0.32,0.0,0.19,,"AWS, Docker, Git, Machine Learning, NLP, NumPy, Pandas, Python, SQL, Scikit-learn","Candidate CAND_1625 shows weak overall alignment (0.32% text similarity, 0.0% skill match). Missing critical requirements: [AWS, Docker, Git, Machine Learning, NLP, NumPy, Pandas, Python, SQL, Scikit-learn]."
1396,CAND_372,TEACHER,0.31,0.0,0.19,,"AWS, Docker, Git, Machine Learning, NLP, NumPy, Pandas, Python, SQL, Scikit-learn","Candidate CAND_372 shows weak overall alignment (0.31% text similarity, 0.0% skill match). Missing critical requirements: [AWS, Docker, Git, Machine Learning, NLP, NumPy, Pandas, Python, SQL, Scikit-learn]."
1397,CAND_088,HR,0.32,0.0,0.19,,"AWS, Docker, Git, Machine Learning, NLP, NumPy, Pandas, Python, SQL, Scikit-learn","Candidate CAND_088 shows weak overall alignment (0.32% text similarity, 0.0% skill match). Missing critical requirements: [AWS, Docker, Git, Machine Learning, NLP, NumPy, Pandas, Python, SQL, Scikit-learn]."
1398,CAND_691,HEALTHCARE,0.31,0.0,0.19,,"AWS, Docker, Git, Machine Learning, NLP, NumPy, Pandas, Python, SQL, Scikit-learn","Candidate CAND_691 shows weak overall alignment (0.31% text similarity, 0.0% skill match). Missing critical requirements: [AWS, Docker, Git, Machine Learning, NLP, NumPy, Pandas, Python, SQL, Scikit-learn]."
1399,CAND_2076,PUBLIC-RELATIONS,0.32,0.0,0.19,,"AWS, Docker, Git, Machine Learning, NLP, NumPy, Pandas, Python, SQL, Scikit-learn","Candidate CAND_2076 shows weak overall alignment (0.32% text similarity, 0.0% skill match). Missing critical requirements: [AWS, Docker, Git, Machine Learning, NLP, NumPy, Pandas, Python, SQL, Scikit-learn]."
1400,CAND_1001,SALES,0.32,0.0,0.19,,"AWS, Docker, Git, Machine Learning, NLP, NumPy, Pandas, Python, SQL, Scikit-learn","Candidate CAND_1001 shows weak overall alignment (0.32% text similarity, 0.0% skill match). Missing critical requirements: [AWS, Docker, Git, Machine Learning, NLP, NumPy, Pandas, Python, SQL, Scikit-learn]."
1401,CAND_1949,CONSTRUCTION,0.32,0.0,0.19,,"AWS, Docker, Git, Machine Learning, NLP, NumPy, Pandas, Python, SQL, Scikit-learn","Candidate CAND_1949 shows weak overall alignment (0.32% text similarity, 0.0% skill match). Missing critical requirements: [AWS, Docker, Git, Machine Learning, NLP, NumPy, Pandas, Python, SQL, Scikit-learn]."
1402,CAND_2241,BANKING,0.31,0.0,0.19,,"AWS, Docker, Git, Machine Learning, NLP, NumPy, Pandas, Python, SQL, Scikit-learn","Candidate CAND_2241 shows weak overall alignment (0.31% text similarity, 0.0% skill match). Missing critical requirements: [AWS, Docker, Git, Machine Learning, NLP, NumPy, Pandas, Python, SQL, Scikit-learn]."
1403,CAND_1621,APPAREL,0.31,0.0,0.19,,"AWS, Docker, Git, Machine Learning, NLP, NumPy, Pandas, Python, SQL, Scikit-learn","Candidate CAND_1621 shows weak overall alignment (0.31% text similarity, 0.0% skill match). Missing critical requirements: [AWS, Docker, Git, Machine Learning, NLP, NumPy, Pandas, Python, SQL, Scikit-learn]."
1404,CAND_912,AGRICULTURE,0.32,0.0,0.19,,"AWS, Docker, Git, Machine Learning, NLP, NumPy, Pandas, Python, SQL, Scikit-learn","Candidate CAND_912 shows weak overall alignment (0.32% text similarity, 0.0% skill match). Missing critical requirements: [AWS, Docker, Git, Machine Learning, NLP, NumPy, Pandas, Python, SQL, Scikit-learn]."
1405,CAND_941,AGRICULTURE,0.31,0.0,0.19,,"AWS, Docker, Git, Machine Learning, NLP, NumPy, Pandas, Python, SQL, Scikit-learn","Candidate CAND_941 shows weak overall alignment (0.31% text similarity, 0.0% skill match). Missing critical requirements: [AWS, Docker, Git, Machine Learning, NLP, NumPy, Pandas, Python, SQL, Scikit-learn]."
1406,CAND_1088,SALES,0.32,0.0,0.19,,"AWS, Docker, Git, Machine Learning, NLP, NumPy, Pandas, Python, SQL, Scikit-learn","Candidate CAND_1088 shows weak overall alignment (0.32% text similarity, 0.0% skill match). Missing critical requirements: [AWS, Docker, Git, Machine Learning, NLP, NumPy, Pandas, Python, SQL, Scikit-learn]."
1407,CAND_308,INFORMATION-TECHNOLOGY,0.31,0.0,0.19,,"AWS, Docker, Git, Machine Learning, NLP, NumPy, Pandas, Python, SQL, Scikit-learn","Candidate CAND_308 shows weak overall alignment (0.31% text similarity, 0.0% skill match). Missing critical requirements: [AWS, Docker, Git, Machine Learning, NLP, NumPy, Pandas, Python, SQL, Scikit-learn]."
1408,CAND_1390,CHEF,0.31,0.0,0.19,,"AWS, Docker, Git, Machine Learning, NLP, NumPy, Pandas, Python, SQL, Scikit-learn","Candidate CAND_1390 shows weak overall alignment (0.31% text similarity, 0.0% skill match). Missing critical requirements: [AWS, Docker, Git, Machine Learning, NLP, NumPy, Pandas, Python, SQL, Scikit-learn]."
1409,CAND_1206,CONSULTANT,0.31,0.0,0.19,,"AWS, Docker, Git, Machine Learning, NLP, NumPy, Pandas, Python, SQL, Scikit-learn","Candidate CAND_1206 shows weak overall alignment (0.31% text similarity, 0.0% skill match). Missing critical requirements: [AWS, Docker, Git, Machine Learning, NLP, NumPy, Pandas, Python, SQL, Scikit-learn]."
1410,CAND_1368,CHEF,0.31,0.0,0.19,,"AWS, Docker, Git, Machine Learning, NLP, NumPy, Pandas, Python, SQL, Scikit-learn","Candidate CAND_1368 shows weak overall alignment (0.31% text similarity, 0.0% skill match). Missing critical requirements: [AWS, Docker, Git, Machine Learning, NLP, NumPy, Pandas, Python, SQL, Scikit-learn]."
1411,CAND_1371,CHEF,0.31,0.0,0.19,,"AWS, Docker, Git, Machine Learning, NLP, NumPy, Pandas, Python, SQL, Scikit-learn","Candidate CAND_1371 shows weak overall alignment (0.31% text similarity, 0.0% skill match). Missing critical requirements: [AWS, Docker, Git, Machine Learning, NLP, NumPy, Pandas, Python, SQL, Scikit-learn]."
1412,CAND_1402,CHEF,0.32,0.0,0.19,,"AWS, Docker, Git, Machine Learning, NLP, NumPy, Pandas, Python, SQL, Scikit-learn","Candidate CAND_1402 shows weak overall alignment (0.32% text similarity, 0.0% skill match). Missing critical requirements: [AWS, Docker, Git, Machine Learning, NLP, NumPy, Pandas, Python, SQL, Scikit-learn]."
1413,CAND_1044,SALES,0.32,0.0,0.19,,"AWS, Docker, Git, Machine Learning, NLP, NumPy, Pandas, Python, SQL, Scikit-learn","Candidate CAND_1044 shows weak overall alignment (0.32% text similarity, 0.0% skill match). Missing critical requirements: [AWS, Docker, Git, Machine Learning, NLP, NumPy, Pandas, Python, SQL, Scikit-learn]."
1414,CAND_1876,ACCOUNTANT,0.31,0.0,0.19,,"AWS, Docker, Git, Machine Learning, NLP, NumPy, Pandas, Python, SQL, Scikit-learn","Candidate CAND_1876 shows weak overall alignment (0.31% text similarity, 0.0% skill match). Missing critical requirements: [AWS, Docker, Git, Machine Learning, NLP, NumPy, Pandas, Python, SQL, Scikit-learn]."
1415,CAND_688,HEALTHCARE,0.3,0.0,0.18,,"AWS, Docker, Git, Machine Learning, NLP, NumPy, Pandas, Python, SQL, Scikit-learn","Candidate CAND_688 shows weak overall alignment (0.3% text similarity, 0.0% skill match). Missing critical requirements: [AWS, Docker, Git, Machine Learning, NLP, NumPy, Pandas, Python, SQL, Scikit-learn]."
1416,CAND_516,ADVOCATE,0.3,0.0,0.18,,"AWS, Docker, Git, Machine Learning, NLP, NumPy, Pandas, Python, SQL, Scikit-learn","Candidate CAND_516 shows weak overall alignment (0.3% text similarity, 0.0% skill match). Missing critical requirements: [AWS, Docker, Git, Machine Learning, NLP, NumPy, Pandas, Python, SQL, Scikit-learn]."
1417,CAND_1892,ACCOUNTANT,0.3,0.0,0.18,,"AWS, Docker, Git, Machine Learning, NLP, NumPy, Pandas, Python, SQL, Scikit-learn","Candidate CAND_1892 shows weak overall alignment (0.3% text similarity, 0.0% skill match). Missing critical requirements: [AWS, Docker, Git, Machine Learning, NLP, NumPy, Pandas, Python, SQL, Scikit-learn]."
1418,CAND_326,INFORMATION-TECHNOLOGY,0.3,0.0,0.18,,"AWS, Docker, Git, Machine Learning, NLP, NumPy, Pandas, Python, SQL, Scikit-learn","Candidate CAND_326 shows weak overall alignment (0.3% text similarity, 0.0% skill match). Missing critical requirements: [AWS, Docker, Git, Machine Learning, NLP, NumPy, Pandas, Python, SQL, Scikit-learn]."
1419,CAND_799,FITNESS,0.3,0.0,0.18,,"AWS, Docker, Git, Machine Learning, NLP, NumPy, Pandas, Python, SQL, Scikit-learn","Candidate CAND_799 shows weak overall alignment (0.3% text similarity, 0.0% skill match). Missing critical requirements: [AWS, Docker, Git, Machine Learning, NLP, NumPy, Pandas, Python, SQL, Scikit-learn]."
1420,CAND_620,BUSINESS-DEVELOPMENT,0.3,0.0,0.18,,"AWS, Docker, Git, Machine Learning, NLP, NumPy, Pandas, Python, SQL, Scikit-learn","Candidate CAND_620 shows weak overall alignment (0.3% text similarity, 0.0% skill match). Missing critical requirements: [AWS, Docker, Git, Machine Learning, NLP, NumPy, Pandas, Python, SQL, Scikit-learn]."
1421,CAND_1178,CONSULTANT,0.3,0.0,0.18,,"AWS, Docker, Git, Machine Learning, NLP, NumPy, Pandas, Python, SQL, Scikit-learn","Candidate CAND_1178 shows weak overall alignment (0.3% text similarity, 0.0% skill match). Missing critical requirements: [AWS, Docker, Git, Machine Learning, NLP, NumPy, Pandas, Python, SQL, Scikit-learn]."
1422,CAND_2477,AVIATION,0.3,0.0,0.18,,"AWS, Docker, Git, Machine Learning, NLP, NumPy, Pandas, Python, SQL, Scikit-learn","Candidate CAND_2477 shows weak overall alignment (0.3% text similarity, 0.0% skill match). Missing critical requirements: [AWS, Docker, Git, Machine Learning, NLP, NumPy, Pandas, Python, SQL, Scikit-learn]."
1423,CAND_1604,APPAREL,0.3,0.0,0.18,,"AWS, Docker, Git, Machine Learning, NLP, NumPy, Pandas, Python, SQL, Scikit-learn","Candidate CAND_1604 shows weak overall alignment (0.3% text similarity, 0.0% skill match). Missing critical requirements: [AWS, Docker, Git, Machine Learning, NLP, NumPy, Pandas, Python, SQL, Scikit-learn]."
1424,CAND_1926,CONSTRUCTION,0.3,0.0,0.18,,"AWS, Docker, Git, Machine Learning, NLP, NumPy, Pandas, Python, SQL, Scikit-learn","Candidate CAND_1926 shows weak overall alignment (0.3% text similarity, 0.0% skill match). Missing critical requirements: [AWS, Docker, Git, Machine Learning, NLP, NumPy, Pandas, Python, SQL, Scikit-learn]."
1425,CAND_1915,ACCOUNTANT,0.3,0.0,0.18,,"AWS, Docker, Git, Machine Learning, NLP, NumPy, Pandas, Python, SQL, Scikit-learn","Candidate CAND_1915 shows weak overall alignment (0.3% text similarity, 0.0% skill match). Missing critical requirements: [AWS, Docker, Git, Machine Learning, NLP, NumPy, Pandas, Python, SQL, Scikit-learn]."
1426,CAND_1299,DIGITAL-MEDIA,0.3,0.0,0.18,,"AWS, Docker, Git, Machine Learning, NLP, NumPy, Pandas, Python, SQL, Scikit-learn","Candidate CAND_1299 shows weak overall alignment (0.3% text similarity, 0.0% skill match). Missing critical requirements: [AWS, Docker, Git, Machine Learning, NLP, NumPy, Pandas, Python, SQL, Scikit-learn]."
1427,CAND_1403,CHEF,0.3,0.0,0.18,,"AWS, Docker, Git, Machine Learning, NLP, NumPy, Pandas, Python, SQL, Scikit-learn","Candidate CAND_1403 shows weak overall alignment (0.3% text similarity, 0.0% skill match). Missing critical requirements: [AWS, Docker, Git, Machine Learning, NLP, NumPy, Pandas, Python, SQL, Scikit-learn]."
1428,CAND_2003,CONSTRUCTION,0.28,0.0,0.17,,"AWS, Docker, Git, Machine Learning, NLP, NumPy, Pandas, Python, SQL, Scikit-learn","Candidate CAND_2003 shows weak overall alignment (0.28% text similarity, 0.0% skill match). Missing critical requirements: [AWS, Docker, Git, Machine Learning, NLP, NumPy, Pandas, Python, SQL, Scikit-learn]."
1429,CAND_1614,APPAREL,0.29,0.0,0.17,,"AWS, Docker, Git, Machine Learning, NLP, NumPy, Pandas, Python, SQL, Scikit-learn","Candidate CAND_1614 shows weak overall alignment (0.29% text similarity, 0.0% skill match). Missing critical requirements: [AWS, Docker, Git, Machine Learning, NLP, NumPy, Pandas, Python, SQL, Scikit-learn]."
1430,CAND_966,AGRICULTURE,0.28,0.0,0.17,,"AWS, Docker, Git, Machine Learning, NLP, NumPy, Pandas, Python, SQL, Scikit-learn","Candidate CAND_966 shows weak overall alignment (0.28% text similarity, 0.0% skill match). Missing critical requirements: [AWS, Docker, Git, Machine Learning, NLP, NumPy, Pandas, Python, SQL, Scikit-learn]."
1431,CAND_1463,CHEF,0.28,0.0,0.17,,"AWS, Docker, Git, Machine Learning, NLP, NumPy, Pandas, Python, SQL, Scikit-learn","Candidate CAND_1463 shows weak overall alignment (0.28% text similarity, 0.0% skill match). Missing critical requirements: [AWS, Docker, Git, Machine Learning, NLP, NumPy, Pandas, Python, SQL, Scikit-learn]."
1432,CAND_386,TEACHER,0.29,0.0,0.17,,"AWS, Docker, Git, Machine Learning, NLP, NumPy, Pandas, Python, SQL, Scikit-learn","Candidate CAND_386 shows weak overall alignment (0.29% text similarity, 0.0% skill match). Missing critical requirements: [AWS, Docker, Git, Machine Learning, NLP, NumPy, Pandas, Python, SQL, Scikit-learn]."
1433,CAND_393,TEACHER,0.29,0.0,0.17,,"AWS, Docker, Git, Machine Learning, NLP, NumPy, Pandas, Python, SQL, Scikit-learn","Candidate CAND_393 shows weak overall alignment (0.29% text similarity, 0.0% skill match). Missing critical requirements: [AWS, Docker, Git, Machine Learning, NLP, NumPy, Pandas, Python, SQL, Scikit-learn]."
1434,CAND_1467,CHEF,0.28,0.0,0.17,,"AWS, Docker, Git, Machine Learning, NLP, NumPy, Pandas, Python, SQL, Scikit-learn","Candidate CAND_1467 shows weak overall alignment (0.28% text similarity, 0.0% skill match). Missing critical requirements: [AWS, Docker, Git, Machine Learning, NLP, NumPy, Pandas, Python, SQL, Scikit-learn]."
1435,CAND_764,HEALTHCARE,0.29,0.0,0.17,,"AWS, Docker, Git, Machine Learning, NLP, NumPy, Pandas, Python, SQL, Scikit-learn","Candidate CAND_764 shows weak overall alignment (0.29% text similarity, 0.0% skill match). Missing critical requirements: [AWS, Docker, Git, Machine Learning, NLP, NumPy, Pandas, Python, SQL, Scikit-learn]."
1436,CAND_921,AGRICULTURE,0.28,0.0,0.17,,"AWS, Docker, Git, Machine Learning, NLP, NumPy, Pandas, Python, SQL, Scikit-learn","Candidate CAND_921 shows weak overall alignment (0.28% text similarity, 0.0% skill match). Missing critical requirements: [AWS, Docker, Git, Machine Learning, NLP, NumPy, Pandas, Python, SQL, Scikit-learn]."
1437,CAND_054,HR,0.29,0.0,0.17,,"AWS, Docker, Git, Machine Learning, NLP, NumPy, Pandas, Python, SQL, Scikit-learn","Candidate CAND_054 shows weak overall alignment (0.29% text similarity, 0.0% skill match). Missing critical requirements: [AWS, Docker, Git, Machine Learning, NLP, NumPy, Pandas, Python, SQL, Scikit-learn]."
1438,CAND_265,INFORMATION-TECHNOLOGY,0.29,0.0,0.17,,"AWS, Docker, Git, Machine Learning, NLP, NumPy, Pandas, Python, SQL, Scikit-learn","Candidate CAND_265 shows weak overall alignment (0.29% text similarity, 0.0% skill match). Missing critical requirements: [AWS, Docker, Git, Machine Learning, NLP, NumPy, Pandas, Python, SQL, Scikit-learn]."
1439,CAND_601,BUSINESS-DEVELOPMENT,0.28,0.0,0.17,,"AWS, Docker, Git, Machine Learning, NLP, NumPy, Pandas, Python, SQL, Scikit-learn","Candidate CAND_601 shows weak overall alignment (0.28% text similarity, 0.0% skill match). Missing critical requirements: [AWS, Docker, Git, Machine Learning, NLP, NumPy, Pandas, Python, SQL, Scikit-learn]."
1440,CAND_705,HEALTHCARE,0.28,0.0,0.17,,"AWS, Docker, Git, Machine Learning, NLP, NumPy, Pandas, Python, SQL, Scikit-learn","Candidate CAND_705 shows weak overall alignment (0.28% text similarity, 0.0% skill match). Missing critical requirements: [AWS, Docker, Git, Machine Learning, NLP, NumPy, Pandas, Python, SQL, Scikit-learn]."
1441,CAND_1056,SALES,0.28,0.0,0.17,,"AWS, Docker, Git, Machine Learning, NLP, NumPy, Pandas, Python, SQL, Scikit-learn","Candidate CAND_1056 shows weak overall alignment (0.28% text similarity, 0.0% skill match). Missing critical requirements: [AWS, Docker, Git, Machine Learning, NLP, NumPy, Pandas, Python, SQL, Scikit-learn]."
1442,CAND_600,BUSINESS-DEVELOPMENT,0.29,0.0,0.17,,"AWS, Docker, Git, Machine Learning, NLP, NumPy, Pandas, Python, SQL, Scikit-learn","Candidate CAND_600 shows weak overall alignment (0.29% text similarity, 0.0% skill match). Missing critical requirements: [AWS, Docker, Git, Machine Learning, NLP, NumPy, Pandas, Python, SQL, Scikit-learn]."
1443,CAND_434,TEACHER,0.28,0.0,0.17,,"AWS, Docker, Git, Machine Learning, NLP, NumPy, Pandas, Python, SQL, Scikit-learn","Candidate CAND_434 shows weak overall alignment (0.28% text similarity, 0.0% skill match). Missing critical requirements: [AWS, Docker, Git, Machine Learning, NLP, NumPy, Pandas, Python, SQL, Scikit-learn]."
1444,CAND_1095,SALES,0.29,0.0,0.17,,"AWS, Docker, Git, Machine Learning, NLP, NumPy, Pandas, Python, SQL, Scikit-learn","Candidate CAND_1095 shows weak overall alignment (0.29% text similarity, 0.0% skill match). Missing critical requirements: [AWS, Docker, Git, Machine Learning, NLP, NumPy, Pandas, Python, SQL, Scikit-learn]."
1445,CAND_1270,DIGITAL-MEDIA,0.28,0.0,0.17,,"AWS, Docker, Git, Machine Learning, NLP, NumPy, Pandas, Python, SQL, Scikit-learn","Candidate CAND_1270 shows weak overall alignment (0.28% text similarity, 0.0% skill match). Missing critical requirements: [AWS, Docker, Git, Machine Learning, NLP, NumPy, Pandas, Python, SQL, Scikit-learn]."
1446,CAND_1267,DIGITAL-MEDIA,0.29,0.0,0.17,,"AWS, Docker, Git, Machine Learning, NLP, NumPy, Pandas, Python, SQL, Scikit-learn","Candidate CAND_1267 shows weak overall alignment (0.29% text similarity, 0.0% skill match). Missing critical requirements: [AWS, Docker, Git, Machine Learning, NLP, NumPy, Pandas, Python, SQL, Scikit-learn]."
1447,CAND_462,ADVOCATE,0.28,0.0,0.17,,"AWS, Docker, Git, Machine Learning, NLP, NumPy, Pandas, Python, SQL, Scikit-learn","Candidate CAND_462 shows weak overall alignment (0.28% text similarity, 0.0% skill match). Missing critical requirements: [AWS, Docker, Git, Machine Learning, NLP, NumPy, Pandas, Python, SQL, Scikit-learn]."
1448,CAND_1504,FINANCE,0.28,0.0,0.17,,"AWS, Docker, Git, Machine Learning, NLP, NumPy, Pandas, Python, SQL, Scikit-learn","Candidate CAND_1504 shows weak overall alignment (0.28% text similarity, 0.0% skill match). Missing critical requirements: [AWS, Docker, Git, Machine Learning, NLP, NumPy, Pandas, Python, SQL, Scikit-learn]."
1449,CAND_1404,CHEF,0.28,0.0,0.17,,"AWS, Docker, Git, Machine Learning, NLP, NumPy, Pandas, Python, SQL, Scikit-learn","Candidate CAND_1404 shows weak overall alignment (0.28% text similarity, 0.0% skill match). Missing critical requirements: [AWS, Docker, Git, Machine Learning, NLP, NumPy, Pandas, Python, SQL, Scikit-learn]."
1450,CAND_046,HR,0.29,0.0,0.17,,"AWS, Docker, Git, Machine Learning, NLP, NumPy, Pandas, Python, SQL, Scikit-learn","Candidate CAND_046 shows weak overall alignment (0.29% text similarity, 0.0% skill match). Missing critical requirements: [AWS, Docker, Git, Machine Learning, NLP, NumPy, Pandas, Python, SQL, Scikit-learn]."
1451,CAND_819,FITNESS,0.28,0.0,0.17,,"AWS, Docker, Git, Machine Learning, NLP, NumPy, Pandas, Python, SQL, Scikit-learn","Candidate CAND_819 shows weak overall alignment (0.28% text similarity, 0.0% skill match). Missing critical requirements: [AWS, Docker, Git, Machine Learning, NLP, NumPy, Pandas, Python, SQL, Scikit-learn]."
1452,CAND_813,FITNESS,0.29,0.0,0.17,,"AWS, Docker, Git, Machine Learning, NLP, NumPy, Pandas, Python, SQL, Scikit-learn","Candidate CAND_813 shows weak overall alignment (0.29% text similarity, 0.0% skill match). Missing critical requirements: [AWS, Docker, Git, Machine Learning, NLP, NumPy, Pandas, Python, SQL, Scikit-learn]."
1453,CAND_1042,SALES,0.28,0.0,0.17,,"AWS, Docker, Git, Machine Learning, NLP, NumPy, Pandas, Python, SQL, Scikit-learn","Candidate CAND_1042 shows weak overall alignment (0.28% text similarity, 0.0% skill match). Missing critical requirements: [AWS, Docker, Git, Machine Learning, NLP, NumPy, Pandas, Python, SQL, Scikit-learn]."
1454,CAND_2468,AVIATION,0.29,0.0,0.17,,"AWS, Docker, Git, Machine Learning, NLP, NumPy, Pandas, Python, SQL, Scikit-learn","Candidate CAND_2468 shows weak overall alignment (0.29% text similarity, 0.0% skill match). Missing critical requirements: [AWS, Docker, Git, Machine Learning, NLP, NumPy, Pandas, Python, SQL, Scikit-learn]."
1455,CAND_669,BUSINESS-DEVELOPMENT,0.29,0.0,0.17,,"AWS, Docker, Git, Machine Learning, NLP, NumPy, Pandas, Python, SQL, Scikit-learn","Candidate CAND_669 shows weak overall alignment (0.29% text similarity, 0.0% skill match). Missing critical requirements: [AWS, Docker, Git, Machine Learning, NLP, NumPy, Pandas, Python, SQL, Scikit-learn]."
1456,CAND_1606,APPAREL,0.28,0.0,0.17,,"AWS, Docker, Git, Machine Learning, NLP, NumPy, Pandas, Python, SQL, Scikit-learn","Candidate CAND_1606 shows weak overall alignment (0.28% text similarity, 0.0% skill match). Missing critical requirements: [AWS, Docker, Git, Machine Learning, NLP, NumPy, Pandas, Python, SQL, Scikit-learn]."
1457,CAND_2447,AVIATION,0.29,0.0,0.17,,"AWS, Docker, Git, Machine Learning, NLP, NumPy, Pandas, Python, SQL, Scikit-learn","Candidate CAND_2447 shows weak overall alignment (0.29% text similarity, 0.0% skill match). Missing critical requirements: [AWS, Docker, Git, Machine Learning, NLP, NumPy, Pandas, Python, SQL, Scikit-learn]."
1458,CAND_2024,CONSTRUCTION,0.28,0.0,0.17,,"AWS, Docker, Git, Machine Learning, NLP, NumPy, Pandas, Python, SQL, Scikit-learn","Candidate CAND_2024 shows weak overall alignment (0.28% text similarity, 0.0% skill match). Missing critical requirements: [AWS, Docker, Git, Machine Learning, NLP, NumPy, Pandas, Python, SQL, Scikit-learn]."
1459,CAND_2050,PUBLIC-RELATIONS,0.28,0.0,0.17,,"AWS, Docker, Git, Machine Learning, NLP, NumPy, Pandas, Python, SQL, Scikit-learn","Candidate CAND_2050 shows weak overall alignment (0.28% text similarity, 0.0% skill match). Missing critical requirements: [AWS, Docker, Git, Machine Learning, NLP, NumPy, Pandas, Python, SQL, Scikit-learn]."
1460,CAND_670,BUSINESS-DEVELOPMENT,0.29,0.0,0.17,,"AWS, Docker, Git, Machine Learning, NLP, NumPy, Pandas, Python, SQL, Scikit-learn","Candidate CAND_670 shows weak overall alignment (0.29% text similarity, 0.0% skill match). Missing critical requirements: [AWS, Docker, Git, Machine Learning, NLP, NumPy, Pandas, Python, SQL, Scikit-learn]."
1461,CAND_2049,PUBLIC-RELATIONS,0.29,0.0,0.17,,"AWS, Docker, Git, Machine Learning, NLP, NumPy, Pandas, Python, SQL, Scikit-learn","Candidate CAND_2049 shows weak overall alignment (0.29% text similarity, 0.0% skill match). Missing critical requirements: [AWS, Docker, Git, Machine Learning, NLP, NumPy, Pandas, Python, SQL, Scikit-learn]."
1462,CAND_220,INFORMATION-TECHNOLOGY,0.29,0.0,0.17,,"AWS, Docker, Git, Machine Learning, NLP, NumPy, Pandas, Python, SQL, Scikit-learn","Candidate CAND_220 shows weak overall alignment (0.29% text similarity, 0.0% skill match). Missing critical requirements: [AWS, Docker, Git, Machine Learning, NLP, NumPy, Pandas, Python, SQL, Scikit-learn]."
1463,CAND_969,AGRICULTURE,0.26,0.0,0.16,,"AWS, Docker, Git, Machine Learning, NLP, NumPy, Pandas, Python, SQL, Scikit-learn","Candidate CAND_969 shows weak overall alignment (0.26% text similarity, 0.0% skill match). Missing critical requirements: [AWS, Docker, Git, Machine Learning, NLP, NumPy, Pandas, Python, SQL, Scikit-learn]."
1464,CAND_1200,CONSULTANT,0.27,0.0,0.16,,"AWS, Docker, Git, Machine Learning, NLP, NumPy, Pandas, Python, SQL, Scikit-learn","Candidate CAND_1200 shows weak overall alignment (0.27% text similarity, 0.0% skill match). Missing critical requirements: [AWS, Docker, Git, Machine Learning, NLP, NumPy, Pandas, Python, SQL, Scikit-learn]."
1465,CAND_2156,BANKING,0.26,0.0,0.16,,"AWS, Docker, Git, Machine Learning, NLP, NumPy, Pandas, Python, SQL, Scikit-learn","Candidate CAND_2156 shows weak overall alignment (0.26% text similarity, 0.0% skill match). Missing critical requirements: [AWS, Docker, Git, Machine Learning, NLP, NumPy, Pandas, Python, SQL, Scikit-learn]."
1466,CAND_1813,ACCOUNTANT,0.26,0.0,0.16,,"AWS, Docker, Git, Machine Learning, NLP, NumPy, Pandas, Python, SQL, Scikit-learn","Candidate CAND_1813 shows weak overall alignment (0.26% text similarity, 0.0% skill match). Missing critical requirements: [AWS, Docker, Git, Machine Learning, NLP, NumPy, Pandas, Python, SQL, Scikit-learn]."
1467,CAND_978,BPO,0.26,0.0,0.16,,"AWS, Docker, Git, Machine Learning, NLP, NumPy, Pandas, Python, SQL, Scikit-learn","Candidate CAND_978 shows weak overall alignment (0.26% text similarity, 0.0% skill match). Missing critical requirements: [AWS, Docker, Git, Machine Learning, NLP, NumPy, Pandas, Python, SQL, Scikit-learn]."
1468,CAND_053,HR,0.26,0.0,0.16,,"AWS, Docker, Git, Machine Learning, NLP, NumPy, Pandas, Python, SQL, Scikit-learn","Candidate CAND_053 shows weak overall alignment (0.26% text similarity, 0.0% skill match). Missing critical requirements: [AWS, Docker, Git, Machine Learning, NLP, NumPy, Pandas, Python, SQL, Scikit-learn]."
1469,CAND_975,BPO,0.26,0.0,0.16,,"AWS, Docker, Git, Machine Learning, NLP, NumPy, Pandas, Python, SQL, Scikit-learn","Candidate CAND_975 shows weak overall alignment (0.26% text similarity, 0.0% skill match). Missing critical requirements: [AWS, Docker, Git, Machine Learning, NLP, NumPy, Pandas, Python, SQL, Scikit-learn]."
1470,CAND_2054,PUBLIC-RELATIONS,0.27,0.0,0.16,,"AWS, Docker, Git, Machine Learning, NLP, NumPy, Pandas, Python, SQL, Scikit-learn","Candidate CAND_2054 shows weak overall alignment (0.27% text similarity, 0.0% skill match). Missing critical requirements: [AWS, Docker, Git, Machine Learning, NLP, NumPy, Pandas, Python, SQL, Scikit-learn]."
1471,CAND_1365,CHEF,0.26,0.0,0.16,,"AWS, Docker, Git, Machine Learning, NLP, NumPy, Pandas, Python, SQL, Scikit-learn","Candidate CAND_1365 shows weak overall alignment (0.26% text similarity, 0.0% skill match). Missing critical requirements: [AWS, Docker, Git, Machine Learning, NLP, NumPy, Pandas, Python, SQL, Scikit-learn]."
1472,CAND_1637,APPAREL,0.27,0.0,0.16,,"AWS, Docker, Git, Machine Learning, NLP, NumPy, Pandas, Python, SQL, Scikit-learn","Candidate CAND_1637 shows weak overall alignment (0.27% text similarity, 0.0% skill match). Missing critical requirements: [AWS, Docker, Git, Machine Learning, NLP, NumPy, Pandas, Python, SQL, Scikit-learn]."
1473,CAND_1361,CHEF,0.27,0.0,0.16,,"AWS, Docker, Git, Machine Learning, NLP, NumPy, Pandas, Python, SQL, Scikit-learn","Candidate CAND_1361 shows weak overall alignment (0.27% text similarity, 0.0% skill match). Missing critical requirements: [AWS, Docker, Git, Machine Learning, NLP, NumPy, Pandas, Python, SQL, Scikit-learn]."
1474,CAND_511,ADVOCATE,0.27,0.0,0.16,,"AWS, Docker, Git, Machine Learning, NLP, NumPy, Pandas, Python, SQL, Scikit-learn","Candidate CAND_511 shows weak overall alignment (0.27% text similarity, 0.0% skill match). Missing critical requirements: [AWS, Docker, Git, Machine Learning, NLP, NumPy, Pandas, Python, SQL, Scikit-learn]."
1475,CAND_945,AGRICULTURE,0.27,0.0,0.16,,"AWS, Docker, Git, Machine Learning, NLP, NumPy, Pandas, Python, SQL, Scikit-learn","Candidate CAND_945 shows weak overall alignment (0.27% text similarity, 0.0% skill match). Missing critical requirements: [AWS, Docker, Git, Machine Learning, NLP, NumPy, Pandas, Python, SQL, Scikit-learn]."
1476,CAND_2140,PUBLIC-RELATIONS,0.27,0.0,0.16,,"AWS, Docker, Git, Machine Learning, NLP, NumPy, Pandas, Python, SQL, Scikit-learn","Candidate CAND_2140 shows weak overall alignment (0.27% text similarity, 0.0% skill match). Missing critical requirements: [AWS, Docker, Git, Machine Learning, NLP, NumPy, Pandas, Python, SQL, Scikit-learn]."
1477,CAND_496,ADVOCATE,0.27,0.0,0.16,,"AWS, Docker, Git, Machine Learning, NLP, NumPy, Pandas, Python, SQL, Scikit-learn","Candidate CAND_496 shows weak overall alignment (0.27% text similarity, 0.0% skill match). Missing critical requirements: [AWS, Docker, Git, Machine Learning, NLP, NumPy, Pandas, Python, SQL, Scikit-learn]."
1478,CAND_052,HR,0.27,0.0,0.16,,"AWS, Docker, Git, Machine Learning, NLP, NumPy, Pandas, Python, SQL, Scikit-learn","Candidate CAND_052 shows weak overall alignment (0.27% text similarity, 0.0% skill match). Missing critical requirements: [AWS, Docker, Git, Machine Learning, NLP, NumPy, Pandas, Python, SQL, Scikit-learn]."
1479,CAND_889,FITNESS,0.27,0.0,0.16,,"AWS, Docker, Git, Machine Learning, NLP, NumPy, Pandas, Python, SQL, Scikit-learn","Candidate CAND_889 shows weak overall alignment (0.27% text similarity, 0.0% skill match). Missing critical requirements: [AWS, Docker, Git, Machine Learning, NLP, NumPy, Pandas, Python, SQL, Scikit-learn]."
1480,CAND_278,INFORMATION-TECHNOLOGY,0.26,0.0,0.16,,"AWS, Docker, Git, Machine Learning, NLP, NumPy, Pandas, Python, SQL, Scikit-learn","Candidate CAND_278 shows weak overall alignment (0.26% text similarity, 0.0% skill match). Missing critical requirements: [AWS, Docker, Git, Machine Learning, NLP, NumPy, Pandas, Python, SQL, Scikit-learn]."
1481,CAND_954,AGRICULTURE,0.26,0.0,0.16,,"AWS, Docker, Git, Machine Learning, NLP, NumPy, Pandas, Python, SQL, Scikit-learn","Candidate CAND_954 shows weak overall alignment (0.26% text similarity, 0.0% skill match). Missing critical requirements: [AWS, Docker, Git, Machine Learning, NLP, NumPy, Pandas, Python, SQL, Scikit-learn]."
1482,CAND_2357,ARTS,0.26,0.0,0.16,,"AWS, Docker, Git, Machine Learning, NLP, NumPy, Pandas, Python, SQL, Scikit-learn","Candidate CAND_2357 shows weak overall alignment (0.26% text similarity, 0.0% skill match). Missing critical requirements: [AWS, Docker, Git, Machine Learning, NLP, NumPy, Pandas, Python, SQL, Scikit-learn]."
1483,CAND_197,DESIGNER,0.26,0.0,0.16,,"AWS, Docker, Git, Machine Learning, NLP, NumPy, Pandas, Python, SQL, Scikit-learn","Candidate CAND_197 shows weak overall alignment (0.26% text similarity, 0.0% skill match). Missing critical requirements: [AWS, Docker, Git, Machine Learning, NLP, NumPy, Pandas, Python, SQL, Scikit-learn]."
1484,CAND_908,FITNESS,0.26,0.0,0.16,,"AWS, Docker, Git, Machine Learning, NLP, NumPy, Pandas, Python, SQL, Scikit-learn","Candidate CAND_908 shows weak overall alignment (0.26% text similarity, 0.0% skill match). Missing critical requirements: [AWS, Docker, Git, Machine Learning, NLP, NumPy, Pandas, Python, SQL, Scikit-learn]."
1485,CAND_2402,AVIATION,0.26,0.0,0.16,,"AWS, Docker, Git, Machine Learning, NLP, NumPy, Pandas, Python, SQL, Scikit-learn","Candidate CAND_2402 shows weak overall alignment (0.26% text similarity, 0.0% skill match). Missing critical requirements: [AWS, Docker, Git, Machine Learning, NLP, NumPy, Pandas, Python, SQL, Scikit-learn]."
1486,CAND_1862,ACCOUNTANT,0.27,0.0,0.16,,"AWS, Docker, Git, Machine Learning, NLP, NumPy, Pandas, Python, SQL, Scikit-learn","Candidate CAND_1862 shows weak overall alignment (0.27% text similarity, 0.0% skill match). Missing critical requirements: [AWS, Docker, Git, Machine Learning, NLP, NumPy, Pandas, Python, SQL, Scikit-learn]."
1487,CAND_1598,APPAREL,0.27,0.0,0.16,,"AWS, Docker, Git, Machine Learning, NLP, NumPy, Pandas, Python, SQL, Scikit-learn","Candidate CAND_1598 shows weak overall alignment (0.27% text similarity, 0.0% skill match). Missing critical requirements: [AWS, Docker, Git, Machine Learning, NLP, NumPy, Pandas, Python, SQL, Scikit-learn]."
1488,CAND_1457,CHEF,0.27,0.0,0.16,,"AWS, Docker, Git, Machine Learning, NLP, NumPy, Pandas, Python, SQL, Scikit-learn","Candidate CAND_1457 shows weak overall alignment (0.27% text similarity, 0.0% skill match). Missing critical requirements: [AWS, Docker, Git, Machine Learning, NLP, NumPy, Pandas, Python, SQL, Scikit-learn]."
1489,CAND_1809,ACCOUNTANT,0.26,0.0,0.16,,"AWS, Docker, Git, Machine Learning, NLP, NumPy, Pandas, Python, SQL, Scikit-learn","Candidate CAND_1809 shows weak overall alignment (0.26% text similarity, 0.0% skill match). Missing critical requirements: [AWS, Docker, Git, Machine Learning, NLP, NumPy, Pandas, Python, SQL, Scikit-learn]."
1490,CAND_995,SALES,0.26,0.0,0.16,,"AWS, Docker, Git, Machine Learning, NLP, NumPy, Pandas, Python, SQL, Scikit-learn","Candidate CAND_995 shows weak overall alignment (0.26% text similarity, 0.0% skill match). Missing critical requirements: [AWS, Docker, Git, Machine Learning, NLP, NumPy, Pandas, Python, SQL, Scikit-learn]."
1491,CAND_1312,DIGITAL-MEDIA,0.26,0.0,0.16,,"AWS, Docker, Git, Machine Learning, NLP, NumPy, Pandas, Python, SQL, Scikit-learn","Candidate CAND_1312 shows weak overall alignment (0.26% text similarity, 0.0% skill match). Missing critical requirements: [AWS, Docker, Git, Machine Learning, NLP, NumPy, Pandas, Python, SQL, Scikit-learn]."
1492,CAND_1378,CHEF,0.27,0.0,0.16,,"AWS, Docker, Git, Machine Learning, NLP, NumPy, Pandas, Python, SQL, Scikit-learn","Candidate CAND_1378 shows weak overall alignment (0.27% text similarity, 0.0% skill match). Missing critical requirements: [AWS, Docker, Git, Machine Learning, NLP, NumPy, Pandas, Python, SQL, Scikit-learn]."
1493,CAND_2349,ARTS,0.26,0.0,0.16,,"AWS, Docker, Git, Machine Learning, NLP, NumPy, Pandas, Python, SQL, Scikit-learn","Candidate CAND_2349 shows weak overall alignment (0.26% text similarity, 0.0% skill match). Missing critical requirements: [AWS, Docker, Git, Machine Learning, NLP, NumPy, Pandas, Python, SQL, Scikit-learn]."
1494,CAND_2458,AVIATION,0.26,0.0,0.16,,"AWS, Docker, Git, Machine Learning, NLP, NumPy, Pandas, Python, SQL, Scikit-learn","Candidate CAND_2458 shows weak overall alignment (0.26% text similarity, 0.0% skill match). Missing critical requirements: [AWS, Docker, Git, Machine Learning, NLP, NumPy, Pandas, Python, SQL, Scikit-learn]."
1495,CAND_1891,ACCOUNTANT,0.26,0.0,0.16,,"AWS, Docker, Git, Machine Learning, NLP, NumPy, Pandas, Python, SQL, Scikit-learn","Candidate CAND_1891 shows weak overall alignment (0.26% text similarity, 0.0% skill match). Missing critical requirements: [AWS, Docker, Git, Machine Learning, NLP, NumPy, Pandas, Python, SQL, Scikit-learn]."
1496,CAND_1446,CHEF,0.27,0.0,0.16,,"AWS, Docker, Git, Machine Learning, NLP, NumPy, Pandas, Python, SQL, Scikit-learn","Candidate CAND_1446 shows weak overall alignment (0.27% text similarity, 0.0% skill match). Missing critical requirements: [AWS, Docker, Git, Machine Learning, NLP, NumPy, Pandas, Python, SQL, Scikit-learn]."
1497,CAND_654,BUSINESS-DEVELOPMENT,0.26,0.0,0.16,,"AWS, Docker, Git, Machine Learning, NLP, NumPy, Pandas, Python, SQL, Scikit-learn","Candidate CAND_654 shows weak overall alignment (0.26% text similarity, 0.0% skill match). Missing critical requirements: [AWS, Docker, Git, Machine Learning, NLP, NumPy, Pandas, Python, SQL, Scikit-learn]."
1498,CAND_313,INFORMATION-TECHNOLOGY,0.26,0.0,0.16,,"AWS, Docker, Git, Machine Learning, NLP, NumPy, Pandas, Python, SQL, Scikit-learn","Candidate CAND_313 shows weak overall alignment (0.26% text similarity, 0.0% skill match). Missing critical requirements: [AWS, Docker, Git, Machine Learning, NLP, NumPy, Pandas, Python, SQL, Scikit-learn]."
1499,CAND_786,HEALTHCARE,0.27,0.0,0.16,,"AWS, Docker, Git, Machine Learning, NLP, NumPy, Pandas, Python, SQL, Scikit-learn","Candidate CAND_786 shows weak overall alignment (0.27% text similarity, 0.0% skill match). Missing critical requirements: [AWS, Docker, Git, Machine Learning, NLP, NumPy, Pandas, Python, SQL, Scikit-learn]."
1500,CAND_032,HR,0.26,0.0,0.16,,"AWS, Docker, Git, Machine Learning, NLP, NumPy, Pandas, Python, SQL, Scikit-learn","Candidate CAND_032 shows weak overall alignment (0.26% text similarity, 0.0% skill match). Missing critical requirements: [AWS, Docker, Git, Machine Learning, NLP, NumPy, Pandas, Python, SQL, Scikit-learn]."
1501,CAND_676,BUSINESS-DEVELOPMENT,0.27,0.0,0.16,,"AWS, Docker, Git, Machine Learning, NLP, NumPy, Pandas, Python, SQL, Scikit-learn","Candidate CAND_676 shows weak overall alignment (0.27% text similarity, 0.0% skill match). Missing critical requirements: [AWS, Docker, Git, Machine Learning, NLP, NumPy, Pandas, Python, SQL, Scikit-learn]."
1502,CAND_1300,DIGITAL-MEDIA,0.27,0.0,0.16,,"AWS, Docker, Git, Machine Learning, NLP, NumPy, Pandas, Python, SQL, Scikit-learn","Candidate CAND_1300 shows weak overall alignment (0.27% text similarity, 0.0% skill match). Missing critical requirements: [AWS, Docker, Git, Machine Learning, NLP, NumPy, Pandas, Python, SQL, Scikit-learn]."
1503,CAND_699,HEALTHCARE,0.26,0.0,0.16,,"AWS, Docker, Git, Machine Learning, NLP, NumPy, Pandas, Python, SQL, Scikit-learn","Candidate CAND_699 shows weak overall alignment (0.26% text similarity, 0.0% skill match). Missing critical requirements: [AWS, Docker, Git, Machine Learning, NLP, NumPy, Pandas, Python, SQL, Scikit-learn]."
1504,CAND_1954,CONSTRUCTION,0.27,0.0,0.16,,"AWS, Docker, Git, Machine Learning, NLP, NumPy, Pandas, Python, SQL, Scikit-learn","Candidate CAND_1954 shows weak overall alignment (0.27% text similarity, 0.0% skill match). Missing critical requirements: [AWS, Docker, Git, Machine Learning, NLP, NumPy, Pandas, Python, SQL, Scikit-learn]."
1505,CAND_113,DESIGNER,0.26,0.0,0.16,,"AWS, Docker, Git, Machine Learning, NLP, NumPy, Pandas, Python, SQL, Scikit-learn","Candidate CAND_113 shows weak overall alignment (0.26% text similarity, 0.0% skill match). Missing critical requirements: [AWS, Docker, Git, Machine Learning, NLP, NumPy, Pandas, Python, SQL, Scikit-learn]."
1506,CAND_2165,BANKING,0.27,0.0,0.16,,"AWS, Docker, Git, Machine Learning, NLP, NumPy, Pandas, Python, SQL, Scikit-learn","Candidate CAND_2165 shows weak overall alignment (0.27% text similarity, 0.0% skill match). Missing critical requirements: [AWS, Docker, Git, Machine Learning, NLP, NumPy, Pandas, Python, SQL, Scikit-learn]."
1507,CAND_1663,APPAREL,0.26,0.0,0.16,,"AWS, Docker, Git, Machine Learning, NLP, NumPy, Pandas, Python, SQL, Scikit-learn","Candidate CAND_1663 shows weak overall alignment (0.26% text similarity, 0.0% skill match). Missing critical requirements: [AWS, Docker, Git, Machine Learning, NLP, NumPy, Pandas, Python, SQL, Scikit-learn]."
1508,CAND_1531,FINANCE,0.25,0.0,0.15,,"AWS, Docker, Git, Machine Learning, NLP, NumPy, Pandas, Python, SQL, Scikit-learn","Candidate CAND_1531 shows weak overall alignment (0.25% text similarity, 0.0% skill match). Missing critical requirements: [AWS, Docker, Git, Machine Learning, NLP, NumPy, Pandas, Python, SQL, Scikit-learn]."
1509,CAND_704,HEALTHCARE,0.25,0.0,0.15,,"AWS, Docker, Git, Machine Learning, NLP, NumPy, Pandas, Python, SQL, Scikit-learn","Candidate CAND_704 shows weak overall alignment (0.25% text similarity, 0.0% skill match). Missing critical requirements: [AWS, Docker, Git, Machine Learning, NLP, NumPy, Pandas, Python, SQL, Scikit-learn]."
1510,CAND_1254,DIGITAL-MEDIA,0.25,0.0,0.15,,"AWS, Docker, Git, Machine Learning, NLP, NumPy, Pandas, Python, SQL, Scikit-learn","Candidate CAND_1254 shows weak overall alignment (0.25% text similarity, 0.0% skill match). Missing critical requirements: [AWS, Docker, Git, Machine Learning, NLP, NumPy, Pandas, Python, SQL, Scikit-learn]."
1511,CAND_483,ADVOCATE,0.25,0.0,0.15,,"AWS, Docker, Git, Machine Learning, NLP, NumPy, Pandas, Python, SQL, Scikit-learn","Candidate CAND_483 shows weak overall alignment (0.25% text similarity, 0.0% skill match). Missing critical requirements: [AWS, Docker, Git, Machine Learning, NLP, NumPy, Pandas, Python, SQL, Scikit-learn]."
1512,CAND_1811,ACCOUNTANT,0.25,0.0,0.15,,"AWS, Docker, Git, Machine Learning, NLP, NumPy, Pandas, Python, SQL, Scikit-learn","Candidate CAND_1811 shows weak overall alignment (0.25% text similarity, 0.0% skill match). Missing critical requirements: [AWS, Docker, Git, Machine Learning, NLP, NumPy, Pandas, Python, SQL, Scikit-learn]."
1513,CAND_602,BUSINESS-DEVELOPMENT,0.25,0.0,0.15,,"AWS, Docker, Git, Machine Learning, NLP, NumPy, Pandas, Python, SQL, Scikit-learn","Candidate CAND_602 shows weak overall alignment (0.25% text similarity, 0.0% skill match). Missing critical requirements: [AWS, Docker, Git, Machine Learning, NLP, NumPy, Pandas, Python, SQL, Scikit-learn]."
1514,CAND_703,HEALTHCARE,0.25,0.0,0.15,,"AWS, Docker, Git, Machine Learning, NLP, NumPy, Pandas, Python, SQL, Scikit-learn","Candidate CAND_703 shows weak overall alignment (0.25% text similarity, 0.0% skill match). Missing critical requirements: [AWS, Docker, Git, Machine Learning, NLP, NumPy, Pandas, Python, SQL, Scikit-learn]."
1515,CAND_191,DESIGNER,0.25,0.0,0.15,,"AWS, Docker, Git, Machine Learning, NLP, NumPy, Pandas, Python, SQL, Scikit-learn","Candidate CAND_191 shows weak overall alignment (0.25% text similarity, 0.0% skill match). Missing critical requirements: [AWS, Docker, Git, Machine Learning, NLP, NumPy, Pandas, Python, SQL, Scikit-learn]."
1516,CAND_1427,CHEF,0.25,0.0,0.15,,"AWS, Docker, Git, Machine Learning, NLP, NumPy, Pandas, Python, SQL, Scikit-learn","Candidate CAND_1427 shows weak overall alignment (0.25% text similarity, 0.0% skill match). Missing critical requirements: [AWS, Docker, Git, Machine Learning, NLP, NumPy, Pandas, Python, SQL, Scikit-learn]."
1517,CAND_078,HR,0.25,0.0,0.15,,"AWS, Docker, Git, Machine Learning, NLP, NumPy, Pandas, Python, SQL, Scikit-learn","Candidate CAND_078 shows weak overall alignment (0.25% text similarity, 0.0% skill match). Missing critical requirements: [AWS, Docker, Git, Machine Learning, NLP, NumPy, Pandas, Python, SQL, Scikit-learn]."
1518,CAND_1607,APPAREL,0.25,0.0,0.15,,"AWS, Docker, Git, Machine Learning, NLP, NumPy, Pandas, Python, SQL, Scikit-learn","Candidate CAND_1607 shows weak overall alignment (0.25% text similarity, 0.0% skill match). Missing critical requirements: [AWS, Docker, Git, Machine Learning, NLP, NumPy, Pandas, Python, SQL, Scikit-learn]."
1519,CAND_1866,ACCOUNTANT,0.25,0.0,0.15,,"AWS, Docker, Git, Machine Learning, NLP, NumPy, Pandas, Python, SQL, Scikit-learn","Candidate CAND_1866 shows weak overall alignment (0.25% text similarity, 0.0% skill match). Missing critical requirements: [AWS, Docker, Git, Machine Learning, NLP, NumPy, Pandas, Python, SQL, Scikit-learn]."
1520,CAND_309,INFORMATION-TECHNOLOGY,0.25,0.0,0.15,,"AWS, Docker, Git, Machine Learning, NLP, NumPy, Pandas, Python, SQL, Scikit-learn","Candidate CAND_309 shows weak overall alignment (0.25% text similarity, 0.0% skill match). Missing critical requirements: [AWS, Docker, Git, Machine Learning, NLP, NumPy, Pandas, Python, SQL, Scikit-learn]."
1521,CAND_797,FITNESS,0.25,0.0,0.15,,"AWS, Docker, Git, Machine Learning, NLP, NumPy, Pandas, Python, SQL, Scikit-learn","Candidate CAND_797 shows weak overall alignment (0.25% text similarity, 0.0% skill match). Missing critical requirements: [AWS, Docker, Git, Machine Learning, NLP, NumPy, Pandas, Python, SQL, Scikit-learn]."
1522,CAND_004,HR,0.25,0.0,0.15,,"AWS, Docker, Git, Machine Learning, NLP, NumPy, Pandas, Python, SQL, Scikit-learn","Candidate CAND_004 shows weak overall alignment (0.25% text similarity, 0.0% skill match). Missing critical requirements: [AWS, Docker, Git, Machine Learning, NLP, NumPy, Pandas, Python, SQL, Scikit-learn]."
1523,CAND_1343,AUTOMOBILE,0.25,0.0,0.15,,"AWS, Docker, Git, Machine Learning, NLP, NumPy, Pandas, Python, SQL, Scikit-learn","Candidate CAND_1343 shows weak overall alignment (0.25% text similarity, 0.0% skill match). Missing critical requirements: [AWS, Docker, Git, Machine Learning, NLP, NumPy, Pandas, Python, SQL, Scikit-learn]."
1524,CAND_190,DESIGNER,0.25,0.0,0.15,,"AWS, Docker, Git, Machine Learning, NLP, NumPy, Pandas, Python, SQL, Scikit-learn","Candidate CAND_190 shows weak overall alignment (0.25% text similarity, 0.0% skill match). Missing critical requirements: [AWS, Docker, Git, Machine Learning, NLP, NumPy, Pandas, Python, SQL, Scikit-learn]."
1525,CAND_2175,BANKING,0.25,0.0,0.15,,"AWS, Docker, Git, Machine Learning, NLP, NumPy, Pandas, Python, SQL, Scikit-learn","Candidate CAND_2175 shows weak overall alignment (0.25% text similarity, 0.0% skill match). Missing critical requirements: [AWS, Docker, Git, Machine Learning, NLP, NumPy, Pandas, Python, SQL, Scikit-learn]."
1526,CAND_824,FITNESS,0.25,0.0,0.15,,"AWS, Docker, Git, Machine Learning, NLP, NumPy, Pandas, Python, SQL, Scikit-learn","Candidate CAND_824 shows weak overall alignment (0.25% text similarity, 0.0% skill match). Missing critical requirements: [AWS, Docker, Git, Machine Learning, NLP, NumPy, Pandas, Python, SQL, Scikit-learn]."
1527,CAND_2305,ARTS,0.25,0.0,0.15,,"AWS, Docker, Git, Machine Learning, NLP, NumPy, Pandas, Python, SQL, Scikit-learn","Candidate CAND_2305 shows weak overall alignment (0.25% text similarity, 0.0% skill match). Missing critical requirements: [AWS, Docker, Git, Machine Learning, NLP, NumPy, Pandas, Python, SQL, Scikit-learn]."
1528,CAND_790,HEALTHCARE,0.25,0.0,0.15,,"AWS, Docker, Git, Machine Learning, NLP, NumPy, Pandas, Python, SQL, Scikit-learn","Candidate CAND_790 shows weak overall alignment (0.25% text similarity, 0.0% skill match). Missing critical requirements: [AWS, Docker, Git, Machine Learning, NLP, NumPy, Pandas, Python, SQL, Scikit-learn]."
1529,CAND_2073,PUBLIC-RELATIONS,0.24,0.0,0.14,,"AWS, Docker, Git, Machine Learning, NLP, NumPy, Pandas, Python, SQL, Scikit-learn","Candidate CAND_2073 shows weak overall alignment (0.24% text similarity, 0.0% skill match). Missing critical requirements: [AWS, Docker, Git, Machine Learning, NLP, NumPy, Pandas, Python, SQL, Scikit-learn]."
1530,CAND_2010,CONSTRUCTION,0.23,0.0,0.14,,"AWS, Docker, Git, Machine Learning, NLP, NumPy, Pandas, Python, SQL, Scikit-learn","Candidate CAND_2010 shows weak overall alignment (0.23% text similarity, 0.0% skill match). Missing critical requirements: [AWS, Docker, Git, Machine Learning, NLP, NumPy, Pandas, Python, SQL, Scikit-learn]."
1531,CAND_1189,CONSULTANT,0.24,0.0,0.14,,"AWS, Docker, Git, Machine Learning, NLP, NumPy, Pandas, Python, SQL, Scikit-learn","Candidate CAND_1189 shows weak overall alignment (0.24% text similarity, 0.0% skill match). Missing critical requirements: [AWS, Docker, Git, Machine Learning, NLP, NumPy, Pandas, Python, SQL, Scikit-learn]."
1532,CAND_545,ADVOCATE,0.23,0.0,0.14,,"AWS, Docker, Git, Machine Learning, NLP, NumPy, Pandas, Python, SQL, Scikit-learn","Candidate CAND_545 shows weak overall alignment (0.23% text similarity, 0.0% skill match). Missing critical requirements: [AWS, Docker, Git, Machine Learning, NLP, NumPy, Pandas, Python, SQL, Scikit-learn]."
1533,CAND_1194,CONSULTANT,0.24,0.0,0.14,,"AWS, Docker, Git, Machine Learning, NLP, NumPy, Pandas, Python, SQL, Scikit-learn","Candidate CAND_1194 shows weak overall alignment (0.24% text similarity, 0.0% skill match). Missing critical requirements: [AWS, Docker, Git, Machine Learning, NLP, NumPy, Pandas, Python, SQL, Scikit-learn]."
1534,CAND_2466,AVIATION,0.24,0.0,0.14,,"AWS, Docker, Git, Machine Learning, NLP, NumPy, Pandas, Python, SQL, Scikit-learn","Candidate CAND_2466 shows weak overall alignment (0.24% text similarity, 0.0% skill match). Missing critical requirements: [AWS, Docker, Git, Machine Learning, NLP, NumPy, Pandas, Python, SQL, Scikit-learn]."
1535,CAND_2055,PUBLIC-RELATIONS,0.24,0.0,0.14,,"AWS, Docker, Git, Machine Learning, NLP, NumPy, Pandas, Python, SQL, Scikit-learn","Candidate CAND_2055 shows weak overall alignment (0.24% text similarity, 0.0% skill match). Missing critical requirements: [AWS, Docker, Git, Machine Learning, NLP, NumPy, Pandas, Python, SQL, Scikit-learn]."
1536,CAND_2057,PUBLIC-RELATIONS,0.23,0.0,0.14,,"AWS, Docker, Git, Machine Learning, NLP, NumPy, Pandas, Python, SQL, Scikit-learn","Candidate CAND_2057 shows weak overall alignment (0.23% text similarity, 0.0% skill match). Missing critical requirements: [AWS, Docker, Git, Machine Learning, NLP, NumPy, Pandas, Python, SQL, Scikit-learn]."
1537,CAND_2186,BANKING,0.24,0.0,0.14,,"AWS, Docker, Git, Machine Learning, NLP, NumPy, Pandas, Python, SQL, Scikit-learn","Candidate CAND_2186 shows weak overall alignment (0.24% text similarity, 0.0% skill match). Missing critical requirements: [AWS, Docker, Git, Machine Learning, NLP, NumPy, Pandas, Python, SQL, Scikit-learn]."
1538,CAND_2380,AVIATION,0.23,0.0,0.14,,"AWS, Docker, Git, Machine Learning, NLP, NumPy, Pandas, Python, SQL, Scikit-learn","Candidate CAND_2380 shows weak overall alignment (0.23% text similarity, 0.0% skill match). Missing critical requirements: [AWS, Docker, Git, Machine Learning, NLP, NumPy, Pandas, Python, SQL, Scikit-learn]."
1539,CAND_866,FITNESS,0.23,0.0,0.14,,"AWS, Docker, Git, Machine Learning, NLP, NumPy, Pandas, Python, SQL, Scikit-learn","Candidate CAND_866 shows weak overall alignment (0.23% text similarity, 0.0% skill match). Missing critical requirements: [AWS, Docker, Git, Machine Learning, NLP, NumPy, Pandas, Python, SQL, Scikit-learn]."
1540,CAND_619,BUSINESS-DEVELOPMENT,0.24,0.0,0.14,,"AWS, Docker, Git, Machine Learning, NLP, NumPy, Pandas, Python, SQL, Scikit-learn","Candidate CAND_619 shows weak overall alignment (0.24% text similarity, 0.0% skill match). Missing critical requirements: [AWS, Docker, Git, Machine Learning, NLP, NumPy, Pandas, Python, SQL, Scikit-learn]."
1541,CAND_621,BUSINESS-DEVELOPMENT,0.24,0.0,0.14,,"AWS, Docker, Git, Machine Learning, NLP, NumPy, Pandas, Python, SQL, Scikit-learn","Candidate CAND_621 shows weak overall alignment (0.24% text similarity, 0.0% skill match). Missing critical requirements: [AWS, Docker, Git, Machine Learning, NLP, NumPy, Pandas, Python, SQL, Scikit-learn]."
1542,CAND_1678,APPAREL,0.23,0.0,0.14,,"AWS, Docker, Git, Machine Learning, NLP, NumPy, Pandas, Python, SQL, Scikit-learn","Candidate CAND_1678 shows weak overall alignment (0.23% text similarity, 0.0% skill match). Missing critical requirements: [AWS, Docker, Git, Machine Learning, NLP, NumPy, Pandas, Python, SQL, Scikit-learn]."
1543,CAND_1176,CONSULTANT,0.24,0.0,0.14,,"AWS, Docker, Git, Machine Learning, NLP, NumPy, Pandas, Python, SQL, Scikit-learn","Candidate CAND_1176 shows weak overall alignment (0.24% text similarity, 0.0% skill match). Missing critical requirements: [AWS, Docker, Git, Machine Learning, NLP, NumPy, Pandas, Python, SQL, Scikit-learn]."
1544,CAND_2229,BANKING,0.24,0.0,0.14,,"AWS, Docker, Git, Machine Learning, NLP, NumPy, Pandas, Python, SQL, Scikit-learn","Candidate CAND_2229 shows weak overall alignment (0.24% text similarity, 0.0% skill match). Missing critical requirements: [AWS, Docker, Git, Machine Learning, NLP, NumPy, Pandas, Python, SQL, Scikit-learn]."
1545,CAND_1429,CHEF,0.23,0.0,0.14,,"AWS, Docker, Git, Machine Learning, NLP, NumPy, Pandas, Python, SQL, Scikit-learn","Candidate CAND_1429 shows weak overall alignment (0.23% text similarity, 0.0% skill match). Missing critical requirements: [AWS, Docker, Git, Machine Learning, NLP, NumPy, Pandas, Python, SQL, Scikit-learn]."
1546,CAND_803,FITNESS,0.24,0.0,0.14,,"AWS, Docker, Git, Machine Learning, NLP, NumPy, Pandas, Python, SQL, Scikit-learn","Candidate CAND_803 shows weak overall alignment (0.24% text similarity, 0.0% skill match). Missing critical requirements: [AWS, Docker, Git, Machine Learning, NLP, NumPy, Pandas, Python, SQL, Scikit-learn]."
1547,CAND_1376,CHEF,0.24,0.0,0.14,,"AWS, Docker, Git, Machine Learning, NLP, NumPy, Pandas, Python, SQL, Scikit-learn","Candidate CAND_1376 shows weak overall alignment (0.24% text similarity, 0.0% skill match). Missing critical requirements: [AWS, Docker, Git, Machine Learning, NLP, NumPy, Pandas, Python, SQL, Scikit-learn]."
1548,CAND_1931,CONSTRUCTION,0.23,0.0,0.14,,"AWS, Docker, Git, Machine Learning, NLP, NumPy, Pandas, Python, SQL, Scikit-learn","Candidate CAND_1931 shows weak overall alignment (0.23% text similarity, 0.0% skill match). Missing critical requirements: [AWS, Docker, Git, Machine Learning, NLP, NumPy, Pandas, Python, SQL, Scikit-learn]."
1549,CAND_1310,DIGITAL-MEDIA,0.24,0.0,0.14,,"AWS, Docker, Git, Machine Learning, NLP, NumPy, Pandas, Python, SQL, Scikit-learn","Candidate CAND_1310 shows weak overall alignment (0.24% text similarity, 0.0% skill match). Missing critical requirements: [AWS, Docker, Git, Machine Learning, NLP, NumPy, Pandas, Python, SQL, Scikit-learn]."
1550,CAND_1061,SALES,0.24,0.0,0.14,,"AWS, Docker, Git, Machine Learning, NLP, NumPy, Pandas, Python, SQL, Scikit-learn","Candidate CAND_1061 shows weak overall alignment (0.24% text similarity, 0.0% skill match). Missing critical requirements: [AWS, Docker, Git, Machine Learning, NLP, NumPy, Pandas, Python, SQL, Scikit-learn]."
1551,CAND_2347,ARTS,0.23,0.0,0.14,,"AWS, Docker, Git, Machine Learning, NLP, NumPy, Pandas, Python, SQL, Scikit-learn","Candidate CAND_2347 shows weak overall alignment (0.23% text similarity, 0.0% skill match). Missing critical requirements: [AWS, Docker, Git, Machine Learning, NLP, NumPy, Pandas, Python, SQL, Scikit-learn]."
1552,CAND_226,INFORMATION-TECHNOLOGY,0.23,0.0,0.14,,"AWS, Docker, Git, Machine Learning, NLP, NumPy, Pandas, Python, SQL, Scikit-learn","Candidate CAND_226 shows weak overall alignment (0.23% text similarity, 0.0% skill match). Missing critical requirements: [AWS, Docker, Git, Machine Learning, NLP, NumPy, Pandas, Python, SQL, Scikit-learn]."
1553,CAND_841,FITNESS,0.24,0.0,0.14,,"AWS, Docker, Git, Machine Learning, NLP, NumPy, Pandas, Python, SQL, Scikit-learn","Candidate CAND_841 shows weak overall alignment (0.24% text similarity, 0.0% skill match). Missing critical requirements: [AWS, Docker, Git, Machine Learning, NLP, NumPy, Pandas, Python, SQL, Scikit-learn]."
1554,CAND_646,BUSINESS-DEVELOPMENT,0.24,0.0,0.14,,"AWS, Docker, Git, Machine Learning, NLP, NumPy, Pandas, Python, SQL, Scikit-learn","Candidate CAND_646 shows weak overall alignment (0.24% text similarity, 0.0% skill match). Missing critical requirements: [AWS, Docker, Git, Machine Learning, NLP, NumPy, Pandas, Python, SQL, Scikit-learn]."
1555,CAND_321,INFORMATION-TECHNOLOGY,0.24,0.0,0.14,,"AWS, Docker, Git, Machine Learning, NLP, NumPy, Pandas, Python, SQL, Scikit-learn","Candidate CAND_321 shows weak overall alignment (0.24% text similarity, 0.0% skill match). Missing critical requirements: [AWS, Docker, Git, Machine Learning, NLP, NumPy, Pandas, Python, SQL, Scikit-learn]."
1556,CAND_1336,AUTOMOBILE,0.24,0.0,0.14,,"AWS, Docker, Git, Machine Learning, NLP, NumPy, Pandas, Python, SQL, Scikit-learn","Candidate CAND_1336 shows weak overall alignment (0.24% text similarity, 0.0% skill match). Missing critical requirements: [AWS, Docker, Git, Machine Learning, NLP, NumPy, Pandas, Python, SQL, Scikit-learn]."
1557,CAND_1337,AUTOMOBILE,0.23,0.0,0.14,,"AWS, Docker, Git, Machine Learning, NLP, NumPy, Pandas, Python, SQL, Scikit-learn","Candidate CAND_1337 shows weak overall alignment (0.23% text similarity, 0.0% skill match). Missing critical requirements: [AWS, Docker, Git, Machine Learning, NLP, NumPy, Pandas, Python, SQL, Scikit-learn]."
1558,CAND_1460,CHEF,0.24,0.0,0.14,,"AWS, Docker, Git, Machine Learning, NLP, NumPy, Pandas, Python, SQL, Scikit-learn","Candidate CAND_1460 shows weak overall alignment (0.24% text similarity, 0.0% skill match). Missing critical requirements: [AWS, Docker, Git, Machine Learning, NLP, NumPy, Pandas, Python, SQL, Scikit-learn]."
1559,CAND_128,DESIGNER,0.24,0.0,0.14,,"AWS, Docker, Git, Machine Learning, NLP, NumPy, Pandas, Python, SQL, Scikit-learn","Candidate CAND_128 shows weak overall alignment (0.24% text similarity, 0.0% skill match). Missing critical requirements: [AWS, Docker, Git, Machine Learning, NLP, NumPy, Pandas, Python, SQL, Scikit-learn]."
1560,CAND_2112,PUBLIC-RELATIONS,0.24,0.0,0.14,,"AWS, Docker, Git, Machine Learning, NLP, NumPy, Pandas, Python, SQL, Scikit-learn","Candidate CAND_2112 shows weak overall alignment (0.24% text similarity, 0.0% skill match). Missing critical requirements: [AWS, Docker, Git, Machine Learning, NLP, NumPy, Pandas, Python, SQL, Scikit-learn]."
1561,CAND_895,FITNESS,0.23,0.0,0.14,,"AWS, Docker, Git, Machine Learning, NLP, NumPy, Pandas, Python, SQL, Scikit-learn","Candidate CAND_895 shows weak overall alignment (0.23% text similarity, 0.0% skill match). Missing critical requirements: [AWS, Docker, Git, Machine Learning, NLP, NumPy, Pandas, Python, SQL, Scikit-learn]."
1562,CAND_038,HR,0.23,0.0,0.14,,"AWS, Docker, Git, Machine Learning, NLP, NumPy, Pandas, Python, SQL, Scikit-learn","Candidate CAND_038 shows weak overall alignment (0.23% text similarity, 0.0% skill match). Missing critical requirements: [AWS, Docker, Git, Machine Learning, NLP, NumPy, Pandas, Python, SQL, Scikit-learn]."
1563,CAND_1511,FINANCE,0.24,0.0,0.14,,"AWS, Docker, Git, Machine Learning, NLP, NumPy, Pandas, Python, SQL, Scikit-learn","Candidate CAND_1511 shows weak overall alignment (0.24% text similarity, 0.0% skill match). Missing critical requirements: [AWS, Docker, Git, Machine Learning, NLP, NumPy, Pandas, Python, SQL, Scikit-learn]."
1564,CAND_2342,ARTS,0.23,0.0,0.14,,"AWS, Docker, Git, Machine Learning, NLP, NumPy, Pandas, Python, SQL, Scikit-learn","Candidate CAND_2342 shows weak overall alignment (0.23% text similarity, 0.0% skill match). Missing critical requirements: [AWS, Docker, Git, Machine Learning, NLP, NumPy, Pandas, Python, SQL, Scikit-learn]."
1565,CAND_141,DESIGNER,0.24,0.0,0.14,,"AWS, Docker, Git, Machine Learning, NLP, NumPy, Pandas, Python, SQL, Scikit-learn","Candidate CAND_141 shows weak overall alignment (0.24% text similarity, 0.0% skill match). Missing critical requirements: [AWS, Docker, Git, Machine Learning, NLP, NumPy, Pandas, Python, SQL, Scikit-learn]."
1566,CAND_200,DESIGNER,0.23,0.0,0.14,,"AWS, Docker, Git, Machine Learning, NLP, NumPy, Pandas, Python, SQL, Scikit-learn","Candidate CAND_200 shows weak overall alignment (0.23% text similarity, 0.0% skill match). Missing critical requirements: [AWS, Docker, Git, Machine Learning, NLP, NumPy, Pandas, Python, SQL, Scikit-learn]."
1567,CAND_2406,AVIATION,0.24,0.0,0.14,,"AWS, Docker, Git, Machine Learning, NLP, NumPy, Pandas, Python, SQL, Scikit-learn","Candidate CAND_2406 shows weak overall alignment (0.24% text similarity, 0.0% skill match). Missing critical requirements: [AWS, Docker, Git, Machine Learning, NLP, NumPy, Pandas, Python, SQL, Scikit-learn]."
1568,CAND_1484,FINANCE,0.23,0.0,0.14,,"AWS, Docker, Git, Machine Learning, NLP, NumPy, Pandas, Python, SQL, Scikit-learn","Candidate CAND_1484 shows weak overall alignment (0.23% text similarity, 0.0% skill match). Missing critical requirements: [AWS, Docker, Git, Machine Learning, NLP, NumPy, Pandas, Python, SQL, Scikit-learn]."
1569,CAND_1276,DIGITAL-MEDIA,0.24,0.0,0.14,,"AWS, Docker, Git, Machine Learning, NLP, NumPy, Pandas, Python, SQL, Scikit-learn","Candidate CAND_1276 shows weak overall alignment (0.24% text similarity, 0.0% skill match). Missing critical requirements: [AWS, Docker, Git, Machine Learning, NLP, NumPy, Pandas, Python, SQL, Scikit-learn]."
1570,CAND_1278,DIGITAL-MEDIA,0.23,0.0,0.14,,"AWS, Docker, Git, Machine Learning, NLP, NumPy, Pandas, Python, SQL, Scikit-learn","Candidate CAND_1278 shows weak overall alignment (0.23% text similarity, 0.0% skill match). Missing critical requirements: [AWS, Docker, Git, Machine Learning, NLP, NumPy, Pandas, Python, SQL, Scikit-learn]."
1571,CAND_1661,APPAREL,0.24,0.0,0.14,,"AWS, Docker, Git, Machine Learning, NLP, NumPy, Pandas, Python, SQL, Scikit-learn","Candidate CAND_1661 shows weak overall alignment (0.24% text similarity, 0.0% skill match). Missing critical requirements: [AWS, Docker, Git, Machine Learning, NLP, NumPy, Pandas, Python, SQL, Scikit-learn]."
1572,CAND_2185,BANKING,0.23,0.0,0.14,,"AWS, Docker, Git, Machine Learning, NLP, NumPy, Pandas, Python, SQL, Scikit-learn","Candidate CAND_2185 shows weak overall alignment (0.23% text similarity, 0.0% skill match). Missing critical requirements: [AWS, Docker, Git, Machine Learning, NLP, NumPy, Pandas, Python, SQL, Scikit-learn]."
1573,CAND_1462,CHEF,0.24,0.0,0.14,,"AWS, Docker, Git, Machine Learning, NLP, NumPy, Pandas, Python, SQL, Scikit-learn","Candidate CAND_1462 shows weak overall alignment (0.24% text similarity, 0.0% skill match). Missing critical requirements: [AWS, Docker, Git, Machine Learning, NLP, NumPy, Pandas, Python, SQL, Scikit-learn]."
1574,CAND_1890,ACCOUNTANT,0.21,0.0,0.13,,"AWS, Docker, Git, Machine Learning, NLP, NumPy, Pandas, Python, SQL, Scikit-learn","Candidate CAND_1890 shows weak overall alignment (0.21% text similarity, 0.0% skill match). Missing critical requirements: [AWS, Docker, Git, Machine Learning, NLP, NumPy, Pandas, Python, SQL, Scikit-learn]."
1575,CAND_1903,ACCOUNTANT,0.22,0.0,0.13,,"AWS, Docker, Git, Machine Learning, NLP, NumPy, Pandas, Python, SQL, Scikit-learn","Candidate CAND_1903 shows weak overall alignment (0.22% text similarity, 0.0% skill match). Missing critical requirements: [AWS, Docker, Git, Machine Learning, NLP, NumPy, Pandas, Python, SQL, Scikit-learn]."
1576,CAND_565,BUSINESS-DEVELOPMENT,0.22,0.0,0.13,,"AWS, Docker, Git, Machine Learning, NLP, NumPy, Pandas, Python, SQL, Scikit-learn","Candidate CAND_565 shows weak overall alignment (0.22% text similarity, 0.0% skill match). Missing critical requirements: [AWS, Docker, Git, Machine Learning, NLP, NumPy, Pandas, Python, SQL, Scikit-learn]."
1577,CAND_794,FITNESS,0.21,0.0,0.13,,"AWS, Docker, Git, Machine Learning, NLP, NumPy, Pandas, Python, SQL, Scikit-learn","Candidate CAND_794 shows weak overall alignment (0.21% text similarity, 0.0% skill match). Missing critical requirements: [AWS, Docker, Git, Machine Learning, NLP, NumPy, Pandas, Python, SQL, Scikit-learn]."
1578,CAND_521,ADVOCATE,0.22,0.0,0.13,,"AWS, Docker, Git, Machine Learning, NLP, NumPy, Pandas, Python, SQL, Scikit-learn","Candidate CAND_521 shows weak overall alignment (0.22% text similarity, 0.0% skill match). Missing critical requirements: [AWS, Docker, Git, Machine Learning, NLP, NumPy, Pandas, Python, SQL, Scikit-learn]."
1579,CAND_846,FITNESS,0.22,0.0,0.13,,"AWS, Docker, Git, Machine Learning, NLP, NumPy, Pandas, Python, SQL, Scikit-learn","Candidate CAND_846 shows weak overall alignment (0.22% text similarity, 0.0% skill match). Missing critical requirements: [AWS, Docker, Git, Machine Learning, NLP, NumPy, Pandas, Python, SQL, Scikit-learn]."
1580,CAND_865,FITNESS,0.22,0.0,0.13,,"AWS, Docker, Git, Machine Learning, NLP, NumPy, Pandas, Python, SQL, Scikit-learn","Candidate CAND_865 shows weak overall alignment (0.22% text similarity, 0.0% skill match). Missing critical requirements: [AWS, Docker, Git, Machine Learning, NLP, NumPy, Pandas, Python, SQL, Scikit-learn]."
1581,CAND_1867,ACCOUNTANT,0.22,0.0,0.13,,"AWS, Docker, Git, Machine Learning, NLP, NumPy, Pandas, Python, SQL, Scikit-learn","Candidate CAND_1867 shows weak overall alignment (0.22% text similarity, 0.0% skill match). Missing critical requirements: [AWS, Docker, Git, Machine Learning, NLP, NumPy, Pandas, Python, SQL, Scikit-learn]."
1582,CAND_1667,APPAREL,0.21,0.0,0.13,,"AWS, Docker, Git, Machine Learning, NLP, NumPy, Pandas, Python, SQL, Scikit-learn","Candidate CAND_1667 shows weak overall alignment (0.21% text similarity, 0.0% skill match). Missing critical requirements: [AWS, Docker, Git, Machine Learning, NLP, NumPy, Pandas, Python, SQL, Scikit-learn]."
1583,CAND_656,BUSINESS-DEVELOPMENT,0.22,0.0,0.13,,"AWS, Docker, Git, Machine Learning, NLP, NumPy, Pandas, Python, SQL, Scikit-learn","Candidate CAND_656 shows weak overall alignment (0.22% text similarity, 0.0% skill match). Missing critical requirements: [AWS, Docker, Git, Machine Learning, NLP, NumPy, Pandas, Python, SQL, Scikit-learn]."
1584,CAND_590,BUSINESS-DEVELOPMENT,0.22,0.0,0.13,,"AWS, Docker, Git, Machine Learning, NLP, NumPy, Pandas, Python, SQL, Scikit-learn","Candidate CAND_590 shows weak overall alignment (0.22% text similarity, 0.0% skill match). Missing critical requirements: [AWS, Docker, Git, Machine Learning, NLP, NumPy, Pandas, Python, SQL, Scikit-learn]."
1585,CAND_659,BUSINESS-DEVELOPMENT,0.22,0.0,0.13,,"AWS, Docker, Git, Machine Learning, NLP, NumPy, Pandas, Python, SQL, Scikit-learn","Candidate CAND_659 shows weak overall alignment (0.22% text similarity, 0.0% skill match). Missing critical requirements: [AWS, Docker, Git, Machine Learning, NLP, NumPy, Pandas, Python, SQL, Scikit-learn]."
1586,CAND_577,BUSINESS-DEVELOPMENT,0.21,0.0,0.13,,"AWS, Docker, Git, Machine Learning, NLP, NumPy, Pandas, Python, SQL, Scikit-learn","Candidate CAND_577 shows weak overall alignment (0.21% text similarity, 0.0% skill match). Missing critical requirements: [AWS, Docker, Git, Machine Learning, NLP, NumPy, Pandas, Python, SQL, Scikit-learn]."
1587,CAND_721,HEALTHCARE,0.21,0.0,0.13,,"AWS, Docker, Git, Machine Learning, NLP, NumPy, Pandas, Python, SQL, Scikit-learn","Candidate CAND_721 shows weak overall alignment (0.21% text similarity, 0.0% skill match). Missing critical requirements: [AWS, Docker, Git, Machine Learning, NLP, NumPy, Pandas, Python, SQL, Scikit-learn]."
1588,CAND_1591,FINANCE,0.22,0.0,0.13,,"AWS, Docker, Git, Machine Learning, NLP, NumPy, Pandas, Python, SQL, Scikit-learn","Candidate CAND_1591 shows weak overall alignment (0.22% text similarity, 0.0% skill match). Missing critical requirements: [AWS, Docker, Git, Machine Learning, NLP, NumPy, Pandas, Python, SQL, Scikit-learn]."
1589,CAND_1846,ACCOUNTANT,0.22,0.0,0.13,,"AWS, Docker, Git, Machine Learning, NLP, NumPy, Pandas, Python, SQL, Scikit-learn","Candidate CAND_1846 shows weak overall alignment (0.22% text similarity, 0.0% skill match). Missing critical requirements: [AWS, Docker, Git, Machine Learning, NLP, NumPy, Pandas, Python, SQL, Scikit-learn]."
1590,CAND_1417,CHEF,0.22,0.0,0.13,,"AWS, Docker, Git, Machine Learning, NLP, NumPy, Pandas, Python, SQL, Scikit-learn","Candidate CAND_1417 shows weak overall alignment (0.22% text similarity, 0.0% skill match). Missing critical requirements: [AWS, Docker, Git, Machine Learning, NLP, NumPy, Pandas, Python, SQL, Scikit-learn]."
1591,CAND_1420,CHEF,0.22,0.0,0.13,,"AWS, Docker, Git, Machine Learning, NLP, NumPy, Pandas, Python, SQL, Scikit-learn","Candidate CAND_1420 shows weak overall alignment (0.22% text similarity, 0.0% skill match). Missing critical requirements: [AWS, Docker, Git, Machine Learning, NLP, NumPy, Pandas, Python, SQL, Scikit-learn]."
1592,CAND_2358,ARTS,0.21,0.0,0.13,,"AWS, Docker, Git, Machine Learning, NLP, NumPy, Pandas, Python, SQL, Scikit-learn","Candidate CAND_2358 shows weak overall alignment (0.21% text similarity, 0.0% skill match). Missing critical requirements: [AWS, Docker, Git, Machine Learning, NLP, NumPy, Pandas, Python, SQL, Scikit-learn]."
1593,CAND_140,DESIGNER,0.21,0.0,0.13,,"AWS, Docker, Git, Machine Learning, NLP, NumPy, Pandas, Python, SQL, Scikit-learn","Candidate CAND_140 shows weak overall alignment (0.21% text similarity, 0.0% skill match). Missing critical requirements: [AWS, Docker, Git, Machine Learning, NLP, NumPy, Pandas, Python, SQL, Scikit-learn]."
1594,CAND_1383,CHEF,0.21,0.0,0.13,,"AWS, Docker, Git, Machine Learning, NLP, NumPy, Pandas, Python, SQL, Scikit-learn","Candidate CAND_1383 shows weak overall alignment (0.21% text similarity, 0.0% skill match). Missing critical requirements: [AWS, Docker, Git, Machine Learning, NLP, NumPy, Pandas, Python, SQL, Scikit-learn]."
1595,CAND_2284,ARTS,0.22,0.0,0.13,,"AWS, Docker, Git, Machine Learning, NLP, NumPy, Pandas, Python, SQL, Scikit-learn","Candidate CAND_2284 shows weak overall alignment (0.22% text similarity, 0.0% skill match). Missing critical requirements: [AWS, Docker, Git, Machine Learning, NLP, NumPy, Pandas, Python, SQL, Scikit-learn]."
1596,CAND_1050,SALES,0.22,0.0,0.13,,"AWS, Docker, Git, Machine Learning, NLP, NumPy, Pandas, Python, SQL, Scikit-learn","Candidate CAND_1050 shows weak overall alignment (0.22% text similarity, 0.0% skill match). Missing critical requirements: [AWS, Docker, Git, Machine Learning, NLP, NumPy, Pandas, Python, SQL, Scikit-learn]."
1597,CAND_246,INFORMATION-TECHNOLOGY,0.21,0.0,0.13,,"AWS, Docker, Git, Machine Learning, NLP, NumPy, Pandas, Python, SQL, Scikit-learn","Candidate CAND_246 shows weak overall alignment (0.21% text similarity, 0.0% skill match). Missing critical requirements: [AWS, Docker, Git, Machine Learning, NLP, NumPy, Pandas, Python, SQL, Scikit-learn]."
1598,CAND_952,AGRICULTURE,0.22,0.0,0.13,,"AWS, Docker, Git, Machine Learning, NLP, NumPy, Pandas, Python, SQL, Scikit-learn","Candidate CAND_952 shows weak overall alignment (0.22% text similarity, 0.0% skill match). Missing critical requirements: [AWS, Docker, Git, Machine Learning, NLP, NumPy, Pandas, Python, SQL, Scikit-learn]."
1599,CAND_2101,PUBLIC-RELATIONS,0.22,0.0,0.13,,"AWS, Docker, Git, Machine Learning, NLP, NumPy, Pandas, Python, SQL, Scikit-learn","Candidate CAND_2101 shows weak overall alignment (0.22% text similarity, 0.0% skill match). Missing critical requirements: [AWS, Docker, Git, Machine Learning, NLP, NumPy, Pandas, Python, SQL, Scikit-learn]."
1600,CAND_2243,BANKING,0.22,0.0,0.13,,"AWS, Docker, Git, Machine Learning, NLP, NumPy, Pandas, Python, SQL, Scikit-learn","Candidate CAND_2243 shows weak overall alignment (0.22% text similarity, 0.0% skill match). Missing critical requirements: [AWS, Docker, Git, Machine Learning, NLP, NumPy, Pandas, Python, SQL, Scikit-learn]."
1601,CAND_2366,ARTS,0.21,0.0,0.13,,"AWS, Docker, Git, Machine Learning, NLP, NumPy, Pandas, Python, SQL, Scikit-learn","Candidate CAND_2366 shows weak overall alignment (0.21% text similarity, 0.0% skill match). Missing critical requirements: [AWS, Docker, Git, Machine Learning, NLP, NumPy, Pandas, Python, SQL, Scikit-learn]."
1602,CAND_1441,CHEF,0.22,0.0,0.13,,"AWS, Docker, Git, Machine Learning, NLP, NumPy, Pandas, Python, SQL, Scikit-learn","Candidate CAND_1441 shows weak overall alignment (0.22% text similarity, 0.0% skill match). Missing critical requirements: [AWS, Docker, Git, Machine Learning, NLP, NumPy, Pandas, Python, SQL, Scikit-learn]."
1603,CAND_2113,PUBLIC-RELATIONS,0.22,0.0,0.13,,"AWS, Docker, Git, Machine Learning, NLP, NumPy, Pandas, Python, SQL, Scikit-learn","Candidate CAND_2113 shows weak overall alignment (0.22% text similarity, 0.0% skill match). Missing critical requirements: [AWS, Docker, Git, Machine Learning, NLP, NumPy, Pandas, Python, SQL, Scikit-learn]."
1604,CAND_1519,FINANCE,0.21,0.0,0.13,,"AWS, Docker, Git, Machine Learning, NLP, NumPy, Pandas, Python, SQL, Scikit-learn","Candidate CAND_1519 shows weak overall alignment (0.21% text similarity, 0.0% skill match). Missing critical requirements: [AWS, Docker, Git, Machine Learning, NLP, NumPy, Pandas, Python, SQL, Scikit-learn]."
1605,CAND_997,SALES,0.22,0.0,0.13,,"AWS, Docker, Git, Machine Learning, NLP, NumPy, Pandas, Python, SQL, Scikit-learn","Candidate CAND_997 shows weak overall alignment (0.22% text similarity, 0.0% skill match). Missing critical requirements: [AWS, Docker, Git, Machine Learning, NLP, NumPy, Pandas, Python, SQL, Scikit-learn]."
1606,CAND_2115,PUBLIC-RELATIONS,0.22,0.0,0.13,,"AWS, Docker, Git, Machine Learning, NLP, NumPy, Pandas, Python, SQL, Scikit-learn","Candidate CAND_2115 shows weak overall alignment (0.22% text similarity, 0.0% skill match). Missing critical requirements: [AWS, Docker, Git, Machine Learning, NLP, NumPy, Pandas, Python, SQL, Scikit-learn]."
1607,CAND_399,TEACHER,0.22,0.0,0.13,,"AWS, Docker, Git, Machine Learning, NLP, NumPy, Pandas, Python, SQL, Scikit-learn","Candidate CAND_399 shows weak overall alignment (0.22% text similarity, 0.0% skill match). Missing critical requirements: [AWS, Docker, Git, Machine Learning, NLP, NumPy, Pandas, Python, SQL, Scikit-learn]."
1608,CAND_1473,CHEF,0.22,0.0,0.13,,"AWS, Docker, Git, Machine Learning, NLP, NumPy, Pandas, Python, SQL, Scikit-learn","Candidate CAND_1473 shows weak overall alignment (0.22% text similarity, 0.0% skill match). Missing critical requirements: [AWS, Docker, Git, Machine Learning, NLP, NumPy, Pandas, Python, SQL, Scikit-learn]."
1609,CAND_1487,FINANCE,0.21,0.0,0.13,,"AWS, Docker, Git, Machine Learning, NLP, NumPy, Pandas, Python, SQL, Scikit-learn","Candidate CAND_1487 shows weak overall alignment (0.21% text similarity, 0.0% skill match). Missing critical requirements: [AWS, Docker, Git, Machine Learning, NLP, NumPy, Pandas, Python, SQL, Scikit-learn]."
1610,CAND_1106,SALES,0.21,0.0,0.13,,"AWS, Docker, Git, Machine Learning, NLP, NumPy, Pandas, Python, SQL, Scikit-learn","Candidate CAND_1106 shows weak overall alignment (0.21% text similarity, 0.0% skill match). Missing critical requirements: [AWS, Docker, Git, Machine Learning, NLP, NumPy, Pandas, Python, SQL, Scikit-learn]."
1611,CAND_1496,FINANCE,0.22,0.0,0.13,,"AWS, Docker, Git, Machine Learning, NLP, NumPy, Pandas, Python, SQL, Scikit-learn","Candidate CAND_1496 shows weak overall alignment (0.22% text similarity, 0.0% skill match). Missing critical requirements: [AWS, Docker, Git, Machine Learning, NLP, NumPy, Pandas, Python, SQL, Scikit-learn]."
1612,CAND_1573,FINANCE,0.22,0.0,0.13,,"AWS, Docker, Git, Machine Learning, NLP, NumPy, Pandas, Python, SQL, Scikit-learn","Candidate CAND_1573 shows weak overall alignment (0.22% text similarity, 0.0% skill match). Missing critical requirements: [AWS, Docker, Git, Machine Learning, NLP, NumPy, Pandas, Python, SQL, Scikit-learn]."
1613,CAND_2060,PUBLIC-RELATIONS,0.21,0.0,0.13,,"AWS, Docker, Git, Machine Learning, NLP, NumPy, Pandas, Python, SQL, Scikit-learn","Candidate CAND_2060 shows weak overall alignment (0.21% text similarity, 0.0% skill match). Missing critical requirements: [AWS, Docker, Git, Machine Learning, NLP, NumPy, Pandas, Python, SQL, Scikit-learn]."
1614,CAND_031,HR,0.22,0.0,0.13,,"AWS, Docker, Git, Machine Learning, NLP, NumPy, Pandas, Python, SQL, Scikit-learn","Candidate CAND_031 shows weak overall alignment (0.22% text similarity, 0.0% skill match). Missing critical requirements: [AWS, Docker, Git, Machine Learning, NLP, NumPy, Pandas, Python, SQL, Scikit-learn]."
1615,CAND_2046,PUBLIC-RELATIONS,0.21,0.0,0.13,,"AWS, Docker, Git, Machine Learning, NLP, NumPy, Pandas, Python, SQL, Scikit-learn","Candidate CAND_2046 shows weak overall alignment (0.21% text similarity, 0.0% skill match). Missing critical requirements: [AWS, Docker, Git, Machine Learning, NLP, NumPy, Pandas, Python, SQL, Scikit-learn]."
1616,CAND_1256,DIGITAL-MEDIA,0.21,0.0,0.13,,"AWS, Docker, Git, Machine Learning, NLP, NumPy, Pandas, Python, SQL, Scikit-learn","Candidate CAND_1256 shows weak overall alignment (0.21% text similarity, 0.0% skill match). Missing critical requirements: [AWS, Docker, Git, Machine Learning, NLP, NumPy, Pandas, Python, SQL, Scikit-learn]."
1617,CAND_040,HR,0.21,0.0,0.13,,"AWS, Docker, Git, Machine Learning, NLP, NumPy, Pandas, Python, SQL, Scikit-learn","Candidate CAND_040 shows weak overall alignment (0.21% text similarity, 0.0% skill match). Missing critical requirements: [AWS, Docker, Git, Machine Learning, NLP, NumPy, Pandas, Python, SQL, Scikit-learn]."
1618,CAND_016,HR,0.22,0.0,0.13,,"AWS, Docker, Git, Machine Learning, NLP, NumPy, Pandas, Python, SQL, Scikit-learn","Candidate CAND_016 shows weak overall alignment (0.22% text similarity, 0.0% skill match). Missing critical requirements: [AWS, Docker, Git, Machine Learning, NLP, NumPy, Pandas, Python, SQL, Scikit-learn]."
1619,CAND_1562,FINANCE,0.21,0.0,0.13,,"AWS, Docker, Git, Machine Learning, NLP, NumPy, Pandas, Python, SQL, Scikit-learn","Candidate CAND_1562 shows weak overall alignment (0.21% text similarity, 0.0% skill match). Missing critical requirements: [AWS, Docker, Git, Machine Learning, NLP, NumPy, Pandas, Python, SQL, Scikit-learn]."
1620,CAND_062,HR,0.22,0.0,0.13,,"AWS, Docker, Git, Machine Learning, NLP, NumPy, Pandas, Python, SQL, Scikit-learn","Candidate CAND_062 shows weak overall alignment (0.22% text similarity, 0.0% skill match). Missing critical requirements: [AWS, Docker, Git, Machine Learning, NLP, NumPy, Pandas, Python, SQL, Scikit-learn]."
1621,CAND_1212,CONSULTANT,0.21,0.0,0.13,,"AWS, Docker, Git, Machine Learning, NLP, NumPy, Pandas, Python, SQL, Scikit-learn","Candidate CAND_1212 shows weak overall alignment (0.21% text similarity, 0.0% skill match). Missing critical requirements: [AWS, Docker, Git, Machine Learning, NLP, NumPy, Pandas, Python, SQL, Scikit-learn]."
1622,CAND_2033,CONSTRUCTION,0.21,0.0,0.13,,"AWS, Docker, Git, Machine Learning, NLP, NumPy, Pandas, Python, SQL, Scikit-learn","Candidate CAND_2033 shows weak overall alignment (0.21% text similarity, 0.0% skill match). Missing critical requirements: [AWS, Docker, Git, Machine Learning, NLP, NumPy, Pandas, Python, SQL, Scikit-learn]."
1623,CAND_1574,FINANCE,0.21,0.0,0.13,,"AWS, Docker, Git, Machine Learning, NLP, NumPy, Pandas, Python, SQL, Scikit-learn","Candidate CAND_1574 shows weak overall alignment (0.21% text similarity, 0.0% skill match). Missing critical requirements: [AWS, Docker, Git, Machine Learning, NLP, NumPy, Pandas, Python, SQL, Scikit-learn]."
1624,CAND_1437,CHEF,0.2,0.0,0.12,,"AWS, Docker, Git, Machine Learning, NLP, NumPy, Pandas, Python, SQL, Scikit-learn","Candidate CAND_1437 shows weak overall alignment (0.2% text similarity, 0.0% skill match). Missing critical requirements: [AWS, Docker, Git, Machine Learning, NLP, NumPy, Pandas, Python, SQL, Scikit-learn]."
1625,CAND_2446,AVIATION,0.2,0.0,0.12,,"AWS, Docker, Git, Machine Learning, NLP, NumPy, Pandas, Python, SQL, Scikit-learn","Candidate CAND_2446 shows weak overall alignment (0.2% text similarity, 0.0% skill match). Missing critical requirements: [AWS, Docker, Git, Machine Learning, NLP, NumPy, Pandas, Python, SQL, Scikit-learn]."
1626,CAND_2440,AVIATION,0.2,0.0,0.12,,"AWS, Docker, Git, Machine Learning, NLP, NumPy, Pandas, Python, SQL, Scikit-learn","Candidate CAND_2440 shows weak overall alignment (0.2% text similarity, 0.0% skill match). Missing critical requirements: [AWS, Docker, Git, Machine Learning, NLP, NumPy, Pandas, Python, SQL, Scikit-learn]."
1627,CAND_1204,CONSULTANT,0.2,0.0,0.12,,"AWS, Docker, Git, Machine Learning, NLP, NumPy, Pandas, Python, SQL, Scikit-learn","Candidate CAND_1204 shows weak overall alignment (0.2% text similarity, 0.0% skill match). Missing critical requirements: [AWS, Docker, Git, Machine Learning, NLP, NumPy, Pandas, Python, SQL, Scikit-learn]."
1628,CAND_1455,CHEF,0.2,0.0,0.12,,"AWS, Docker, Git, Machine Learning, NLP, NumPy, Pandas, Python, SQL, Scikit-learn","Candidate CAND_1455 shows weak overall alignment (0.2% text similarity, 0.0% skill match). Missing critical requirements: [AWS, Docker, Git, Machine Learning, NLP, NumPy, Pandas, Python, SQL, Scikit-learn]."
1629,CAND_086,HR,0.2,0.0,0.12,,"AWS, Docker, Git, Machine Learning, NLP, NumPy, Pandas, Python, SQL, Scikit-learn","Candidate CAND_086 shows weak overall alignment (0.2% text similarity, 0.0% skill match). Missing critical requirements: [AWS, Docker, Git, Machine Learning, NLP, NumPy, Pandas, Python, SQL, Scikit-learn]."
1630,CAND_1424,CHEF,0.2,0.0,0.12,,"AWS, Docker, Git, Machine Learning, NLP, NumPy, Pandas, Python, SQL, Scikit-learn","Candidate CAND_1424 shows weak overall alignment (0.2% text similarity, 0.0% skill match). Missing critical requirements: [AWS, Docker, Git, Machine Learning, NLP, NumPy, Pandas, Python, SQL, Scikit-learn]."
1631,CAND_1293,DIGITAL-MEDIA,0.2,0.0,0.12,,"AWS, Docker, Git, Machine Learning, NLP, NumPy, Pandas, Python, SQL, Scikit-learn","Candidate CAND_1293 shows weak overall alignment (0.2% text similarity, 0.0% skill match). Missing critical requirements: [AWS, Docker, Git, Machine Learning, NLP, NumPy, Pandas, Python, SQL, Scikit-learn]."
1632,CAND_1921,ACCOUNTANT,0.2,0.0,0.12,,"AWS, Docker, Git, Machine Learning, NLP, NumPy, Pandas, Python, SQL, Scikit-learn","Candidate CAND_1921 shows weak overall alignment (0.2% text similarity, 0.0% skill match). Missing critical requirements: [AWS, Docker, Git, Machine Learning, NLP, NumPy, Pandas, Python, SQL, Scikit-learn]."
1633,CAND_2418,AVIATION,0.2,0.0,0.12,,"AWS, Docker, Git, Machine Learning, NLP, NumPy, Pandas, Python, SQL, Scikit-learn","Candidate CAND_2418 shows weak overall alignment (0.2% text similarity, 0.0% skill match). Missing critical requirements: [AWS, Docker, Git, Machine Learning, NLP, NumPy, Pandas, Python, SQL, Scikit-learn]."
1634,CAND_1905,ACCOUNTANT,0.2,0.0,0.12,,"AWS, Docker, Git, Machine Learning, NLP, NumPy, Pandas, Python, SQL, Scikit-learn","Candidate CAND_1905 shows weak overall alignment (0.2% text similarity, 0.0% skill match). Missing critical requirements: [AWS, Docker, Git, Machine Learning, NLP, NumPy, Pandas, Python, SQL, Scikit-learn]."
1635,CAND_201,DESIGNER,0.2,0.0,0.12,,"AWS, Docker, Git, Machine Learning, NLP, NumPy, Pandas, Python, SQL, Scikit-learn","Candidate CAND_201 shows weak overall alignment (0.2% text similarity, 0.0% skill match). Missing critical requirements: [AWS, Docker, Git, Machine Learning, NLP, NumPy, Pandas, Python, SQL, Scikit-learn]."
1636,CAND_1853,ACCOUNTANT,0.2,0.0,0.12,,"AWS, Docker, Git, Machine Learning, NLP, NumPy, Pandas, Python, SQL, Scikit-learn","Candidate CAND_1853 shows weak overall alignment (0.2% text similarity, 0.0% skill match). Missing critical requirements: [AWS, Docker, Git, Machine Learning, NLP, NumPy, Pandas, Python, SQL, Scikit-learn]."
1637,CAND_453,ADVOCATE,0.2,0.0,0.12,,"AWS, Docker, Git, Machine Learning, NLP, NumPy, Pandas, Python, SQL, Scikit-learn","Candidate CAND_453 shows weak overall alignment (0.2% text similarity, 0.0% skill match). Missing critical requirements: [AWS, Docker, Git, Machine Learning, NLP, NumPy, Pandas, Python, SQL, Scikit-learn]."
1638,CAND_796,FITNESS,0.2,0.0,0.12,,"AWS, Docker, Git, Machine Learning, NLP, NumPy, Pandas, Python, SQL, Scikit-learn","Candidate CAND_796 shows weak overall alignment (0.2% text similarity, 0.0% skill match). Missing critical requirements: [AWS, Docker, Git, Machine Learning, NLP, NumPy, Pandas, Python, SQL, Scikit-learn]."
1639,CAND_1330,AUTOMOBILE,0.2,0.0,0.12,,"AWS, Docker, Git, Machine Learning, NLP, NumPy, Pandas, Python, SQL, Scikit-learn","Candidate CAND_1330 shows weak overall alignment (0.2% text similarity, 0.0% skill match). Missing critical requirements: [AWS, Docker, Git, Machine Learning, NLP, NumPy, Pandas, Python, SQL, Scikit-learn]."
1640,CAND_2131,PUBLIC-RELATIONS,0.2,0.0,0.12,,"AWS, Docker, Git, Machine Learning, NLP, NumPy, Pandas, Python, SQL, Scikit-learn","Candidate CAND_2131 shows weak overall alignment (0.2% text similarity, 0.0% skill match). Missing critical requirements: [AWS, Docker, Git, Machine Learning, NLP, NumPy, Pandas, Python, SQL, Scikit-learn]."
1641,CAND_547,ADVOCATE,0.2,0.0,0.12,,"AWS, Docker, Git, Machine Learning, NLP, NumPy, Pandas, Python, SQL, Scikit-learn","Candidate CAND_547 shows weak overall alignment (0.2% text similarity, 0.0% skill match). Missing critical requirements: [AWS, Docker, Git, Machine Learning, NLP, NumPy, Pandas, Python, SQL, Scikit-learn]."
1642,CAND_466,ADVOCATE,0.2,0.0,0.12,,"AWS, Docker, Git, Machine Learning, NLP, NumPy, Pandas, Python, SQL, Scikit-learn","Candidate CAND_466 shows weak overall alignment (0.2% text similarity, 0.0% skill match). Missing critical requirements: [AWS, Docker, Git, Machine Learning, NLP, NumPy, Pandas, Python, SQL, Scikit-learn]."
1643,CAND_572,BUSINESS-DEVELOPMENT,0.2,0.0,0.12,,"AWS, Docker, Git, Machine Learning, NLP, NumPy, Pandas, Python, SQL, Scikit-learn","Candidate CAND_572 shows weak overall alignment (0.2% text similarity, 0.0% skill match). Missing critical requirements: [AWS, Docker, Git, Machine Learning, NLP, NumPy, Pandas, Python, SQL, Scikit-learn]."
1644,CAND_582,BUSINESS-DEVELOPMENT,0.2,0.0,0.12,,"AWS, Docker, Git, Machine Learning, NLP, NumPy, Pandas, Python, SQL, Scikit-learn","Candidate CAND_582 shows weak overall alignment (0.2% text similarity, 0.0% skill match). Missing critical requirements: [AWS, Docker, Git, Machine Learning, NLP, NumPy, Pandas, Python, SQL, Scikit-learn]."
1645,CAND_951,AGRICULTURE,0.2,0.0,0.12,,"AWS, Docker, Git, Machine Learning, NLP, NumPy, Pandas, Python, SQL, Scikit-learn","Candidate CAND_951 shows weak overall alignment (0.2% text similarity, 0.0% skill match). Missing critical requirements: [AWS, Docker, Git, Machine Learning, NLP, NumPy, Pandas, Python, SQL, Scikit-learn]."
1646,CAND_1394,CHEF,0.19,0.0,0.11,,"AWS, Docker, Git, Machine Learning, NLP, NumPy, Pandas, Python, SQL, Scikit-learn","Candidate CAND_1394 shows weak overall alignment (0.19% text similarity, 0.0% skill match). Missing critical requirements: [AWS, Docker, Git, Machine Learning, NLP, NumPy, Pandas, Python, SQL, Scikit-learn]."
1647,CAND_827,FITNESS,0.19,0.0,0.11,,"AWS, Docker, Git, Machine Learning, NLP, NumPy, Pandas, Python, SQL, Scikit-learn","Candidate CAND_827 shows weak overall alignment (0.19% text similarity, 0.0% skill match). Missing critical requirements: [AWS, Docker, Git, Machine Learning, NLP, NumPy, Pandas, Python, SQL, Scikit-learn]."
1648,CAND_834,FITNESS,0.18,0.0,0.11,,"AWS, Docker, Git, Machine Learning, NLP, NumPy, Pandas, Python, SQL, Scikit-learn","Candidate CAND_834 shows weak overall alignment (0.18% text similarity, 0.0% skill match). Missing critical requirements: [AWS, Docker, Git, Machine Learning, NLP, NumPy, Pandas, Python, SQL, Scikit-learn]."
1649,CAND_056,HR,0.18,0.0,0.11,,"AWS, Docker, Git, Machine Learning, NLP, NumPy, Pandas, Python, SQL, Scikit-learn","Candidate CAND_056 shows weak overall alignment (0.18% text similarity, 0.0% skill match). Missing critical requirements: [AWS, Docker, Git, Machine Learning, NLP, NumPy, Pandas, Python, SQL, Scikit-learn]."
1650,CAND_1620,APPAREL,0.18,0.0,0.11,,"AWS, Docker, Git, Machine Learning, NLP, NumPy, Pandas, Python, SQL, Scikit-learn","Candidate CAND_1620 shows weak overall alignment (0.18% text similarity, 0.0% skill match). Missing critical requirements: [AWS, Docker, Git, Machine Learning, NLP, NumPy, Pandas, Python, SQL, Scikit-learn]."
1651,CAND_1851,ACCOUNTANT,0.18,0.0,0.11,,"AWS, Docker, Git, Machine Learning, NLP, NumPy, Pandas, Python, SQL, Scikit-learn","Candidate CAND_1851 shows weak overall alignment (0.18% text similarity, 0.0% skill match). Missing critical requirements: [AWS, Docker, Git, Machine Learning, NLP, NumPy, Pandas, Python, SQL, Scikit-learn]."
1652,CAND_1149,CONSULTANT,0.18,0.0,0.11,,"AWS, Docker, Git, Machine Learning, NLP, NumPy, Pandas, Python, SQL, Scikit-learn","Candidate CAND_1149 shows weak overall alignment (0.18% text similarity, 0.0% skill match). Missing critical requirements: [AWS, Docker, Git, Machine Learning, NLP, NumPy, Pandas, Python, SQL, Scikit-learn]."
1653,CAND_1271,DIGITAL-MEDIA,0.19,0.0,0.11,,"AWS, Docker, Git, Machine Learning, NLP, NumPy, Pandas, Python, SQL, Scikit-learn","Candidate CAND_1271 shows weak overall alignment (0.19% text similarity, 0.0% skill match). Missing critical requirements: [AWS, Docker, Git, Machine Learning, NLP, NumPy, Pandas, Python, SQL, Scikit-learn]."
1654,CAND_822,FITNESS,0.19,0.0,0.11,,"AWS, Docker, Git, Machine Learning, NLP, NumPy, Pandas, Python, SQL, Scikit-learn","Candidate CAND_822 shows weak overall alignment (0.19% text similarity, 0.0% skill match). Missing critical requirements: [AWS, Docker, Git, Machine Learning, NLP, NumPy, Pandas, Python, SQL, Scikit-learn]."
1655,CAND_1906,ACCOUNTANT,0.19,0.0,0.11,,"AWS, Docker, Git, Machine Learning, NLP, NumPy, Pandas, Python, SQL, Scikit-learn","Candidate CAND_1906 shows weak overall alignment (0.19% text similarity, 0.0% skill match). Missing critical requirements: [AWS, Docker, Git, Machine Learning, NLP, NumPy, Pandas, Python, SQL, Scikit-learn]."
1656,CAND_902,FITNESS,0.19,0.0,0.11,,"AWS, Docker, Git, Machine Learning, NLP, NumPy, Pandas, Python, SQL, Scikit-learn","Candidate CAND_902 shows weak overall alignment (0.19% text similarity, 0.0% skill match). Missing critical requirements: [AWS, Docker, Git, Machine Learning, NLP, NumPy, Pandas, Python, SQL, Scikit-learn]."
1657,CAND_1408,CHEF,0.19,0.0,0.11,,"AWS, Docker, Git, Machine Learning, NLP, NumPy, Pandas, Python, SQL, Scikit-learn","Candidate CAND_1408 shows weak overall alignment (0.19% text similarity, 0.0% skill match). Missing critical requirements: [AWS, Docker, Git, Machine Learning, NLP, NumPy, Pandas, Python, SQL, Scikit-learn]."
1658,CAND_1842,ACCOUNTANT,0.18,0.0,0.11,,"AWS, Docker, Git, Machine Learning, NLP, NumPy, Pandas, Python, SQL, Scikit-learn","Candidate CAND_1842 shows weak overall alignment (0.18% text similarity, 0.0% skill match). Missing critical requirements: [AWS, Docker, Git, Machine Learning, NLP, NumPy, Pandas, Python, SQL, Scikit-learn]."
1659,CAND_2052,PUBLIC-RELATIONS,0.19,0.0,0.11,,"AWS, Docker, Git, Machine Learning, NLP, NumPy, Pandas, Python, SQL, Scikit-learn","Candidate CAND_2052 shows weak overall alignment (0.19% text similarity, 0.0% skill match). Missing critical requirements: [AWS, Docker, Git, Machine Learning, NLP, NumPy, Pandas, Python, SQL, Scikit-learn]."
1660,CAND_2261,BANKING,0.18,0.0,0.11,,"AWS, Docker, Git, Machine Learning, NLP, NumPy, Pandas, Python, SQL, Scikit-learn","Candidate CAND_2261 shows weak overall alignment (0.18% text similarity, 0.0% skill match). Missing critical requirements: [AWS, Docker, Git, Machine Learning, NLP, NumPy, Pandas, Python, SQL, Scikit-learn]."
1661,CAND_1918,ACCOUNTANT,0.19,0.0,0.11,,"AWS, Docker, Git, Machine Learning, NLP, NumPy, Pandas, Python, SQL, Scikit-learn","Candidate CAND_1918 shows weak overall alignment (0.19% text similarity, 0.0% skill match). Missing critical requirements: [AWS, Docker, Git, Machine Learning, NLP, NumPy, Pandas, Python, SQL, Scikit-learn]."
1662,CAND_482,ADVOCATE,0.18,0.0,0.11,,"AWS, Docker, Git, Machine Learning, NLP, NumPy, Pandas, Python, SQL, Scikit-learn","Candidate CAND_482 shows weak overall alignment (0.18% text similarity, 0.0% skill match). Missing critical requirements: [AWS, Docker, Git, Machine Learning, NLP, NumPy, Pandas, Python, SQL, Scikit-learn]."
1663,CAND_537,ADVOCATE,0.18,0.0,0.11,,"AWS, Docker, Git, Machine Learning, NLP, NumPy, Pandas, Python, SQL, Scikit-learn","Candidate CAND_537 shows weak overall alignment (0.18% text similarity, 0.0% skill match). Missing critical requirements: [AWS, Docker, Git, Machine Learning, NLP, NumPy, Pandas, Python, SQL, Scikit-learn]."
1664,CAND_063,HR,0.18,0.0,0.11,,"AWS, Docker, Git, Machine Learning, NLP, NumPy, Pandas, Python, SQL, Scikit-learn","Candidate CAND_063 shows weak overall alignment (0.18% text similarity, 0.0% skill match). Missing critical requirements: [AWS, Docker, Git, Machine Learning, NLP, NumPy, Pandas, Python, SQL, Scikit-learn]."
1665,CAND_2312,ARTS,0.19,0.0,0.11,,"AWS, Docker, Git, Machine Learning, NLP, NumPy, Pandas, Python, SQL, Scikit-learn","Candidate CAND_2312 shows weak overall alignment (0.19% text similarity, 0.0% skill match). Missing critical requirements: [AWS, Docker, Git, Machine Learning, NLP, NumPy, Pandas, Python, SQL, Scikit-learn]."
1666,CAND_2081,PUBLIC-RELATIONS,0.18,0.0,0.11,,"AWS, Docker, Git, Machine Learning, NLP, NumPy, Pandas, Python, SQL, Scikit-learn","Candidate CAND_2081 shows weak overall alignment (0.18% text similarity, 0.0% skill match). Missing critical requirements: [AWS, Docker, Git, Machine Learning, NLP, NumPy, Pandas, Python, SQL, Scikit-learn]."
1667,CAND_648,BUSINESS-DEVELOPMENT,0.19,0.0,0.11,,"AWS, Docker, Git, Machine Learning, NLP, NumPy, Pandas, Python, SQL, Scikit-learn","Candidate CAND_648 shows weak overall alignment (0.19% text similarity, 0.0% skill match). Missing critical requirements: [AWS, Docker, Git, Machine Learning, NLP, NumPy, Pandas, Python, SQL, Scikit-learn]."
1668,CAND_1315,DIGITAL-MEDIA,0.19,0.0,0.11,,"AWS, Docker, Git, Machine Learning, NLP, NumPy, Pandas, Python, SQL, Scikit-learn","Candidate CAND_1315 shows weak overall alignment (0.19% text similarity, 0.0% skill match). Missing critical requirements: [AWS, Docker, Git, Machine Learning, NLP, NumPy, Pandas, Python, SQL, Scikit-learn]."
1669,CAND_649,BUSINESS-DEVELOPMENT,0.19,0.0,0.11,,"AWS, Docker, Git, Machine Learning, NLP, NumPy, Pandas, Python, SQL, Scikit-learn","Candidate CAND_649 shows weak overall alignment (0.19% text similarity, 0.0% skill match). Missing critical requirements: [AWS, Docker, Git, Machine Learning, NLP, NumPy, Pandas, Python, SQL, Scikit-learn]."
1670,CAND_1557,FINANCE,0.19,0.0,0.11,,"AWS, Docker, Git, Machine Learning, NLP, NumPy, Pandas, Python, SQL, Scikit-learn","Candidate CAND_1557 shows weak overall alignment (0.19% text similarity, 0.0% skill match). Missing critical requirements: [AWS, Docker, Git, Machine Learning, NLP, NumPy, Pandas, Python, SQL, Scikit-learn]."
1671,CAND_1322,AUTOMOBILE,0.19,0.0,0.11,,"AWS, Docker, Git, Machine Learning, NLP, NumPy, Pandas, Python, SQL, Scikit-learn","Candidate CAND_1322 shows weak overall alignment (0.19% text similarity, 0.0% skill match). Missing critical requirements: [AWS, Docker, Git, Machine Learning, NLP, NumPy, Pandas, Python, SQL, Scikit-learn]."
1672,CAND_080,HR,0.18,0.0,0.11,,"AWS, Docker, Git, Machine Learning, NLP, NumPy, Pandas, Python, SQL, Scikit-learn","Candidate CAND_080 shows weak overall alignment (0.18% text similarity, 0.0% skill match). Missing critical requirements: [AWS, Docker, Git, Machine Learning, NLP, NumPy, Pandas, Python, SQL, Scikit-learn]."
1673,CAND_935,AGRICULTURE,0.18,0.0,0.11,,"AWS, Docker, Git, Machine Learning, NLP, NumPy, Pandas, Python, SQL, Scikit-learn","Candidate CAND_935 shows weak overall alignment (0.18% text similarity, 0.0% skill match). Missing critical requirements: [AWS, Docker, Git, Machine Learning, NLP, NumPy, Pandas, Python, SQL, Scikit-learn]."
1674,CAND_1325,AUTOMOBILE,0.19,0.0,0.11,,"AWS, Docker, Git, Machine Learning, NLP, NumPy, Pandas, Python, SQL, Scikit-learn","Candidate CAND_1325 shows weak overall alignment (0.19% text similarity, 0.0% skill match). Missing critical requirements: [AWS, Docker, Git, Machine Learning, NLP, NumPy, Pandas, Python, SQL, Scikit-learn]."
1675,CAND_1331,AUTOMOBILE,0.19,0.0,0.11,,"AWS, Docker, Git, Machine Learning, NLP, NumPy, Pandas, Python, SQL, Scikit-learn","Candidate CAND_1331 shows weak overall alignment (0.19% text similarity, 0.0% skill match). Missing critical requirements: [AWS, Docker, Git, Machine Learning, NLP, NumPy, Pandas, Python, SQL, Scikit-learn]."
1676,CAND_1830,ACCOUNTANT,0.19,0.0,0.11,,"AWS, Docker, Git, Machine Learning, NLP, NumPy, Pandas, Python, SQL, Scikit-learn","Candidate CAND_1830 shows weak overall alignment (0.19% text similarity, 0.0% skill match). Missing critical requirements: [AWS, Docker, Git, Machine Learning, NLP, NumPy, Pandas, Python, SQL, Scikit-learn]."
1677,CAND_1332,AUTOMOBILE,0.18,0.0,0.11,,"AWS, Docker, Git, Machine Learning, NLP, NumPy, Pandas, Python, SQL, Scikit-learn","Candidate CAND_1332 shows weak overall alignment (0.18% text similarity, 0.0% skill match). Missing critical requirements: [AWS, Docker, Git, Machine Learning, NLP, NumPy, Pandas, Python, SQL, Scikit-learn]."
1678,CAND_075,HR,0.18,0.0,0.11,,"AWS, Docker, Git, Machine Learning, NLP, NumPy, Pandas, Python, SQL, Scikit-learn","Candidate CAND_075 shows weak overall alignment (0.18% text similarity, 0.0% skill match). Missing critical requirements: [AWS, Docker, Git, Machine Learning, NLP, NumPy, Pandas, Python, SQL, Scikit-learn]."
1679,CAND_1888,ACCOUNTANT,0.19,0.0,0.11,,"AWS, Docker, Git, Machine Learning, NLP, NumPy, Pandas, Python, SQL, Scikit-learn","Candidate CAND_1888 shows weak overall alignment (0.19% text similarity, 0.0% skill match). Missing critical requirements: [AWS, Docker, Git, Machine Learning, NLP, NumPy, Pandas, Python, SQL, Scikit-learn]."
1680,CAND_131,DESIGNER,0.19,0.0,0.11,,"AWS, Docker, Git, Machine Learning, NLP, NumPy, Pandas, Python, SQL, Scikit-learn","Candidate CAND_131 shows weak overall alignment (0.19% text similarity, 0.0% skill match). Missing critical requirements: [AWS, Docker, Git, Machine Learning, NLP, NumPy, Pandas, Python, SQL, Scikit-learn]."
1681,CAND_2332,ARTS,0.19,0.0,0.11,,"AWS, Docker, Git, Machine Learning, NLP, NumPy, Pandas, Python, SQL, Scikit-learn","Candidate CAND_2332 shows weak overall alignment (0.19% text similarity, 0.0% skill match). Missing critical requirements: [AWS, Docker, Git, Machine Learning, NLP, NumPy, Pandas, Python, SQL, Scikit-learn]."
1682,CAND_1549,FINANCE,0.19,0.0,0.11,,"AWS, Docker, Git, Machine Learning, NLP, NumPy, Pandas, Python, SQL, Scikit-learn","Candidate CAND_1549 shows weak overall alignment (0.19% text similarity, 0.0% skill match). Missing critical requirements: [AWS, Docker, Git, Machine Learning, NLP, NumPy, Pandas, Python, SQL, Scikit-learn]."
1683,CAND_1353,AUTOMOBILE,0.18,0.0,0.11,,"AWS, Docker, Git, Machine Learning, NLP, NumPy, Pandas, Python, SQL, Scikit-learn","Candidate CAND_1353 shows weak overall alignment (0.18% text similarity, 0.0% skill match). Missing critical requirements: [AWS, Docker, Git, Machine Learning, NLP, NumPy, Pandas, Python, SQL, Scikit-learn]."
1684,CAND_1135,CONSULTANT,0.18,0.0,0.11,,"AWS, Docker, Git, Machine Learning, NLP, NumPy, Pandas, Python, SQL, Scikit-learn","Candidate CAND_1135 shows weak overall alignment (0.18% text similarity, 0.0% skill match). Missing critical requirements: [AWS, Docker, Git, Machine Learning, NLP, NumPy, Pandas, Python, SQL, Scikit-learn]."
1685,CAND_1555,FINANCE,0.19,0.0,0.11,,"AWS, Docker, Git, Machine Learning, NLP, NumPy, Pandas, Python, SQL, Scikit-learn","Candidate CAND_1555 shows weak overall alignment (0.19% text similarity, 0.0% skill match). Missing critical requirements: [AWS, Docker, Git, Machine Learning, NLP, NumPy, Pandas, Python, SQL, Scikit-learn]."
1686,CAND_1590,FINANCE,0.19,0.0,0.11,,"AWS, Docker, Git, Machine Learning, NLP, NumPy, Pandas, Python, SQL, Scikit-learn","Candidate CAND_1590 shows weak overall alignment (0.19% text similarity, 0.0% skill match). Missing critical requirements: [AWS, Docker, Git, Machine Learning, NLP, NumPy, Pandas, Python, SQL, Scikit-learn]."
1687,CAND_2015,CONSTRUCTION,0.19,0.0,0.11,,"AWS, Docker, Git, Machine Learning, NLP, NumPy, Pandas, Python, SQL, Scikit-learn","Candidate CAND_2015 shows weak overall alignment (0.19% text similarity, 0.0% skill match). Missing critical requirements: [AWS, Docker, Git, Machine Learning, NLP, NumPy, Pandas, Python, SQL, Scikit-learn]."
1688,CAND_1243,DIGITAL-MEDIA,0.18,0.0,0.11,,"AWS, Docker, Git, Machine Learning, NLP, NumPy, Pandas, Python, SQL, Scikit-learn","Candidate CAND_1243 shows weak overall alignment (0.18% text similarity, 0.0% skill match). Missing critical requirements: [AWS, Docker, Git, Machine Learning, NLP, NumPy, Pandas, Python, SQL, Scikit-learn]."
1689,CAND_1516,FINANCE,0.19,0.0,0.11,,"AWS, Docker, Git, Machine Learning, NLP, NumPy, Pandas, Python, SQL, Scikit-learn","Candidate CAND_1516 shows weak overall alignment (0.19% text similarity, 0.0% skill match). Missing critical requirements: [AWS, Docker, Git, Machine Learning, NLP, NumPy, Pandas, Python, SQL, Scikit-learn]."
1690,CAND_986,BPO,0.19,0.0,0.11,,"AWS, Docker, Git, Machine Learning, NLP, NumPy, Pandas, Python, SQL, Scikit-learn","Candidate CAND_986 shows weak overall alignment (0.19% text similarity, 0.0% skill match). Missing critical requirements: [AWS, Docker, Git, Machine Learning, NLP, NumPy, Pandas, Python, SQL, Scikit-learn]."
1691,CAND_025,HR,0.19,0.0,0.11,,"AWS, Docker, Git, Machine Learning, NLP, NumPy, Pandas, Python, SQL, Scikit-learn","Candidate CAND_025 shows weak overall alignment (0.19% text similarity, 0.0% skill match). Missing critical requirements: [AWS, Docker, Git, Machine Learning, NLP, NumPy, Pandas, Python, SQL, Scikit-learn]."
1692,CAND_1509,FINANCE,0.19,0.0,0.11,,"AWS, Docker, Git, Machine Learning, NLP, NumPy, Pandas, Python, SQL, Scikit-learn","Candidate CAND_1509 shows weak overall alignment (0.19% text similarity, 0.0% skill match). Missing critical requirements: [AWS, Docker, Git, Machine Learning, NLP, NumPy, Pandas, Python, SQL, Scikit-learn]."
1693,CAND_2174,BANKING,0.18,0.0,0.11,,"AWS, Docker, Git, Machine Learning, NLP, NumPy, Pandas, Python, SQL, Scikit-learn","Candidate CAND_2174 shows weak overall alignment (0.18% text similarity, 0.0% skill match). Missing critical requirements: [AWS, Docker, Git, Machine Learning, NLP, NumPy, Pandas, Python, SQL, Scikit-learn]."
1694,CAND_920,AGRICULTURE,0.19,0.0,0.11,,"AWS, Docker, Git, Machine Learning, NLP, NumPy, Pandas, Python, SQL, Scikit-learn","Candidate CAND_920 shows weak overall alignment (0.19% text similarity, 0.0% skill match). Missing critical requirements: [AWS, Docker, Git, Machine Learning, NLP, NumPy, Pandas, Python, SQL, Scikit-learn]."
1695,CAND_982,BPO,0.19,0.0,0.11,,"AWS, Docker, Git, Machine Learning, NLP, NumPy, Pandas, Python, SQL, Scikit-learn","Candidate CAND_982 shows weak overall alignment (0.19% text similarity, 0.0% skill match). Missing critical requirements: [AWS, Docker, Git, Machine Learning, NLP, NumPy, Pandas, Python, SQL, Scikit-learn]."
1696,CAND_2166,BANKING,0.18,0.0,0.11,,"AWS, Docker, Git, Machine Learning, NLP, NumPy, Pandas, Python, SQL, Scikit-learn","Candidate CAND_2166 shows weak overall alignment (0.18% text similarity, 0.0% skill match). Missing critical requirements: [AWS, Docker, Git, Machine Learning, NLP, NumPy, Pandas, Python, SQL, Scikit-learn]."
1697,CAND_1016,SALES,0.18,0.0,0.11,,"AWS, Docker, Git, Machine Learning, NLP, NumPy, Pandas, Python, SQL, Scikit-learn","Candidate CAND_1016 shows weak overall alignment (0.18% text similarity, 0.0% skill match). Missing critical requirements: [AWS, Docker, Git, Machine Learning, NLP, NumPy, Pandas, Python, SQL, Scikit-learn]."
1698,CAND_926,AGRICULTURE,0.18,0.0,0.11,,"AWS, Docker, Git, Machine Learning, NLP, NumPy, Pandas, Python, SQL, Scikit-learn","Candidate CAND_926 shows weak overall alignment (0.18% text similarity, 0.0% skill match). Missing critical requirements: [AWS, Docker, Git, Machine Learning, NLP, NumPy, Pandas, Python, SQL, Scikit-learn]."
1699,CAND_1230,DIGITAL-MEDIA,0.18,0.0,0.11,,"AWS, Docker, Git, Machine Learning, NLP, NumPy, Pandas, Python, SQL, Scikit-learn","Candidate CAND_1230 shows weak overall alignment (0.18% text similarity, 0.0% skill match). Missing critical requirements: [AWS, Docker, Git, Machine Learning, NLP, NumPy, Pandas, Python, SQL, Scikit-learn]."
1700,CAND_881,FITNESS,0.19,0.0,0.11,,"AWS, Docker, Git, Machine Learning, NLP, NumPy, Pandas, Python, SQL, Scikit-learn","Candidate CAND_881 shows weak overall alignment (0.19% text similarity, 0.0% skill match). Missing critical requirements: [AWS, Docker, Git, Machine Learning, NLP, NumPy, Pandas, Python, SQL, Scikit-learn]."
1701,CAND_013,HR,0.18,0.0,0.11,,"AWS, Docker, Git, Machine Learning, NLP, NumPy, Pandas, Python, SQL, Scikit-learn","Candidate CAND_013 shows weak overall alignment (0.18% text similarity, 0.0% skill match). Missing critical requirements: [AWS, Docker, Git, Machine Learning, NLP, NumPy, Pandas, Python, SQL, Scikit-learn]."
1702,CAND_2150,BANKING,0.18,0.0,0.11,,"AWS, Docker, Git, Machine Learning, NLP, NumPy, Pandas, Python, SQL, Scikit-learn","Candidate CAND_2150 shows weak overall alignment (0.18% text similarity, 0.0% skill match). Missing critical requirements: [AWS, Docker, Git, Machine Learning, NLP, NumPy, Pandas, Python, SQL, Scikit-learn]."
1703,CAND_922,AGRICULTURE,0.18,0.0,0.11,,"AWS, Docker, Git, Machine Learning, NLP, NumPy, Pandas, Python, SQL, Scikit-learn","Candidate CAND_922 shows weak overall alignment (0.18% text similarity, 0.0% skill match). Missing critical requirements: [AWS, Docker, Git, Machine Learning, NLP, NumPy, Pandas, Python, SQL, Scikit-learn]."
1704,CAND_888,FITNESS,0.18,0.0,0.11,,"AWS, Docker, Git, Machine Learning, NLP, NumPy, Pandas, Python, SQL, Scikit-learn","Candidate CAND_888 shows weak overall alignment (0.18% text similarity, 0.0% skill match). Missing critical requirements: [AWS, Docker, Git, Machine Learning, NLP, NumPy, Pandas, Python, SQL, Scikit-learn]."
1705,CAND_1251,DIGITAL-MEDIA,0.19,0.0,0.11,,"AWS, Docker, Git, Machine Learning, NLP, NumPy, Pandas, Python, SQL, Scikit-learn","Candidate CAND_1251 shows weak overall alignment (0.19% text similarity, 0.0% skill match). Missing critical requirements: [AWS, Docker, Git, Machine Learning, NLP, NumPy, Pandas, Python, SQL, Scikit-learn]."
1706,CAND_1923,ACCOUNTANT,0.18,0.0,0.11,,"AWS, Docker, Git, Machine Learning, NLP, NumPy, Pandas, Python, SQL, Scikit-learn","Candidate CAND_1923 shows weak overall alignment (0.18% text similarity, 0.0% skill match). Missing critical requirements: [AWS, Docker, Git, Machine Learning, NLP, NumPy, Pandas, Python, SQL, Scikit-learn]."
1707,CAND_1253,DIGITAL-MEDIA,0.18,0.0,0.11,,"AWS, Docker, Git, Machine Learning, NLP, NumPy, Pandas, Python, SQL, Scikit-learn","Candidate CAND_1253 shows weak overall alignment (0.18% text similarity, 0.0% skill match). Missing critical requirements: [AWS, Docker, Git, Machine Learning, NLP, NumPy, Pandas, Python, SQL, Scikit-learn]."
1708,CAND_625,BUSINESS-DEVELOPMENT,0.18,0.0,0.11,,"AWS, Docker, Git, Machine Learning, NLP, NumPy, Pandas, Python, SQL, Scikit-learn","Candidate CAND_625 shows weak overall alignment (0.18% text similarity, 0.0% skill match). Missing critical requirements: [AWS, Docker, Git, Machine Learning, NLP, NumPy, Pandas, Python, SQL, Scikit-learn]."
1709,CAND_1820,ACCOUNTANT,0.18,0.0,0.11,,"AWS, Docker, Git, Machine Learning, NLP, NumPy, Pandas, Python, SQL, Scikit-learn","Candidate CAND_1820 shows weak overall alignment (0.18% text similarity, 0.0% skill match). Missing critical requirements: [AWS, Docker, Git, Machine Learning, NLP, NumPy, Pandas, Python, SQL, Scikit-learn]."
1710,CAND_2213,BANKING,0.18,0.0,0.11,,"AWS, Docker, Git, Machine Learning, NLP, NumPy, Pandas, Python, SQL, Scikit-learn","Candidate CAND_2213 shows weak overall alignment (0.18% text similarity, 0.0% skill match). Missing critical requirements: [AWS, Docker, Git, Machine Learning, NLP, NumPy, Pandas, Python, SQL, Scikit-learn]."
1711,CAND_1163,CONSULTANT,0.18,0.0,0.11,,"AWS, Docker, Git, Machine Learning, NLP, NumPy, Pandas, Python, SQL, Scikit-learn","Candidate CAND_1163 shows weak overall alignment (0.18% text similarity, 0.0% skill match). Missing critical requirements: [AWS, Docker, Git, Machine Learning, NLP, NumPy, Pandas, Python, SQL, Scikit-learn]."
1712,CAND_1027,SALES,0.19,0.0,0.11,,"AWS, Docker, Git, Machine Learning, NLP, NumPy, Pandas, Python, SQL, Scikit-learn","Candidate CAND_1027 shows weak overall alignment (0.19% text similarity, 0.0% skill match). Missing critical requirements: [AWS, Docker, Git, Machine Learning, NLP, NumPy, Pandas, Python, SQL, Scikit-learn]."
1713,CAND_961,AGRICULTURE,0.18,0.0,0.11,,"AWS, Docker, Git, Machine Learning, NLP, NumPy, Pandas, Python, SQL, Scikit-learn","Candidate CAND_961 shows weak overall alignment (0.18% text similarity, 0.0% skill match). Missing critical requirements: [AWS, Docker, Git, Machine Learning, NLP, NumPy, Pandas, Python, SQL, Scikit-learn]."
1714,CAND_1816,ACCOUNTANT,0.19,0.0,0.11,,"AWS, Docker, Git, Machine Learning, NLP, NumPy, Pandas, Python, SQL, Scikit-learn","Candidate CAND_1816 shows weak overall alignment (0.19% text similarity, 0.0% skill match). Missing critical requirements: [AWS, Docker, Git, Machine Learning, NLP, NumPy, Pandas, Python, SQL, Scikit-learn]."
1715,CAND_665,BUSINESS-DEVELOPMENT,0.18,0.0,0.11,,"AWS, Docker, Git, Machine Learning, NLP, NumPy, Pandas, Python, SQL, Scikit-learn","Candidate CAND_665 shows weak overall alignment (0.18% text similarity, 0.0% skill match). Missing critical requirements: [AWS, Docker, Git, Machine Learning, NLP, NumPy, Pandas, Python, SQL, Scikit-learn]."
1716,CAND_2249,BANKING,0.18,0.0,0.11,,"AWS, Docker, Git, Machine Learning, NLP, NumPy, Pandas, Python, SQL, Scikit-learn","Candidate CAND_2249 shows weak overall alignment (0.18% text similarity, 0.0% skill match). Missing critical requirements: [AWS, Docker, Git, Machine Learning, NLP, NumPy, Pandas, Python, SQL, Scikit-learn]."
1717,CAND_1626,APPAREL,0.18,0.0,0.11,,"AWS, Docker, Git, Machine Learning, NLP, NumPy, Pandas, Python, SQL, Scikit-learn","Candidate CAND_1626 shows weak overall alignment (0.18% text similarity, 0.0% skill match). Missing critical requirements: [AWS, Docker, Git, Machine Learning, NLP, NumPy, Pandas, Python, SQL, Scikit-learn]."
1718,CAND_514,ADVOCATE,0.17,0.0,0.1,,"AWS, Docker, Git, Machine Learning, NLP, NumPy, Pandas, Python, SQL, Scikit-learn","Candidate CAND_514 shows weak overall alignment (0.17% text similarity, 0.0% skill match). Missing critical requirements: [AWS, Docker, Git, Machine Learning, NLP, NumPy, Pandas, Python, SQL, Scikit-learn]."
1719,CAND_2427,AVIATION,0.16,0.0,0.1,,"AWS, Docker, Git, Machine Learning, NLP, NumPy, Pandas, Python, SQL, Scikit-learn","Candidate CAND_2427 shows weak overall alignment (0.16% text similarity, 0.0% skill match). Missing critical requirements: [AWS, Docker, Git, Machine Learning, NLP, NumPy, Pandas, Python, SQL, Scikit-learn]."
1720,CAND_085,HR,0.16,0.0,0.1,,"AWS, Docker, Git, Machine Learning, NLP, NumPy, Pandas, Python, SQL, Scikit-learn","Candidate CAND_085 shows weak overall alignment (0.16% text similarity, 0.0% skill match). Missing critical requirements: [AWS, Docker, Git, Machine Learning, NLP, NumPy, Pandas, Python, SQL, Scikit-learn]."
1721,CAND_2036,CONSTRUCTION,0.16,0.0,0.1,,"AWS, Docker, Git, Machine Learning, NLP, NumPy, Pandas, Python, SQL, Scikit-learn","Candidate CAND_2036 shows weak overall alignment (0.16% text similarity, 0.0% skill match). Missing critical requirements: [AWS, Docker, Git, Machine Learning, NLP, NumPy, Pandas, Python, SQL, Scikit-learn]."
1722,CAND_089,HR,0.16,0.0,0.1,,"AWS, Docker, Git, Machine Learning, NLP, NumPy, Pandas, Python, SQL, Scikit-learn","Candidate CAND_089 shows weak overall alignment (0.16% text similarity, 0.0% skill match). Missing critical requirements: [AWS, Docker, Git, Machine Learning, NLP, NumPy, Pandas, Python, SQL, Scikit-learn]."
1723,CAND_1837,ACCOUNTANT,0.17,0.0,0.1,,"AWS, Docker, Git, Machine Learning, NLP, NumPy, Pandas, Python, SQL, Scikit-learn","Candidate CAND_1837 shows weak overall alignment (0.17% text similarity, 0.0% skill match). Missing critical requirements: [AWS, Docker, Git, Machine Learning, NLP, NumPy, Pandas, Python, SQL, Scikit-learn]."
1724,CAND_2454,AVIATION,0.17,0.0,0.1,,"AWS, Docker, Git, Machine Learning, NLP, NumPy, Pandas, Python, SQL, Scikit-learn","Candidate CAND_2454 shows weak overall alignment (0.17% text similarity, 0.0% skill match). Missing critical requirements: [AWS, Docker, Git, Machine Learning, NLP, NumPy, Pandas, Python, SQL, Scikit-learn]."
1725,CAND_1852,ACCOUNTANT,0.16,0.0,0.1,,"AWS, Docker, Git, Machine Learning, NLP, NumPy, Pandas, Python, SQL, Scikit-learn","Candidate CAND_1852 shows weak overall alignment (0.16% text similarity, 0.0% skill match). Missing critical requirements: [AWS, Docker, Git, Machine Learning, NLP, NumPy, Pandas, Python, SQL, Scikit-learn]."
1726,CAND_019,HR,0.16,0.0,0.1,,"AWS, Docker, Git, Machine Learning, NLP, NumPy, Pandas, Python, SQL, Scikit-learn","Candidate CAND_019 shows weak overall alignment (0.16% text similarity, 0.0% skill match). Missing critical requirements: [AWS, Docker, Git, Machine Learning, NLP, NumPy, Pandas, Python, SQL, Scikit-learn]."
1727,CAND_017,HR,0.16,0.0,0.1,,"AWS, Docker, Git, Machine Learning, NLP, NumPy, Pandas, Python, SQL, Scikit-learn","Candidate CAND_017 shows weak overall alignment (0.16% text similarity, 0.0% skill match). Missing critical requirements: [AWS, Docker, Git, Machine Learning, NLP, NumPy, Pandas, Python, SQL, Scikit-learn]."
1728,CAND_2416,AVIATION,0.16,0.0,0.1,,"AWS, Docker, Git, Machine Learning, NLP, NumPy, Pandas, Python, SQL, Scikit-learn","Candidate CAND_2416 shows weak overall alignment (0.16% text similarity, 0.0% skill match). Missing critical requirements: [AWS, Docker, Git, Machine Learning, NLP, NumPy, Pandas, Python, SQL, Scikit-learn]."
1729,CAND_1865,ACCOUNTANT,0.17,0.0,0.1,,"AWS, Docker, Git, Machine Learning, NLP, NumPy, Pandas, Python, SQL, Scikit-learn","Candidate CAND_1865 shows weak overall alignment (0.17% text similarity, 0.0% skill match). Missing critical requirements: [AWS, Docker, Git, Machine Learning, NLP, NumPy, Pandas, Python, SQL, Scikit-learn]."
1730,CAND_2051,PUBLIC-RELATIONS,0.16,0.0,0.1,,"AWS, Docker, Git, Machine Learning, NLP, NumPy, Pandas, Python, SQL, Scikit-learn","Candidate CAND_2051 shows weak overall alignment (0.16% text similarity, 0.0% skill match). Missing critical requirements: [AWS, Docker, Git, Machine Learning, NLP, NumPy, Pandas, Python, SQL, Scikit-learn]."
1731,CAND_674,BUSINESS-DEVELOPMENT,0.16,0.0,0.1,,"AWS, Docker, Git, Machine Learning, NLP, NumPy, Pandas, Python, SQL, Scikit-learn","Candidate CAND_674 shows weak overall alignment (0.16% text similarity, 0.0% skill match). Missing critical requirements: [AWS, Docker, Git, Machine Learning, NLP, NumPy, Pandas, Python, SQL, Scikit-learn]."
1732,CAND_666,BUSINESS-DEVELOPMENT,0.17,0.0,0.1,,"AWS, Docker, Git, Machine Learning, NLP, NumPy, Pandas, Python, SQL, Scikit-learn","Candidate CAND_666 shows weak overall alignment (0.17% text similarity, 0.0% skill match). Missing critical requirements: [AWS, Docker, Git, Machine Learning, NLP, NumPy, Pandas, Python, SQL, Scikit-learn]."
1733,CAND_2419,AVIATION,0.17,0.0,0.1,,"AWS, Docker, Git, Machine Learning, NLP, NumPy, Pandas, Python, SQL, Scikit-learn","Candidate CAND_2419 shows weak overall alignment (0.17% text similarity, 0.0% skill match). Missing critical requirements: [AWS, Docker, Git, Machine Learning, NLP, NumPy, Pandas, Python, SQL, Scikit-learn]."
1734,CAND_057,HR,0.16,0.0,0.1,,"AWS, Docker, Git, Machine Learning, NLP, NumPy, Pandas, Python, SQL, Scikit-learn","Candidate CAND_057 shows weak overall alignment (0.16% text similarity, 0.0% skill match). Missing critical requirements: [AWS, Docker, Git, Machine Learning, NLP, NumPy, Pandas, Python, SQL, Scikit-learn]."
1735,CAND_2021,CONSTRUCTION,0.17,0.0,0.1,,"AWS, Docker, Git, Machine Learning, NLP, NumPy, Pandas, Python, SQL, Scikit-learn","Candidate CAND_2021 shows weak overall alignment (0.17% text similarity, 0.0% skill match). Missing critical requirements: [AWS, Docker, Git, Machine Learning, NLP, NumPy, Pandas, Python, SQL, Scikit-learn]."
1736,CAND_502,ADVOCATE,0.17,0.0,0.1,,"AWS, Docker, Git, Machine Learning, NLP, NumPy, Pandas, Python, SQL, Scikit-learn","Candidate CAND_502 shows weak overall alignment (0.17% text similarity, 0.0% skill match). Missing critical requirements: [AWS, Docker, Git, Machine Learning, NLP, NumPy, Pandas, Python, SQL, Scikit-learn]."
1737,CAND_029,HR,0.16,0.0,0.1,,"AWS, Docker, Git, Machine Learning, NLP, NumPy, Pandas, Python, SQL, Scikit-learn","Candidate CAND_029 shows weak overall alignment (0.16% text similarity, 0.0% skill match). Missing critical requirements: [AWS, Docker, Git, Machine Learning, NLP, NumPy, Pandas, Python, SQL, Scikit-learn]."
1738,CAND_458,ADVOCATE,0.16,0.0,0.1,,"AWS, Docker, Git, Machine Learning, NLP, NumPy, Pandas, Python, SQL, Scikit-learn","Candidate CAND_458 shows weak overall alignment (0.16% text similarity, 0.0% skill match). Missing critical requirements: [AWS, Docker, Git, Machine Learning, NLP, NumPy, Pandas, Python, SQL, Scikit-learn]."
1739,CAND_094,HR,0.16,0.0,0.1,,"AWS, Docker, Git, Machine Learning, NLP, NumPy, Pandas, Python, SQL, Scikit-learn","Candidate CAND_094 shows weak overall alignment (0.16% text similarity, 0.0% skill match). Missing critical requirements: [AWS, Docker, Git, Machine Learning, NLP, NumPy, Pandas, Python, SQL, Scikit-learn]."
1740,CAND_1952,CONSTRUCTION,0.16,0.0,0.1,,"AWS, Docker, Git, Machine Learning, NLP, NumPy, Pandas, Python, SQL, Scikit-learn","Candidate CAND_1952 shows weak overall alignment (0.16% text similarity, 0.0% skill match). Missing critical requirements: [AWS, Docker, Git, Machine Learning, NLP, NumPy, Pandas, Python, SQL, Scikit-learn]."
1741,CAND_479,ADVOCATE,0.17,0.0,0.1,,"AWS, Docker, Git, Machine Learning, NLP, NumPy, Pandas, Python, SQL, Scikit-learn","Candidate CAND_479 shows weak overall alignment (0.17% text similarity, 0.0% skill match). Missing critical requirements: [AWS, Docker, Git, Machine Learning, NLP, NumPy, Pandas, Python, SQL, Scikit-learn]."
1742,CAND_567,BUSINESS-DEVELOPMENT,0.16,0.0,0.1,,"AWS, Docker, Git, Machine Learning, NLP, NumPy, Pandas, Python, SQL, Scikit-learn","Candidate CAND_567 shows weak overall alignment (0.16% text similarity, 0.0% skill match). Missing critical requirements: [AWS, Docker, Git, Machine Learning, NLP, NumPy, Pandas, Python, SQL, Scikit-learn]."
1743,CAND_627,BUSINESS-DEVELOPMENT,0.16,0.0,0.1,,"AWS, Docker, Git, Machine Learning, NLP, NumPy, Pandas, Python, SQL, Scikit-learn","Candidate CAND_627 shows weak overall alignment (0.16% text similarity, 0.0% skill match). Missing critical requirements: [AWS, Docker, Git, Machine Learning, NLP, NumPy, Pandas, Python, SQL, Scikit-learn]."
1744,CAND_1935,CONSTRUCTION,0.17,0.0,0.1,,"AWS, Docker, Git, Machine Learning, NLP, NumPy, Pandas, Python, SQL, Scikit-learn","Candidate CAND_1935 shows weak overall alignment (0.17% text similarity, 0.0% skill match). Missing critical requirements: [AWS, Docker, Git, Machine Learning, NLP, NumPy, Pandas, Python, SQL, Scikit-learn]."
1745,CAND_2223,BANKING,0.16,0.0,0.1,,"AWS, Docker, Git, Machine Learning, NLP, NumPy, Pandas, Python, SQL, Scikit-learn","Candidate CAND_2223 shows weak overall alignment (0.16% text similarity, 0.0% skill match). Missing critical requirements: [AWS, Docker, Git, Machine Learning, NLP, NumPy, Pandas, Python, SQL, Scikit-learn]."
1746,CAND_570,BUSINESS-DEVELOPMENT,0.16,0.0,0.1,,"AWS, Docker, Git, Machine Learning, NLP, NumPy, Pandas, Python, SQL, Scikit-learn","Candidate CAND_570 shows weak overall alignment (0.16% text similarity, 0.0% skill match). Missing critical requirements: [AWS, Docker, Git, Machine Learning, NLP, NumPy, Pandas, Python, SQL, Scikit-learn]."
1747,CAND_318,INFORMATION-TECHNOLOGY,0.16,0.0,0.1,,"AWS, Docker, Git, Machine Learning, NLP, NumPy, Pandas, Python, SQL, Scikit-learn","Candidate CAND_318 shows weak overall alignment (0.16% text similarity, 0.0% skill match). Missing critical requirements: [AWS, Docker, Git, Machine Learning, NLP, NumPy, Pandas, Python, SQL, Scikit-learn]."
1748,CAND_2205,BANKING,0.16,0.0,0.1,,"AWS, Docker, Git, Machine Learning, NLP, NumPy, Pandas, Python, SQL, Scikit-learn","Candidate CAND_2205 shows weak overall alignment (0.16% text similarity, 0.0% skill match). Missing critical requirements: [AWS, Docker, Git, Machine Learning, NLP, NumPy, Pandas, Python, SQL, Scikit-learn]."
1749,CAND_2193,BANKING,0.16,0.0,0.1,,"AWS, Docker, Git, Machine Learning, NLP, NumPy, Pandas, Python, SQL, Scikit-learn","Candidate CAND_2193 shows weak overall alignment (0.16% text similarity, 0.0% skill match). Missing critical requirements: [AWS, Docker, Git, Machine Learning, NLP, NumPy, Pandas, Python, SQL, Scikit-learn]."
1750,CAND_2183,BANKING,0.16,0.0,0.1,,"AWS, Docker, Git, Machine Learning, NLP, NumPy, Pandas, Python, SQL, Scikit-learn","Candidate CAND_2183 shows weak overall alignment (0.16% text similarity, 0.0% skill match). Missing critical requirements: [AWS, Docker, Git, Machine Learning, NLP, NumPy, Pandas, Python, SQL, Scikit-learn]."
1751,CAND_425,TEACHER,0.16,0.0,0.1,,"AWS, Docker, Git, Machine Learning, NLP, NumPy, Pandas, Python, SQL, Scikit-learn","Candidate CAND_425 shows weak overall alignment (0.16% text similarity, 0.0% skill match). Missing critical requirements: [AWS, Docker, Git, Machine Learning, NLP, NumPy, Pandas, Python, SQL, Scikit-learn]."
1752,CAND_634,BUSINESS-DEVELOPMENT,0.17,0.0,0.1,,"AWS, Docker, Git, Machine Learning, NLP, NumPy, Pandas, Python, SQL, Scikit-learn","Candidate CAND_634 shows weak overall alignment (0.17% text similarity, 0.0% skill match). Missing critical requirements: [AWS, Docker, Git, Machine Learning, NLP, NumPy, Pandas, Python, SQL, Scikit-learn]."
1753,CAND_609,BUSINESS-DEVELOPMENT,0.16,0.0,0.1,,"AWS, Docker, Git, Machine Learning, NLP, NumPy, Pandas, Python, SQL, Scikit-learn","Candidate CAND_609 shows weak overall alignment (0.16% text similarity, 0.0% skill match). Missing critical requirements: [AWS, Docker, Git, Machine Learning, NLP, NumPy, Pandas, Python, SQL, Scikit-learn]."
1754,CAND_2158,BANKING,0.17,0.0,0.1,,"AWS, Docker, Git, Machine Learning, NLP, NumPy, Pandas, Python, SQL, Scikit-learn","Candidate CAND_2158 shows weak overall alignment (0.17% text similarity, 0.0% skill match). Missing critical requirements: [AWS, Docker, Git, Machine Learning, NLP, NumPy, Pandas, Python, SQL, Scikit-learn]."
1755,CAND_428,TEACHER,0.17,0.0,0.1,,"AWS, Docker, Git, Machine Learning, NLP, NumPy, Pandas, Python, SQL, Scikit-learn","Candidate CAND_428 shows weak overall alignment (0.17% text similarity, 0.0% skill match). Missing critical requirements: [AWS, Docker, Git, Machine Learning, NLP, NumPy, Pandas, Python, SQL, Scikit-learn]."
1756,CAND_465,ADVOCATE,0.16,0.0,0.1,,"AWS, Docker, Git, Machine Learning, NLP, NumPy, Pandas, Python, SQL, Scikit-learn","Candidate CAND_465 shows weak overall alignment (0.16% text similarity, 0.0% skill match). Missing critical requirements: [AWS, Docker, Git, Machine Learning, NLP, NumPy, Pandas, Python, SQL, Scikit-learn]."
1757,CAND_597,BUSINESS-DEVELOPMENT,0.17,0.0,0.1,,"AWS, Docker, Git, Machine Learning, NLP, NumPy, Pandas, Python, SQL, Scikit-learn","Candidate CAND_597 shows weak overall alignment (0.17% text similarity, 0.0% skill match). Missing critical requirements: [AWS, Docker, Git, Machine Learning, NLP, NumPy, Pandas, Python, SQL, Scikit-learn]."
1758,CAND_595,BUSINESS-DEVELOPMENT,0.17,0.0,0.1,,"AWS, Docker, Git, Machine Learning, NLP, NumPy, Pandas, Python, SQL, Scikit-learn","Candidate CAND_595 shows weak overall alignment (0.17% text similarity, 0.0% skill match). Missing critical requirements: [AWS, Docker, Git, Machine Learning, NLP, NumPy, Pandas, Python, SQL, Scikit-learn]."
1759,CAND_592,BUSINESS-DEVELOPMENT,0.17,0.0,0.1,,"AWS, Docker, Git, Machine Learning, NLP, NumPy, Pandas, Python, SQL, Scikit-learn","Candidate CAND_592 shows weak overall alignment (0.17% text similarity, 0.0% skill match). Missing critical requirements: [AWS, Docker, Git, Machine Learning, NLP, NumPy, Pandas, Python, SQL, Scikit-learn]."
1760,CAND_430,TEACHER,0.17,0.0,0.1,,"AWS, Docker, Git, Machine Learning, NLP, NumPy, Pandas, Python, SQL, Scikit-learn","Candidate CAND_430 shows weak overall alignment (0.17% text similarity, 0.0% skill match). Missing critical requirements: [AWS, Docker, Git, Machine Learning, NLP, NumPy, Pandas, Python, SQL, Scikit-learn]."
1761,CAND_442,ADVOCATE,0.17,0.0,0.1,,"AWS, Docker, Git, Machine Learning, NLP, NumPy, Pandas, Python, SQL, Scikit-learn","Candidate CAND_442 shows weak overall alignment (0.17% text similarity, 0.0% skill match). Missing critical requirements: [AWS, Docker, Git, Machine Learning, NLP, NumPy, Pandas, Python, SQL, Scikit-learn]."
1762,CAND_587,BUSINESS-DEVELOPMENT,0.17,0.0,0.1,,"AWS, Docker, Git, Machine Learning, NLP, NumPy, Pandas, Python, SQL, Scikit-learn","Candidate CAND_587 shows weak overall alignment (0.17% text similarity, 0.0% skill match). Missing critical requirements: [AWS, Docker, Git, Machine Learning, NLP, NumPy, Pandas, Python, SQL, Scikit-learn]."
1763,CAND_2247,BANKING,0.17,0.0,0.1,,"AWS, Docker, Git, Machine Learning, NLP, NumPy, Pandas, Python, SQL, Scikit-learn","Candidate CAND_2247 shows weak overall alignment (0.17% text similarity, 0.0% skill match). Missing critical requirements: [AWS, Docker, Git, Machine Learning, NLP, NumPy, Pandas, Python, SQL, Scikit-learn]."
1764,CAND_640,BUSINESS-DEVELOPMENT,0.16,0.0,0.1,,"AWS, Docker, Git, Machine Learning, NLP, NumPy, Pandas, Python, SQL, Scikit-learn","Candidate CAND_640 shows weak overall alignment (0.16% text similarity, 0.0% skill match). Missing critical requirements: [AWS, Docker, Git, Machine Learning, NLP, NumPy, Pandas, Python, SQL, Scikit-learn]."
1765,CAND_2075,PUBLIC-RELATIONS,0.17,0.0,0.1,,"AWS, Docker, Git, Machine Learning, NLP, NumPy, Pandas, Python, SQL, Scikit-learn","Candidate CAND_2075 shows weak overall alignment (0.17% text similarity, 0.0% skill match). Missing critical requirements: [AWS, Docker, Git, Machine Learning, NLP, NumPy, Pandas, Python, SQL, Scikit-learn]."
1766,CAND_187,DESIGNER,0.17,0.0,0.1,,"AWS, Docker, Git, Machine Learning, NLP, NumPy, Pandas, Python, SQL, Scikit-learn","Candidate CAND_187 shows weak overall alignment (0.17% text similarity, 0.0% skill match). Missing critical requirements: [AWS, Docker, Git, Machine Learning, NLP, NumPy, Pandas, Python, SQL, Scikit-learn]."
1767,CAND_098,HR,0.17,0.0,0.1,,"AWS, Docker, Git, Machine Learning, NLP, NumPy, Pandas, Python, SQL, Scikit-learn","Candidate CAND_098 shows weak overall alignment (0.17% text similarity, 0.0% skill match). Missing critical requirements: [AWS, Docker, Git, Machine Learning, NLP, NumPy, Pandas, Python, SQL, Scikit-learn]."
1768,CAND_099,HR,0.17,0.0,0.1,,"AWS, Docker, Git, Machine Learning, NLP, NumPy, Pandas, Python, SQL, Scikit-learn","Candidate CAND_099 shows weak overall alignment (0.17% text similarity, 0.0% skill match). Missing critical requirements: [AWS, Docker, Git, Machine Learning, NLP, NumPy, Pandas, Python, SQL, Scikit-learn]."
1769,CAND_499,ADVOCATE,0.16,0.0,0.1,,"AWS, Docker, Git, Machine Learning, NLP, NumPy, Pandas, Python, SQL, Scikit-learn","Candidate CAND_499 shows weak overall alignment (0.16% text similarity, 0.0% skill match). Missing critical requirements: [AWS, Docker, Git, Machine Learning, NLP, NumPy, Pandas, Python, SQL, Scikit-learn]."
1770,CAND_100,HR,0.17,0.0,0.1,,"AWS, Docker, Git, Machine Learning, NLP, NumPy, Pandas, Python, SQL, Scikit-learn","Candidate CAND_100 shows weak overall alignment (0.17% text similarity, 0.0% skill match). Missing critical requirements: [AWS, Docker, Git, Machine Learning, NLP, NumPy, Pandas, Python, SQL, Scikit-learn]."
1771,CAND_101,HR,0.17,0.0,0.1,,"AWS, Docker, Git, Machine Learning, NLP, NumPy, Pandas, Python, SQL, Scikit-learn","Candidate CAND_101 shows weak overall alignment (0.17% text similarity, 0.0% skill match). Missing critical requirements: [AWS, Docker, Git, Machine Learning, NLP, NumPy, Pandas, Python, SQL, Scikit-learn]."
1772,CAND_1886,ACCOUNTANT,0.17,0.0,0.1,,"AWS, Docker, Git, Machine Learning, NLP, NumPy, Pandas, Python, SQL, Scikit-learn","Candidate CAND_1886 shows weak overall alignment (0.17% text similarity, 0.0% skill match). Missing critical requirements: [AWS, Docker, Git, Machine Learning, NLP, NumPy, Pandas, Python, SQL, Scikit-learn]."
1773,CAND_110,HR,0.17,0.0,0.1,,"AWS, Docker, Git, Machine Learning, NLP, NumPy, Pandas, Python, SQL, Scikit-learn","Candidate CAND_110 shows weak overall alignment (0.17% text similarity, 0.0% skill match). Missing critical requirements: [AWS, Docker, Git, Machine Learning, NLP, NumPy, Pandas, Python, SQL, Scikit-learn]."
1774,CAND_2321,ARTS,0.16,0.0,0.1,,"AWS, Docker, Git, Machine Learning, NLP, NumPy, Pandas, Python, SQL, Scikit-learn","Candidate CAND_2321 shows weak overall alignment (0.16% text similarity, 0.0% skill match). Missing critical requirements: [AWS, Docker, Git, Machine Learning, NLP, NumPy, Pandas, Python, SQL, Scikit-learn]."
1775,CAND_695,HEALTHCARE,0.16,0.0,0.1,,"AWS, Docker, Git, Machine Learning, NLP, NumPy, Pandas, Python, SQL, Scikit-learn","Candidate CAND_695 shows weak overall alignment (0.16% text similarity, 0.0% skill match). Missing critical requirements: [AWS, Docker, Git, Machine Learning, NLP, NumPy, Pandas, Python, SQL, Scikit-learn]."
1776,CAND_163,DESIGNER,0.16,0.0,0.1,,"AWS, Docker, Git, Machine Learning, NLP, NumPy, Pandas, Python, SQL, Scikit-learn","Candidate CAND_163 shows weak overall alignment (0.16% text similarity, 0.0% skill match). Missing critical requirements: [AWS, Docker, Git, Machine Learning, NLP, NumPy, Pandas, Python, SQL, Scikit-learn]."
1777,CAND_2090,PUBLIC-RELATIONS,0.17,0.0,0.1,,"AWS, Docker, Git, Machine Learning, NLP, NumPy, Pandas, Python, SQL, Scikit-learn","Candidate CAND_2090 shows weak overall alignment (0.17% text similarity, 0.0% skill match). Missing critical requirements: [AWS, Docker, Git, Machine Learning, NLP, NumPy, Pandas, Python, SQL, Scikit-learn]."
1778,CAND_2255,BANKING,0.16,0.0,0.1,,"AWS, Docker, Git, Machine Learning, NLP, NumPy, Pandas, Python, SQL, Scikit-learn","Candidate CAND_2255 shows weak overall alignment (0.16% text similarity, 0.0% skill match). Missing critical requirements: [AWS, Docker, Git, Machine Learning, NLP, NumPy, Pandas, Python, SQL, Scikit-learn]."
1779,CAND_1902,ACCOUNTANT,0.16,0.0,0.1,,"AWS, Docker, Git, Machine Learning, NLP, NumPy, Pandas, Python, SQL, Scikit-learn","Candidate CAND_1902 shows weak overall alignment (0.16% text similarity, 0.0% skill match). Missing critical requirements: [AWS, Docker, Git, Machine Learning, NLP, NumPy, Pandas, Python, SQL, Scikit-learn]."
1780,CAND_557,ADVOCATE,0.17,0.0,0.1,,"AWS, Docker, Git, Machine Learning, NLP, NumPy, Pandas, Python, SQL, Scikit-learn","Candidate CAND_557 shows weak overall alignment (0.17% text similarity, 0.0% skill match). Missing critical requirements: [AWS, Docker, Git, Machine Learning, NLP, NumPy, Pandas, Python, SQL, Scikit-learn]."
1781,CAND_216,DESIGNER,0.17,0.0,0.1,,"AWS, Docker, Git, Machine Learning, NLP, NumPy, Pandas, Python, SQL, Scikit-learn","Candidate CAND_216 shows weak overall alignment (0.17% text similarity, 0.0% skill match). Missing critical requirements: [AWS, Docker, Git, Machine Learning, NLP, NumPy, Pandas, Python, SQL, Scikit-learn]."
1782,CAND_2097,PUBLIC-RELATIONS,0.16,0.0,0.1,,"AWS, Docker, Git, Machine Learning, NLP, NumPy, Pandas, Python, SQL, Scikit-learn","Candidate CAND_2097 shows weak overall alignment (0.16% text similarity, 0.0% skill match). Missing critical requirements: [AWS, Docker, Git, Machine Learning, NLP, NumPy, Pandas, Python, SQL, Scikit-learn]."
1783,CAND_2274,ARTS,0.16,0.0,0.1,,"AWS, Docker, Git, Machine Learning, NLP, NumPy, Pandas, Python, SQL, Scikit-learn","Candidate CAND_2274 shows weak overall alignment (0.16% text similarity, 0.0% skill match). Missing critical requirements: [AWS, Docker, Git, Machine Learning, NLP, NumPy, Pandas, Python, SQL, Scikit-learn]."
1784,CAND_1909,ACCOUNTANT,0.16,0.0,0.1,,"AWS, Docker, Git, Machine Learning, NLP, NumPy, Pandas, Python, SQL, Scikit-learn","Candidate CAND_1909 shows weak overall alignment (0.16% text similarity, 0.0% skill match). Missing critical requirements: [AWS, Docker, Git, Machine Learning, NLP, NumPy, Pandas, Python, SQL, Scikit-learn]."
1785,CAND_1911,ACCOUNTANT,0.16,0.0,0.1,,"AWS, Docker, Git, Machine Learning, NLP, NumPy, Pandas, Python, SQL, Scikit-learn","Candidate CAND_1911 shows weak overall alignment (0.16% text similarity, 0.0% skill match). Missing critical requirements: [AWS, Docker, Git, Machine Learning, NLP, NumPy, Pandas, Python, SQL, Scikit-learn]."
1786,CAND_262,INFORMATION-TECHNOLOGY,0.16,0.0,0.1,,"AWS, Docker, Git, Machine Learning, NLP, NumPy, Pandas, Python, SQL, Scikit-learn","Candidate CAND_262 shows weak overall alignment (0.16% text similarity, 0.0% skill match). Missing critical requirements: [AWS, Docker, Git, Machine Learning, NLP, NumPy, Pandas, Python, SQL, Scikit-learn]."
1787,CAND_2031,CONSTRUCTION,0.16,0.0,0.1,,"AWS, Docker, Git, Machine Learning, NLP, NumPy, Pandas, Python, SQL, Scikit-learn","Candidate CAND_2031 shows weak overall alignment (0.16% text similarity, 0.0% skill match). Missing critical requirements: [AWS, Docker, Git, Machine Learning, NLP, NumPy, Pandas, Python, SQL, Scikit-learn]."
1788,CAND_1925,ACCOUNTANT,0.16,0.0,0.1,,"AWS, Docker, Git, Machine Learning, NLP, NumPy, Pandas, Python, SQL, Scikit-learn","Candidate CAND_1925 shows weak overall alignment (0.16% text similarity, 0.0% skill match). Missing critical requirements: [AWS, Docker, Git, Machine Learning, NLP, NumPy, Pandas, Python, SQL, Scikit-learn]."
1789,CAND_2317,ARTS,0.16,0.0,0.1,,"AWS, Docker, Git, Machine Learning, NLP, NumPy, Pandas, Python, SQL, Scikit-learn","Candidate CAND_2317 shows weak overall alignment (0.16% text similarity, 0.0% skill match). Missing critical requirements: [AWS, Docker, Git, Machine Learning, NLP, NumPy, Pandas, Python, SQL, Scikit-learn]."
1790,CAND_001,HR,0.16,0.0,0.1,,"AWS, Docker, Git, Machine Learning, NLP, NumPy, Pandas, Python, SQL, Scikit-learn","Candidate CAND_001 shows weak overall alignment (0.16% text similarity, 0.0% skill match). Missing critical requirements: [AWS, Docker, Git, Machine Learning, NLP, NumPy, Pandas, Python, SQL, Scikit-learn]."
1791,CAND_1161,CONSULTANT,0.16,0.0,0.1,,"AWS, Docker, Git, Machine Learning, NLP, NumPy, Pandas, Python, SQL, Scikit-learn","Candidate CAND_1161 shows weak overall alignment (0.16% text similarity, 0.0% skill match). Missing critical requirements: [AWS, Docker, Git, Machine Learning, NLP, NumPy, Pandas, Python, SQL, Scikit-learn]."
1792,CAND_1039,SALES,0.17,0.0,0.1,,"AWS, Docker, Git, Machine Learning, NLP, NumPy, Pandas, Python, SQL, Scikit-learn","Candidate CAND_1039 shows weak overall alignment (0.17% text similarity, 0.0% skill match). Missing critical requirements: [AWS, Docker, Git, Machine Learning, NLP, NumPy, Pandas, Python, SQL, Scikit-learn]."
1793,CAND_1175,CONSULTANT,0.16,0.0,0.1,,"AWS, Docker, Git, Machine Learning, NLP, NumPy, Pandas, Python, SQL, Scikit-learn","Candidate CAND_1175 shows weak overall alignment (0.16% text similarity, 0.0% skill match). Missing critical requirements: [AWS, Docker, Git, Machine Learning, NLP, NumPy, Pandas, Python, SQL, Scikit-learn]."
1794,CAND_1241,DIGITAL-MEDIA,0.16,0.0,0.1,,"AWS, Docker, Git, Machine Learning, NLP, NumPy, Pandas, Python, SQL, Scikit-learn","Candidate CAND_1241 shows weak overall alignment (0.16% text similarity, 0.0% skill match). Missing critical requirements: [AWS, Docker, Git, Machine Learning, NLP, NumPy, Pandas, Python, SQL, Scikit-learn]."
1795,CAND_1495,FINANCE,0.16,0.0,0.1,,"AWS, Docker, Git, Machine Learning, NLP, NumPy, Pandas, Python, SQL, Scikit-learn","Candidate CAND_1495 shows weak overall alignment (0.16% text similarity, 0.0% skill match). Missing critical requirements: [AWS, Docker, Git, Machine Learning, NLP, NumPy, Pandas, Python, SQL, Scikit-learn]."
1796,CAND_740,HEALTHCARE,0.16,0.0,0.1,,"AWS, Docker, Git, Machine Learning, NLP, NumPy, Pandas, Python, SQL, Scikit-learn","Candidate CAND_740 shows weak overall alignment (0.16% text similarity, 0.0% skill match). Missing critical requirements: [AWS, Docker, Git, Machine Learning, NLP, NumPy, Pandas, Python, SQL, Scikit-learn]."
1797,CAND_741,HEALTHCARE,0.16,0.0,0.1,,"AWS, Docker, Git, Machine Learning, NLP, NumPy, Pandas, Python, SQL, Scikit-learn","Candidate CAND_741 shows weak overall alignment (0.16% text similarity, 0.0% skill match). Missing critical requirements: [AWS, Docker, Git, Machine Learning, NLP, NumPy, Pandas, Python, SQL, Scikit-learn]."
1798,CAND_1164,CONSULTANT,0.16,0.0,0.1,,"AWS, Docker, Git, Machine Learning, NLP, NumPy, Pandas, Python, SQL, Scikit-learn","Candidate CAND_1164 shows weak overall alignment (0.16% text similarity, 0.0% skill match). Missing critical requirements: [AWS, Docker, Git, Machine Learning, NLP, NumPy, Pandas, Python, SQL, Scikit-learn]."
1799,CAND_991,BPO,0.16,0.0,0.1,,"AWS, Docker, Git, Machine Learning, NLP, NumPy, Pandas, Python, SQL, Scikit-learn","Candidate CAND_991 shows weak overall alignment (0.16% text similarity, 0.0% skill match). Missing critical requirements: [AWS, Docker, Git, Machine Learning, NLP, NumPy, Pandas, Python, SQL, Scikit-learn]."
1800,CAND_1631,APPAREL,0.16,0.0,0.1,,"AWS, Docker, Git, Machine Learning, NLP, NumPy, Pandas, Python, SQL, Scikit-learn","Candidate CAND_1631 shows weak overall alignment (0.16% text similarity, 0.0% skill match). Missing critical requirements: [AWS, Docker, Git, Machine Learning, NLP, NumPy, Pandas, Python, SQL, Scikit-learn]."
1801,CAND_1645,APPAREL,0.16,0.0,0.1,,"AWS, Docker, Git, Machine Learning, NLP, NumPy, Pandas, Python, SQL, Scikit-learn","Candidate CAND_1645 shows weak overall alignment (0.16% text similarity, 0.0% skill match). Missing critical requirements: [AWS, Docker, Git, Machine Learning, NLP, NumPy, Pandas, Python, SQL, Scikit-learn]."
1802,CAND_1435,CHEF,0.16,0.0,0.1,,"AWS, Docker, Git, Machine Learning, NLP, NumPy, Pandas, Python, SQL, Scikit-learn","Candidate CAND_1435 shows weak overall alignment (0.16% text similarity, 0.0% skill match). Missing critical requirements: [AWS, Docker, Git, Machine Learning, NLP, NumPy, Pandas, Python, SQL, Scikit-learn]."
1803,CAND_1410,CHEF,0.17,0.0,0.1,,"AWS, Docker, Git, Machine Learning, NLP, NumPy, Pandas, Python, SQL, Scikit-learn","Candidate CAND_1410 shows weak overall alignment (0.17% text similarity, 0.0% skill match). Missing critical requirements: [AWS, Docker, Git, Machine Learning, NLP, NumPy, Pandas, Python, SQL, Scikit-learn]."
1804,CAND_967,AGRICULTURE,0.17,0.0,0.1,,"AWS, Docker, Git, Machine Learning, NLP, NumPy, Pandas, Python, SQL, Scikit-learn","Candidate CAND_967 shows weak overall alignment (0.17% text similarity, 0.0% skill match). Missing critical requirements: [AWS, Docker, Git, Machine Learning, NLP, NumPy, Pandas, Python, SQL, Scikit-learn]."
1805,CAND_1397,CHEF,0.17,0.0,0.1,,"AWS, Docker, Git, Machine Learning, NLP, NumPy, Pandas, Python, SQL, Scikit-learn","Candidate CAND_1397 shows weak overall alignment (0.17% text similarity, 0.0% skill match). Missing critical requirements: [AWS, Docker, Git, Machine Learning, NLP, NumPy, Pandas, Python, SQL, Scikit-learn]."
1806,CAND_1395,CHEF,0.16,0.0,0.1,,"AWS, Docker, Git, Machine Learning, NLP, NumPy, Pandas, Python, SQL, Scikit-learn","Candidate CAND_1395 shows weak overall alignment (0.16% text similarity, 0.0% skill match). Missing critical requirements: [AWS, Docker, Git, Machine Learning, NLP, NumPy, Pandas, Python, SQL, Scikit-learn]."
1807,CAND_1049,SALES,0.17,0.0,0.1,,"AWS, Docker, Git, Machine Learning, NLP, NumPy, Pandas, Python, SQL, Scikit-learn","Candidate CAND_1049 shows weak overall alignment (0.17% text similarity, 0.0% skill match). Missing critical requirements: [AWS, Docker, Git, Machine Learning, NLP, NumPy, Pandas, Python, SQL, Scikit-learn]."
1808,CAND_1382,CHEF,0.16,0.0,0.1,,"AWS, Docker, Git, Machine Learning, NLP, NumPy, Pandas, Python, SQL, Scikit-learn","Candidate CAND_1382 shows weak overall alignment (0.16% text similarity, 0.0% skill match). Missing critical requirements: [AWS, Docker, Git, Machine Learning, NLP, NumPy, Pandas, Python, SQL, Scikit-learn]."
1809,CAND_848,FITNESS,0.16,0.0,0.1,,"AWS, Docker, Git, Machine Learning, NLP, NumPy, Pandas, Python, SQL, Scikit-learn","Candidate CAND_848 shows weak overall alignment (0.16% text similarity, 0.0% skill match). Missing critical requirements: [AWS, Docker, Git, Machine Learning, NLP, NumPy, Pandas, Python, SQL, Scikit-learn]."
1810,CAND_1321,DIGITAL-MEDIA,0.16,0.0,0.1,,"AWS, Docker, Git, Machine Learning, NLP, NumPy, Pandas, Python, SQL, Scikit-learn","Candidate CAND_1321 shows weak overall alignment (0.16% text similarity, 0.0% skill match). Missing critical requirements: [AWS, Docker, Git, Machine Learning, NLP, NumPy, Pandas, Python, SQL, Scikit-learn]."
1811,CAND_1074,SALES,0.17,0.0,0.1,,"AWS, Docker, Git, Machine Learning, NLP, NumPy, Pandas, Python, SQL, Scikit-learn","Candidate CAND_1074 shows weak overall alignment (0.17% text similarity, 0.0% skill match). Missing critical requirements: [AWS, Docker, Git, Machine Learning, NLP, NumPy, Pandas, Python, SQL, Scikit-learn]."
1812,CAND_1099,SALES,0.16,0.0,0.1,,"AWS, Docker, Git, Machine Learning, NLP, NumPy, Pandas, Python, SQL, Scikit-learn","Candidate CAND_1099 shows weak overall alignment (0.16% text similarity, 0.0% skill match). Missing critical requirements: [AWS, Docker, Git, Machine Learning, NLP, NumPy, Pandas, Python, SQL, Scikit-learn]."
1813,CAND_1338,AUTOMOBILE,0.17,0.0,0.1,,"AWS, Docker, Git, Machine Learning, NLP, NumPy, Pandas, Python, SQL, Scikit-learn","Candidate CAND_1338 shows weak overall alignment (0.17% text similarity, 0.0% skill match). Missing critical requirements: [AWS, Docker, Git, Machine Learning, NLP, NumPy, Pandas, Python, SQL, Scikit-learn]."
1814,CAND_1078,SALES,0.17,0.0,0.1,,"AWS, Docker, Git, Machine Learning, NLP, NumPy, Pandas, Python, SQL, Scikit-learn","Candidate CAND_1078 shows weak overall alignment (0.17% text similarity, 0.0% skill match). Missing critical requirements: [AWS, Docker, Git, Machine Learning, NLP, NumPy, Pandas, Python, SQL, Scikit-learn]."
1815,CAND_1514,FINANCE,0.17,0.0,0.1,,"AWS, Docker, Git, Machine Learning, NLP, NumPy, Pandas, Python, SQL, Scikit-learn","Candidate CAND_1514 shows weak overall alignment (0.17% text similarity, 0.0% skill match). Missing critical requirements: [AWS, Docker, Git, Machine Learning, NLP, NumPy, Pandas, Python, SQL, Scikit-learn]."
1816,CAND_798,FITNESS,0.17,0.0,0.1,,"AWS, Docker, Git, Machine Learning, NLP, NumPy, Pandas, Python, SQL, Scikit-learn","Candidate CAND_798 shows weak overall alignment (0.17% text similarity, 0.0% skill match). Missing critical requirements: [AWS, Docker, Git, Machine Learning, NLP, NumPy, Pandas, Python, SQL, Scikit-learn]."
1817,CAND_734,HEALTHCARE,0.17,0.0,0.1,,"AWS, Docker, Git, Machine Learning, NLP, NumPy, Pandas, Python, SQL, Scikit-learn","Candidate CAND_734 shows weak overall alignment (0.17% text similarity, 0.0% skill match). Missing critical requirements: [AWS, Docker, Git, Machine Learning, NLP, NumPy, Pandas, Python, SQL, Scikit-learn]."
1818,CAND_710,HEALTHCARE,0.17,0.0,0.1,,"AWS, Docker, Git, Machine Learning, NLP, NumPy, Pandas, Python, SQL, Scikit-learn","Candidate CAND_710 shows weak overall alignment (0.17% text similarity, 0.0% skill match). Missing critical requirements: [AWS, Docker, Git, Machine Learning, NLP, NumPy, Pandas, Python, SQL, Scikit-learn]."
1819,CAND_1217,CONSULTANT,0.16,0.0,0.1,,"AWS, Docker, Git, Machine Learning, NLP, NumPy, Pandas, Python, SQL, Scikit-learn","Candidate CAND_1217 shows weak overall alignment (0.16% text similarity, 0.0% skill match). Missing critical requirements: [AWS, Docker, Git, Machine Learning, NLP, NumPy, Pandas, Python, SQL, Scikit-learn]."
1820,CAND_1570,FINANCE,0.16,0.0,0.1,,"AWS, Docker, Git, Machine Learning, NLP, NumPy, Pandas, Python, SQL, Scikit-learn","Candidate CAND_1570 shows weak overall alignment (0.16% text similarity, 0.0% skill match). Missing critical requirements: [AWS, Docker, Git, Machine Learning, NLP, NumPy, Pandas, Python, SQL, Scikit-learn]."
1821,CAND_726,HEALTHCARE,0.17,0.0,0.1,,"AWS, Docker, Git, Machine Learning, NLP, NumPy, Pandas, Python, SQL, Scikit-learn","Candidate CAND_726 shows weak overall alignment (0.17% text similarity, 0.0% skill match). Missing critical requirements: [AWS, Docker, Git, Machine Learning, NLP, NumPy, Pandas, Python, SQL, Scikit-learn]."
1822,CAND_713,HEALTHCARE,0.16,0.0,0.1,,"AWS, Docker, Git, Machine Learning, NLP, NumPy, Pandas, Python, SQL, Scikit-learn","Candidate CAND_713 shows weak overall alignment (0.16% text similarity, 0.0% skill match). Missing critical requirements: [AWS, Docker, Git, Machine Learning, NLP, NumPy, Pandas, Python, SQL, Scikit-learn]."
1823,CAND_1551,FINANCE,0.17,0.0,0.1,,"AWS, Docker, Git, Machine Learning, NLP, NumPy, Pandas, Python, SQL, Scikit-learn","Candidate CAND_1551 shows weak overall alignment (0.17% text similarity, 0.0% skill match). Missing critical requirements: [AWS, Docker, Git, Machine Learning, NLP, NumPy, Pandas, Python, SQL, Scikit-learn]."
1824,CAND_1540,FINANCE,0.16,0.0,0.1,,"AWS, Docker, Git, Machine Learning, NLP, NumPy, Pandas, Python, SQL, Scikit-learn","Candidate CAND_1540 shows weak overall alignment (0.16% text similarity, 0.0% skill match). Missing critical requirements: [AWS, Docker, Git, Machine Learning, NLP, NumPy, Pandas, Python, SQL, Scikit-learn]."
1825,CAND_1216,CONSULTANT,0.16,0.0,0.1,,"AWS, Docker, Git, Machine Learning, NLP, NumPy, Pandas, Python, SQL, Scikit-learn","Candidate CAND_1216 shows weak overall alignment (0.16% text similarity, 0.0% skill match). Missing critical requirements: [AWS, Docker, Git, Machine Learning, NLP, NumPy, Pandas, Python, SQL, Scikit-learn]."
1826,CAND_1539,FINANCE,0.16,0.0,0.1,,"AWS, Docker, Git, Machine Learning, NLP, NumPy, Pandas, Python, SQL, Scikit-learn","Candidate CAND_1539 shows weak overall alignment (0.16% text similarity, 0.0% skill match). Missing critical requirements: [AWS, Docker, Git, Machine Learning, NLP, NumPy, Pandas, Python, SQL, Scikit-learn]."
1827,CAND_1213,CONSULTANT,0.16,0.0,0.1,,"AWS, Docker, Git, Machine Learning, NLP, NumPy, Pandas, Python, SQL, Scikit-learn","Candidate CAND_1213 shows weak overall alignment (0.16% text similarity, 0.0% skill match). Missing critical requirements: [AWS, Docker, Git, Machine Learning, NLP, NumPy, Pandas, Python, SQL, Scikit-learn]."
1828,CAND_931,AGRICULTURE,0.16,0.0,0.1,,"AWS, Docker, Git, Machine Learning, NLP, NumPy, Pandas, Python, SQL, Scikit-learn","Candidate CAND_931 shows weak overall alignment (0.16% text similarity, 0.0% skill match). Missing critical requirements: [AWS, Docker, Git, Machine Learning, NLP, NumPy, Pandas, Python, SQL, Scikit-learn]."
1829,CAND_936,AGRICULTURE,0.16,0.0,0.1,,"AWS, Docker, Git, Machine Learning, NLP, NumPy, Pandas, Python, SQL, Scikit-learn","Candidate CAND_936 shows weak overall alignment (0.16% text similarity, 0.0% skill match). Missing critical requirements: [AWS, Docker, Git, Machine Learning, NLP, NumPy, Pandas, Python, SQL, Scikit-learn]."
1830,CAND_1553,FINANCE,0.17,0.0,0.1,,"AWS, Docker, Git, Machine Learning, NLP, NumPy, Pandas, Python, SQL, Scikit-learn","Candidate CAND_1553 shows weak overall alignment (0.17% text similarity, 0.0% skill match). Missing critical requirements: [AWS, Docker, Git, Machine Learning, NLP, NumPy, Pandas, Python, SQL, Scikit-learn]."
1831,CAND_1530,FINANCE,0.16,0.0,0.1,,"AWS, Docker, Git, Machine Learning, NLP, NumPy, Pandas, Python, SQL, Scikit-learn","Candidate CAND_1530 shows weak overall alignment (0.16% text similarity, 0.0% skill match). Missing critical requirements: [AWS, Docker, Git, Machine Learning, NLP, NumPy, Pandas, Python, SQL, Scikit-learn]."
1832,CAND_832,FITNESS,0.15,0.0,0.09,,"AWS, Docker, Git, Machine Learning, NLP, NumPy, Pandas, Python, SQL, Scikit-learn","Candidate CAND_832 shows weak overall alignment (0.15% text similarity, 0.0% skill match). Missing critical requirements: [AWS, Docker, Git, Machine Learning, NLP, NumPy, Pandas, Python, SQL, Scikit-learn]."
1833,CAND_495,ADVOCATE,0.15,0.0,0.09,,"AWS, Docker, Git, Machine Learning, NLP, NumPy, Pandas, Python, SQL, Scikit-learn","Candidate CAND_495 shows weak overall alignment (0.15% text similarity, 0.0% skill match). Missing critical requirements: [AWS, Docker, Git, Machine Learning, NLP, NumPy, Pandas, Python, SQL, Scikit-learn]."
1834,CAND_1418,CHEF,0.15,0.0,0.09,,"AWS, Docker, Git, Machine Learning, NLP, NumPy, Pandas, Python, SQL, Scikit-learn","Candidate CAND_1418 shows weak overall alignment (0.15% text similarity, 0.0% skill match). Missing critical requirements: [AWS, Docker, Git, Machine Learning, NLP, NumPy, Pandas, Python, SQL, Scikit-learn]."
1835,CAND_2053,PUBLIC-RELATIONS,0.15,0.0,0.09,,"AWS, Docker, Git, Machine Learning, NLP, NumPy, Pandas, Python, SQL, Scikit-learn","Candidate CAND_2053 shows weak overall alignment (0.15% text similarity, 0.0% skill match). Missing critical requirements: [AWS, Docker, Git, Machine Learning, NLP, NumPy, Pandas, Python, SQL, Scikit-learn]."
1836,CAND_138,DESIGNER,0.15,0.0,0.09,,"AWS, Docker, Git, Machine Learning, NLP, NumPy, Pandas, Python, SQL, Scikit-learn","Candidate CAND_138 shows weak overall alignment (0.15% text similarity, 0.0% skill match). Missing critical requirements: [AWS, Docker, Git, Machine Learning, NLP, NumPy, Pandas, Python, SQL, Scikit-learn]."
1837,CAND_151,DESIGNER,0.15,0.0,0.09,,"AWS, Docker, Git, Machine Learning, NLP, NumPy, Pandas, Python, SQL, Scikit-learn","Candidate CAND_151 shows weak overall alignment (0.15% text similarity, 0.0% skill match). Missing critical requirements: [AWS, Docker, Git, Machine Learning, NLP, NumPy, Pandas, Python, SQL, Scikit-learn]."
1838,CAND_2085,PUBLIC-RELATIONS,0.15,0.0,0.09,,"AWS, Docker, Git, Machine Learning, NLP, NumPy, Pandas, Python, SQL, Scikit-learn","Candidate CAND_2085 shows weak overall alignment (0.15% text similarity, 0.0% skill match). Missing critical requirements: [AWS, Docker, Git, Machine Learning, NLP, NumPy, Pandas, Python, SQL, Scikit-learn]."
1839,CAND_1689,APPAREL,0.15,0.0,0.09,,"AWS, Docker, Git, Machine Learning, NLP, NumPy, Pandas, Python, SQL, Scikit-learn","Candidate CAND_1689 shows weak overall alignment (0.15% text similarity, 0.0% skill match). Missing critical requirements: [AWS, Docker, Git, Machine Learning, NLP, NumPy, Pandas, Python, SQL, Scikit-learn]."
1840,CAND_1919,ACCOUNTANT,0.15,0.0,0.09,,"AWS, Docker, Git, Machine Learning, NLP, NumPy, Pandas, Python, SQL, Scikit-learn","Candidate CAND_1919 shows weak overall alignment (0.15% text similarity, 0.0% skill match). Missing critical requirements: [AWS, Docker, Git, Machine Learning, NLP, NumPy, Pandas, Python, SQL, Scikit-learn]."
1841,CAND_1920,ACCOUNTANT,0.15,0.0,0.09,,"AWS, Docker, Git, Machine Learning, NLP, NumPy, Pandas, Python, SQL, Scikit-learn","Candidate CAND_1920 shows weak overall alignment (0.15% text similarity, 0.0% skill match). Missing critical requirements: [AWS, Docker, Git, Machine Learning, NLP, NumPy, Pandas, Python, SQL, Scikit-learn]."
1842,CAND_1916,ACCOUNTANT,0.15,0.0,0.09,,"AWS, Docker, Git, Machine Learning, NLP, NumPy, Pandas, Python, SQL, Scikit-learn","Candidate CAND_1916 shows weak overall alignment (0.15% text similarity, 0.0% skill match). Missing critical requirements: [AWS, Docker, Git, Machine Learning, NLP, NumPy, Pandas, Python, SQL, Scikit-learn]."
1843,CAND_1076,SALES,0.15,0.0,0.09,,"AWS, Docker, Git, Machine Learning, NLP, NumPy, Pandas, Python, SQL, Scikit-learn","Candidate CAND_1076 shows weak overall alignment (0.15% text similarity, 0.0% skill match). Missing critical requirements: [AWS, Docker, Git, Machine Learning, NLP, NumPy, Pandas, Python, SQL, Scikit-learn]."
1844,CAND_2294,ARTS,0.15,0.0,0.09,,"AWS, Docker, Git, Machine Learning, NLP, NumPy, Pandas, Python, SQL, Scikit-learn","Candidate CAND_2294 shows weak overall alignment (0.15% text similarity, 0.0% skill match). Missing critical requirements: [AWS, Docker, Git, Machine Learning, NLP, NumPy, Pandas, Python, SQL, Scikit-learn]."
1845,CAND_181,DESIGNER,0.15,0.0,0.09,,"AWS, Docker, Git, Machine Learning, NLP, NumPy, Pandas, Python, SQL, Scikit-learn","Candidate CAND_181 shows weak overall alignment (0.15% text similarity, 0.0% skill match). Missing critical requirements: [AWS, Docker, Git, Machine Learning, NLP, NumPy, Pandas, Python, SQL, Scikit-learn]."
1846,CAND_2253,BANKING,0.15,0.0,0.09,,"AWS, Docker, Git, Machine Learning, NLP, NumPy, Pandas, Python, SQL, Scikit-learn","Candidate CAND_2253 shows weak overall alignment (0.15% text similarity, 0.0% skill match). Missing critical requirements: [AWS, Docker, Git, Machine Learning, NLP, NumPy, Pandas, Python, SQL, Scikit-learn]."
1847,CAND_1073,SALES,0.15,0.0,0.09,,"AWS, Docker, Git, Machine Learning, NLP, NumPy, Pandas, Python, SQL, Scikit-learn","Candidate CAND_1073 shows weak overall alignment (0.15% text similarity, 0.0% skill match). Missing critical requirements: [AWS, Docker, Git, Machine Learning, NLP, NumPy, Pandas, Python, SQL, Scikit-learn]."
1848,CAND_1900,ACCOUNTANT,0.15,0.0,0.09,,"AWS, Docker, Git, Machine Learning, NLP, NumPy, Pandas, Python, SQL, Scikit-learn","Candidate CAND_1900 shows weak overall alignment (0.15% text similarity, 0.0% skill match). Missing critical requirements: [AWS, Docker, Git, Machine Learning, NLP, NumPy, Pandas, Python, SQL, Scikit-learn]."
1849,CAND_1676,APPAREL,0.15,0.0,0.09,,"AWS, Docker, Git, Machine Learning, NLP, NumPy, Pandas, Python, SQL, Scikit-learn","Candidate CAND_1676 shows weak overall alignment (0.15% text similarity, 0.0% skill match). Missing critical requirements: [AWS, Docker, Git, Machine Learning, NLP, NumPy, Pandas, Python, SQL, Scikit-learn]."
1850,CAND_2240,BANKING,0.15,0.0,0.09,,"AWS, Docker, Git, Machine Learning, NLP, NumPy, Pandas, Python, SQL, Scikit-learn","Candidate CAND_2240 shows weak overall alignment (0.15% text similarity, 0.0% skill match). Missing critical requirements: [AWS, Docker, Git, Machine Learning, NLP, NumPy, Pandas, Python, SQL, Scikit-learn]."
1851,CAND_272,INFORMATION-TECHNOLOGY,0.15,0.0,0.09,,"AWS, Docker, Git, Machine Learning, NLP, NumPy, Pandas, Python, SQL, Scikit-learn","Candidate CAND_272 shows weak overall alignment (0.15% text similarity, 0.0% skill match). Missing critical requirements: [AWS, Docker, Git, Machine Learning, NLP, NumPy, Pandas, Python, SQL, Scikit-learn]."
1852,CAND_1945,CONSTRUCTION,0.15,0.0,0.09,,"AWS, Docker, Git, Machine Learning, NLP, NumPy, Pandas, Python, SQL, Scikit-learn","Candidate CAND_1945 shows weak overall alignment (0.15% text similarity, 0.0% skill match). Missing critical requirements: [AWS, Docker, Git, Machine Learning, NLP, NumPy, Pandas, Python, SQL, Scikit-learn]."
1853,CAND_470,ADVOCATE,0.15,0.0,0.09,,"AWS, Docker, Git, Machine Learning, NLP, NumPy, Pandas, Python, SQL, Scikit-learn","Candidate CAND_470 shows weak overall alignment (0.15% text similarity, 0.0% skill match). Missing critical requirements: [AWS, Docker, Git, Machine Learning, NLP, NumPy, Pandas, Python, SQL, Scikit-learn]."
1854,CAND_1588,FINANCE,0.15,0.0,0.09,,"AWS, Docker, Git, Machine Learning, NLP, NumPy, Pandas, Python, SQL, Scikit-learn","Candidate CAND_1588 shows weak overall alignment (0.15% text similarity, 0.0% skill match). Missing critical requirements: [AWS, Docker, Git, Machine Learning, NLP, NumPy, Pandas, Python, SQL, Scikit-learn]."
1855,CAND_532,ADVOCATE,0.15,0.0,0.09,,"AWS, Docker, Git, Machine Learning, NLP, NumPy, Pandas, Python, SQL, Scikit-learn","Candidate CAND_532 shows weak overall alignment (0.15% text similarity, 0.0% skill match). Missing critical requirements: [AWS, Docker, Git, Machine Learning, NLP, NumPy, Pandas, Python, SQL, Scikit-learn]."
1856,CAND_973,BPO,0.15,0.0,0.09,,"AWS, Docker, Git, Machine Learning, NLP, NumPy, Pandas, Python, SQL, Scikit-learn","Candidate CAND_973 shows weak overall alignment (0.15% text similarity, 0.0% skill match). Missing critical requirements: [AWS, Docker, Git, Machine Learning, NLP, NumPy, Pandas, Python, SQL, Scikit-learn]."
1857,CAND_446,ADVOCATE,0.15,0.0,0.09,,"AWS, Docker, Git, Machine Learning, NLP, NumPy, Pandas, Python, SQL, Scikit-learn","Candidate CAND_446 shows weak overall alignment (0.15% text similarity, 0.0% skill match). Missing critical requirements: [AWS, Docker, Git, Machine Learning, NLP, NumPy, Pandas, Python, SQL, Scikit-learn]."
1858,CAND_910,AGRICULTURE,0.15,0.0,0.09,,"AWS, Docker, Git, Machine Learning, NLP, NumPy, Pandas, Python, SQL, Scikit-learn","Candidate CAND_910 shows weak overall alignment (0.15% text similarity, 0.0% skill match). Missing critical requirements: [AWS, Docker, Git, Machine Learning, NLP, NumPy, Pandas, Python, SQL, Scikit-learn]."
1859,CAND_2144,PUBLIC-RELATIONS,0.15,0.0,0.09,,"AWS, Docker, Git, Machine Learning, NLP, NumPy, Pandas, Python, SQL, Scikit-learn","Candidate CAND_2144 shows weak overall alignment (0.15% text similarity, 0.0% skill match). Missing critical requirements: [AWS, Docker, Git, Machine Learning, NLP, NumPy, Pandas, Python, SQL, Scikit-learn]."
1860,CAND_2043,PUBLIC-RELATIONS,0.15,0.0,0.09,,"AWS, Docker, Git, Machine Learning, NLP, NumPy, Pandas, Python, SQL, Scikit-learn","Candidate CAND_2043 shows weak overall alignment (0.15% text similarity, 0.0% skill match). Missing critical requirements: [AWS, Docker, Git, Machine Learning, NLP, NumPy, Pandas, Python, SQL, Scikit-learn]."
1861,CAND_1534,FINANCE,0.15,0.0,0.09,,"AWS, Docker, Git, Machine Learning, NLP, NumPy, Pandas, Python, SQL, Scikit-learn","Candidate CAND_1534 shows weak overall alignment (0.15% text similarity, 0.0% skill match). Missing critical requirements: [AWS, Docker, Git, Machine Learning, NLP, NumPy, Pandas, Python, SQL, Scikit-learn]."
1862,CAND_924,AGRICULTURE,0.15,0.0,0.09,,"AWS, Docker, Git, Machine Learning, NLP, NumPy, Pandas, Python, SQL, Scikit-learn","Candidate CAND_924 shows weak overall alignment (0.15% text similarity, 0.0% skill match). Missing critical requirements: [AWS, Docker, Git, Machine Learning, NLP, NumPy, Pandas, Python, SQL, Scikit-learn]."
1863,CAND_1485,FINANCE,0.15,0.0,0.09,,"AWS, Docker, Git, Machine Learning, NLP, NumPy, Pandas, Python, SQL, Scikit-learn","Candidate CAND_1485 shows weak overall alignment (0.15% text similarity, 0.0% skill match). Missing critical requirements: [AWS, Docker, Git, Machine Learning, NLP, NumPy, Pandas, Python, SQL, Scikit-learn]."
1864,CAND_2005,CONSTRUCTION,0.15,0.0,0.09,,"AWS, Docker, Git, Machine Learning, NLP, NumPy, Pandas, Python, SQL, Scikit-learn","Candidate CAND_2005 shows weak overall alignment (0.15% text similarity, 0.0% skill match). Missing critical requirements: [AWS, Docker, Git, Machine Learning, NLP, NumPy, Pandas, Python, SQL, Scikit-learn]."
1865,CAND_424,TEACHER,0.15,0.0,0.09,,"AWS, Docker, Git, Machine Learning, NLP, NumPy, Pandas, Python, SQL, Scikit-learn","Candidate CAND_424 shows weak overall alignment (0.15% text similarity, 0.0% skill match). Missing critical requirements: [AWS, Docker, Git, Machine Learning, NLP, NumPy, Pandas, Python, SQL, Scikit-learn]."
1866,CAND_1087,SALES,0.15,0.0,0.09,,"AWS, Docker, Git, Machine Learning, NLP, NumPy, Pandas, Python, SQL, Scikit-learn","Candidate CAND_1087 shows weak overall alignment (0.15% text similarity, 0.0% skill match). Missing critical requirements: [AWS, Docker, Git, Machine Learning, NLP, NumPy, Pandas, Python, SQL, Scikit-learn]."
1867,CAND_558,BUSINESS-DEVELOPMENT,0.15,0.0,0.09,,"AWS, Docker, Git, Machine Learning, NLP, NumPy, Pandas, Python, SQL, Scikit-learn","Candidate CAND_558 shows weak overall alignment (0.15% text similarity, 0.0% skill match). Missing critical requirements: [AWS, Docker, Git, Machine Learning, NLP, NumPy, Pandas, Python, SQL, Scikit-learn]."
1868,CAND_1996,CONSTRUCTION,0.15,0.0,0.09,,"AWS, Docker, Git, Machine Learning, NLP, NumPy, Pandas, Python, SQL, Scikit-learn","Candidate CAND_1996 shows weak overall alignment (0.15% text similarity, 0.0% skill match). Missing critical requirements: [AWS, Docker, Git, Machine Learning, NLP, NumPy, Pandas, Python, SQL, Scikit-learn]."
1869,CAND_486,ADVOCATE,0.15,0.0,0.09,,"AWS, Docker, Git, Machine Learning, NLP, NumPy, Pandas, Python, SQL, Scikit-learn","Candidate CAND_486 shows weak overall alignment (0.15% text similarity, 0.0% skill match). Missing critical requirements: [AWS, Docker, Git, Machine Learning, NLP, NumPy, Pandas, Python, SQL, Scikit-learn]."
1870,CAND_568,BUSINESS-DEVELOPMENT,0.15,0.0,0.09,,"AWS, Docker, Git, Machine Learning, NLP, NumPy, Pandas, Python, SQL, Scikit-learn","Candidate CAND_568 shows weak overall alignment (0.15% text similarity, 0.0% skill match). Missing critical requirements: [AWS, Docker, Git, Machine Learning, NLP, NumPy, Pandas, Python, SQL, Scikit-learn]."
1871,CAND_491,ADVOCATE,0.15,0.0,0.09,,"AWS, Docker, Git, Machine Learning, NLP, NumPy, Pandas, Python, SQL, Scikit-learn","Candidate CAND_491 shows weak overall alignment (0.15% text similarity, 0.0% skill match). Missing critical requirements: [AWS, Docker, Git, Machine Learning, NLP, NumPy, Pandas, Python, SQL, Scikit-learn]."
1872,CAND_1640,APPAREL,0.15,0.0,0.09,,"AWS, Docker, Git, Machine Learning, NLP, NumPy, Pandas, Python, SQL, Scikit-learn","Candidate CAND_1640 shows weak overall alignment (0.15% text similarity, 0.0% skill match). Missing critical requirements: [AWS, Docker, Git, Machine Learning, NLP, NumPy, Pandas, Python, SQL, Scikit-learn]."
1873,CAND_589,BUSINESS-DEVELOPMENT,0.15,0.0,0.09,,"AWS, Docker, Git, Machine Learning, NLP, NumPy, Pandas, Python, SQL, Scikit-learn","Candidate CAND_589 shows weak overall alignment (0.15% text similarity, 0.0% skill match). Missing critical requirements: [AWS, Docker, Git, Machine Learning, NLP, NumPy, Pandas, Python, SQL, Scikit-learn]."
1874,CAND_1656,APPAREL,0.15,0.0,0.09,,"AWS, Docker, Git, Machine Learning, NLP, NumPy, Pandas, Python, SQL, Scikit-learn","Candidate CAND_1656 shows weak overall alignment (0.15% text similarity, 0.0% skill match). Missing critical requirements: [AWS, Docker, Git, Machine Learning, NLP, NumPy, Pandas, Python, SQL, Scikit-learn]."
1875,CAND_1955,CONSTRUCTION,0.15,0.0,0.09,,"AWS, Docker, Git, Machine Learning, NLP, NumPy, Pandas, Python, SQL, Scikit-learn","Candidate CAND_1955 shows weak overall alignment (0.15% text similarity, 0.0% skill match). Missing critical requirements: [AWS, Docker, Git, Machine Learning, NLP, NumPy, Pandas, Python, SQL, Scikit-learn]."
1876,CAND_612,BUSINESS-DEVELOPMENT,0.15,0.0,0.09,,"AWS, Docker, Git, Machine Learning, NLP, NumPy, Pandas, Python, SQL, Scikit-learn","Candidate CAND_612 shows weak overall alignment (0.15% text similarity, 0.0% skill match). Missing critical requirements: [AWS, Docker, Git, Machine Learning, NLP, NumPy, Pandas, Python, SQL, Scikit-learn]."
1877,CAND_1528,FINANCE,0.15,0.0,0.09,,"AWS, Docker, Git, Machine Learning, NLP, NumPy, Pandas, Python, SQL, Scikit-learn","Candidate CAND_1528 shows weak overall alignment (0.15% text similarity, 0.0% skill match). Missing critical requirements: [AWS, Docker, Git, Machine Learning, NLP, NumPy, Pandas, Python, SQL, Scikit-learn]."
1878,CAND_1210,CONSULTANT,0.15,0.0,0.09,,"AWS, Docker, Git, Machine Learning, NLP, NumPy, Pandas, Python, SQL, Scikit-learn","Candidate CAND_1210 shows weak overall alignment (0.15% text similarity, 0.0% skill match). Missing critical requirements: [AWS, Docker, Git, Machine Learning, NLP, NumPy, Pandas, Python, SQL, Scikit-learn]."
1879,CAND_2069,PUBLIC-RELATIONS,0.15,0.0,0.09,,"AWS, Docker, Git, Machine Learning, NLP, NumPy, Pandas, Python, SQL, Scikit-learn","Candidate CAND_2069 shows weak overall alignment (0.15% text similarity, 0.0% skill match). Missing critical requirements: [AWS, Docker, Git, Machine Learning, NLP, NumPy, Pandas, Python, SQL, Scikit-learn]."
1880,CAND_055,HR,0.15,0.0,0.09,,"AWS, Docker, Git, Machine Learning, NLP, NumPy, Pandas, Python, SQL, Scikit-learn","Candidate CAND_055 shows weak overall alignment (0.15% text similarity, 0.0% skill match). Missing critical requirements: [AWS, Docker, Git, Machine Learning, NLP, NumPy, Pandas, Python, SQL, Scikit-learn]."
1881,CAND_709,HEALTHCARE,0.15,0.0,0.09,,"AWS, Docker, Git, Machine Learning, NLP, NumPy, Pandas, Python, SQL, Scikit-learn","Candidate CAND_709 shows weak overall alignment (0.15% text similarity, 0.0% skill match). Missing critical requirements: [AWS, Docker, Git, Machine Learning, NLP, NumPy, Pandas, Python, SQL, Scikit-learn]."
1882,CAND_766,HEALTHCARE,0.15,0.0,0.09,,"AWS, Docker, Git, Machine Learning, NLP, NumPy, Pandas, Python, SQL, Scikit-learn","Candidate CAND_766 shows weak overall alignment (0.15% text similarity, 0.0% skill match). Missing critical requirements: [AWS, Docker, Git, Machine Learning, NLP, NumPy, Pandas, Python, SQL, Scikit-learn]."
1883,CAND_007,HR,0.15,0.0,0.09,,"AWS, Docker, Git, Machine Learning, NLP, NumPy, Pandas, Python, SQL, Scikit-learn","Candidate CAND_007 shows weak overall alignment (0.15% text similarity, 0.0% skill match). Missing critical requirements: [AWS, Docker, Git, Machine Learning, NLP, NumPy, Pandas, Python, SQL, Scikit-learn]."
1884,CAND_1201,CONSULTANT,0.15,0.0,0.09,,"AWS, Docker, Git, Machine Learning, NLP, NumPy, Pandas, Python, SQL, Scikit-learn","Candidate CAND_1201 shows weak overall alignment (0.15% text similarity, 0.0% skill match). Missing critical requirements: [AWS, Docker, Git, Machine Learning, NLP, NumPy, Pandas, Python, SQL, Scikit-learn]."
1885,CAND_1818,ACCOUNTANT,0.15,0.0,0.09,,"AWS, Docker, Git, Machine Learning, NLP, NumPy, Pandas, Python, SQL, Scikit-learn","Candidate CAND_1818 shows weak overall alignment (0.15% text similarity, 0.0% skill match). Missing critical requirements: [AWS, Docker, Git, Machine Learning, NLP, NumPy, Pandas, Python, SQL, Scikit-learn]."
1886,CAND_1323,AUTOMOBILE,0.15,0.0,0.09,,"AWS, Docker, Git, Machine Learning, NLP, NumPy, Pandas, Python, SQL, Scikit-learn","Candidate CAND_1323 shows weak overall alignment (0.15% text similarity, 0.0% skill match). Missing critical requirements: [AWS, Docker, Git, Machine Learning, NLP, NumPy, Pandas, Python, SQL, Scikit-learn]."
1887,CAND_1285,DIGITAL-MEDIA,0.15,0.0,0.09,,"AWS, Docker, Git, Machine Learning, NLP, NumPy, Pandas, Python, SQL, Scikit-learn","Candidate CAND_1285 shows weak overall alignment (0.15% text similarity, 0.0% skill match). Missing critical requirements: [AWS, Docker, Git, Machine Learning, NLP, NumPy, Pandas, Python, SQL, Scikit-learn]."
1888,CAND_2370,AVIATION,0.15,0.0,0.09,,"AWS, Docker, Git, Machine Learning, NLP, NumPy, Pandas, Python, SQL, Scikit-learn","Candidate CAND_2370 shows weak overall alignment (0.15% text similarity, 0.0% skill match). Missing critical requirements: [AWS, Docker, Git, Machine Learning, NLP, NumPy, Pandas, Python, SQL, Scikit-learn]."
1889,CAND_1284,DIGITAL-MEDIA,0.15,0.0,0.09,,"AWS, Docker, Git, Machine Learning, NLP, NumPy, Pandas, Python, SQL, Scikit-learn","Candidate CAND_1284 shows weak overall alignment (0.15% text similarity, 0.0% skill match). Missing critical requirements: [AWS, Docker, Git, Machine Learning, NLP, NumPy, Pandas, Python, SQL, Scikit-learn]."
1890,CAND_011,HR,0.15,0.0,0.09,,"AWS, Docker, Git, Machine Learning, NLP, NumPy, Pandas, Python, SQL, Scikit-learn","Candidate CAND_011 shows weak overall alignment (0.15% text similarity, 0.0% skill match). Missing critical requirements: [AWS, Docker, Git, Machine Learning, NLP, NumPy, Pandas, Python, SQL, Scikit-learn]."
1891,CAND_658,BUSINESS-DEVELOPMENT,0.15,0.0,0.09,,"AWS, Docker, Git, Machine Learning, NLP, NumPy, Pandas, Python, SQL, Scikit-learn","Candidate CAND_658 shows weak overall alignment (0.15% text similarity, 0.0% skill match). Missing critical requirements: [AWS, Docker, Git, Machine Learning, NLP, NumPy, Pandas, Python, SQL, Scikit-learn]."
1892,CAND_767,HEALTHCARE,0.15,0.0,0.09,,"AWS, Docker, Git, Machine Learning, NLP, NumPy, Pandas, Python, SQL, Scikit-learn","Candidate CAND_767 shows weak overall alignment (0.15% text similarity, 0.0% skill match). Missing critical requirements: [AWS, Docker, Git, Machine Learning, NLP, NumPy, Pandas, Python, SQL, Scikit-learn]."
1893,CAND_1193,CONSULTANT,0.15,0.0,0.09,,"AWS, Docker, Git, Machine Learning, NLP, NumPy, Pandas, Python, SQL, Scikit-learn","Candidate CAND_1193 shows weak overall alignment (0.15% text similarity, 0.0% skill match). Missing critical requirements: [AWS, Docker, Git, Machine Learning, NLP, NumPy, Pandas, Python, SQL, Scikit-learn]."
1894,CAND_2461,AVIATION,0.15,0.0,0.09,,"AWS, Docker, Git, Machine Learning, NLP, NumPy, Pandas, Python, SQL, Scikit-learn","Candidate CAND_2461 shows weak overall alignment (0.15% text similarity, 0.0% skill match). Missing critical requirements: [AWS, Docker, Git, Machine Learning, NLP, NumPy, Pandas, Python, SQL, Scikit-learn]."
1895,CAND_024,HR,0.15,0.0,0.09,,"AWS, Docker, Git, Machine Learning, NLP, NumPy, Pandas, Python, SQL, Scikit-learn","Candidate CAND_024 shows weak overall alignment (0.15% text similarity, 0.0% skill match). Missing critical requirements: [AWS, Docker, Git, Machine Learning, NLP, NumPy, Pandas, Python, SQL, Scikit-learn]."
1896,CAND_1823,ACCOUNTANT,0.15,0.0,0.09,,"AWS, Docker, Git, Machine Learning, NLP, NumPy, Pandas, Python, SQL, Scikit-learn","Candidate CAND_1823 shows weak overall alignment (0.15% text similarity, 0.0% skill match). Missing critical requirements: [AWS, Docker, Git, Machine Learning, NLP, NumPy, Pandas, Python, SQL, Scikit-learn]."
1897,CAND_1246,DIGITAL-MEDIA,0.15,0.0,0.09,,"AWS, Docker, Git, Machine Learning, NLP, NumPy, Pandas, Python, SQL, Scikit-learn","Candidate CAND_1246 shows weak overall alignment (0.15% text similarity, 0.0% skill match). Missing critical requirements: [AWS, Docker, Git, Machine Learning, NLP, NumPy, Pandas, Python, SQL, Scikit-learn]."
1898,CAND_1255,DIGITAL-MEDIA,0.15,0.0,0.09,,"AWS, Docker, Git, Machine Learning, NLP, NumPy, Pandas, Python, SQL, Scikit-learn","Candidate CAND_1255 shows weak overall alignment (0.15% text similarity, 0.0% skill match). Missing critical requirements: [AWS, Docker, Git, Machine Learning, NLP, NumPy, Pandas, Python, SQL, Scikit-learn]."
1899,CAND_2233,BANKING,0.14,0.0,0.08,,"AWS, Docker, Git, Machine Learning, NLP, NumPy, Pandas, Python, SQL, Scikit-learn","Candidate CAND_2233 shows weak overall alignment (0.14% text similarity, 0.0% skill match). Missing critical requirements: [AWS, Docker, Git, Machine Learning, NLP, NumPy, Pandas, Python, SQL, Scikit-learn]."
1900,CAND_014,HR,0.13,0.0,0.08,,"AWS, Docker, Git, Machine Learning, NLP, NumPy, Pandas, Python, SQL, Scikit-learn","Candidate CAND_014 shows weak overall alignment (0.13% text similarity, 0.0% skill match). Missing critical requirements: [AWS, Docker, Git, Machine Learning, NLP, NumPy, Pandas, Python, SQL, Scikit-learn]."
1901,CAND_2206,BANKING,0.14,0.0,0.08,,"AWS, Docker, Git, Machine Learning, NLP, NumPy, Pandas, Python, SQL, Scikit-learn","Candidate CAND_2206 shows weak overall alignment (0.14% text similarity, 0.0% skill match). Missing critical requirements: [AWS, Docker, Git, Machine Learning, NLP, NumPy, Pandas, Python, SQL, Scikit-learn]."
1902,CAND_1651,APPAREL,0.13,0.0,0.08,,"AWS, Docker, Git, Machine Learning, NLP, NumPy, Pandas, Python, SQL, Scikit-learn","Candidate CAND_1651 shows weak overall alignment (0.13% text similarity, 0.0% skill match). Missing critical requirements: [AWS, Docker, Git, Machine Learning, NLP, NumPy, Pandas, Python, SQL, Scikit-learn]."
1903,CAND_596,BUSINESS-DEVELOPMENT,0.13,0.0,0.08,,"AWS, Docker, Git, Machine Learning, NLP, NumPy, Pandas, Python, SQL, Scikit-learn","Candidate CAND_596 shows weak overall alignment (0.13% text similarity, 0.0% skill match). Missing critical requirements: [AWS, Docker, Git, Machine Learning, NLP, NumPy, Pandas, Python, SQL, Scikit-learn]."
1904,CAND_2207,BANKING,0.13,0.0,0.08,,"AWS, Docker, Git, Machine Learning, NLP, NumPy, Pandas, Python, SQL, Scikit-learn","Candidate CAND_2207 shows weak overall alignment (0.13% text similarity, 0.0% skill match). Missing critical requirements: [AWS, Docker, Git, Machine Learning, NLP, NumPy, Pandas, Python, SQL, Scikit-learn]."
1905,CAND_286,INFORMATION-TECHNOLOGY,0.13,0.0,0.08,,"AWS, Docker, Git, Machine Learning, NLP, NumPy, Pandas, Python, SQL, Scikit-learn","Candidate CAND_286 shows weak overall alignment (0.13% text similarity, 0.0% skill match). Missing critical requirements: [AWS, Docker, Git, Machine Learning, NLP, NumPy, Pandas, Python, SQL, Scikit-learn]."
1906,CAND_323,INFORMATION-TECHNOLOGY,0.13,0.0,0.08,,"AWS, Docker, Git, Machine Learning, NLP, NumPy, Pandas, Python, SQL, Scikit-learn","Candidate CAND_323 shows weak overall alignment (0.13% text similarity, 0.0% skill match). Missing critical requirements: [AWS, Docker, Git, Machine Learning, NLP, NumPy, Pandas, Python, SQL, Scikit-learn]."
1907,CAND_872,FITNESS,0.14,0.0,0.08,,"AWS, Docker, Git, Machine Learning, NLP, NumPy, Pandas, Python, SQL, Scikit-learn","Candidate CAND_872 shows weak overall alignment (0.14% text similarity, 0.0% skill match). Missing critical requirements: [AWS, Docker, Git, Machine Learning, NLP, NumPy, Pandas, Python, SQL, Scikit-learn]."
1908,CAND_1967,CONSTRUCTION,0.14,0.0,0.08,,"AWS, Docker, Git, Machine Learning, NLP, NumPy, Pandas, Python, SQL, Scikit-learn","Candidate CAND_1967 shows weak overall alignment (0.14% text similarity, 0.0% skill match). Missing critical requirements: [AWS, Docker, Git, Machine Learning, NLP, NumPy, Pandas, Python, SQL, Scikit-learn]."
1909,CAND_1445,CHEF,0.14,0.0,0.08,,"AWS, Docker, Git, Machine Learning, NLP, NumPy, Pandas, Python, SQL, Scikit-learn","Candidate CAND_1445 shows weak overall alignment (0.14% text similarity, 0.0% skill match). Missing critical requirements: [AWS, Docker, Git, Machine Learning, NLP, NumPy, Pandas, Python, SQL, Scikit-learn]."
1910,CAND_2216,BANKING,0.13,0.0,0.08,,"AWS, Docker, Git, Machine Learning, NLP, NumPy, Pandas, Python, SQL, Scikit-learn","Candidate CAND_2216 shows weak overall alignment (0.13% text similarity, 0.0% skill match). Missing critical requirements: [AWS, Docker, Git, Machine Learning, NLP, NumPy, Pandas, Python, SQL, Scikit-learn]."
1911,CAND_1586,FINANCE,0.13,0.0,0.08,,"AWS, Docker, Git, Machine Learning, NLP, NumPy, Pandas, Python, SQL, Scikit-learn","Candidate CAND_1586 shows weak overall alignment (0.13% text similarity, 0.0% skill match). Missing critical requirements: [AWS, Docker, Git, Machine Learning, NLP, NumPy, Pandas, Python, SQL, Scikit-learn]."
1912,CAND_293,INFORMATION-TECHNOLOGY,0.14,0.0,0.08,,"AWS, Docker, Git, Machine Learning, NLP, NumPy, Pandas, Python, SQL, Scikit-learn","Candidate CAND_293 shows weak overall alignment (0.14% text similarity, 0.0% skill match). Missing critical requirements: [AWS, Docker, Git, Machine Learning, NLP, NumPy, Pandas, Python, SQL, Scikit-learn]."
1913,CAND_604,BUSINESS-DEVELOPMENT,0.13,0.0,0.08,,"AWS, Docker, Git, Machine Learning, NLP, NumPy, Pandas, Python, SQL, Scikit-learn","Candidate CAND_604 shows weak overall alignment (0.13% text similarity, 0.0% skill match). Missing critical requirements: [AWS, Docker, Git, Machine Learning, NLP, NumPy, Pandas, Python, SQL, Scikit-learn]."
1914,CAND_1524,FINANCE,0.13,0.0,0.08,,"AWS, Docker, Git, Machine Learning, NLP, NumPy, Pandas, Python, SQL, Scikit-learn","Candidate CAND_1524 shows weak overall alignment (0.13% text similarity, 0.0% skill match). Missing critical requirements: [AWS, Docker, Git, Machine Learning, NLP, NumPy, Pandas, Python, SQL, Scikit-learn]."
1915,CAND_2038,PUBLIC-RELATIONS,0.14,0.0,0.08,,"AWS, Docker, Git, Machine Learning, NLP, NumPy, Pandas, Python, SQL, Scikit-learn","Candidate CAND_2038 shows weak overall alignment (0.14% text similarity, 0.0% skill match). Missing critical requirements: [AWS, Docker, Git, Machine Learning, NLP, NumPy, Pandas, Python, SQL, Scikit-learn]."
1916,CAND_2039,PUBLIC-RELATIONS,0.14,0.0,0.08,,"AWS, Docker, Git, Machine Learning, NLP, NumPy, Pandas, Python, SQL, Scikit-learn","Candidate CAND_2039 shows weak overall alignment (0.14% text similarity, 0.0% skill match). Missing critical requirements: [AWS, Docker, Git, Machine Learning, NLP, NumPy, Pandas, Python, SQL, Scikit-learn]."
1917,CAND_962,AGRICULTURE,0.14,0.0,0.08,,"AWS, Docker, Git, Machine Learning, NLP, NumPy, Pandas, Python, SQL, Scikit-learn","Candidate CAND_962 shows weak overall alignment (0.14% text similarity, 0.0% skill match). Missing critical requirements: [AWS, Docker, Git, Machine Learning, NLP, NumPy, Pandas, Python, SQL, Scikit-learn]."
1918,CAND_261,INFORMATION-TECHNOLOGY,0.14,0.0,0.08,,"AWS, Docker, Git, Machine Learning, NLP, NumPy, Pandas, Python, SQL, Scikit-learn","Candidate CAND_261 shows weak overall alignment (0.14% text similarity, 0.0% skill match). Missing critical requirements: [AWS, Docker, Git, Machine Learning, NLP, NumPy, Pandas, Python, SQL, Scikit-learn]."
1919,CAND_1015,SALES,0.13,0.0,0.08,,"AWS, Docker, Git, Machine Learning, NLP, NumPy, Pandas, Python, SQL, Scikit-learn","Candidate CAND_1015 shows weak overall alignment (0.13% text similarity, 0.0% skill match). Missing critical requirements: [AWS, Docker, Git, Machine Learning, NLP, NumPy, Pandas, Python, SQL, Scikit-learn]."
1920,CAND_387,TEACHER,0.14,0.0,0.08,,"AWS, Docker, Git, Machine Learning, NLP, NumPy, Pandas, Python, SQL, Scikit-learn","Candidate CAND_387 shows weak overall alignment (0.14% text similarity, 0.0% skill match). Missing critical requirements: [AWS, Docker, Git, Machine Learning, NLP, NumPy, Pandas, Python, SQL, Scikit-learn]."
1921,CAND_1824,ACCOUNTANT,0.14,0.0,0.08,,"AWS, Docker, Git, Machine Learning, NLP, NumPy, Pandas, Python, SQL, Scikit-learn","Candidate CAND_1824 shows weak overall alignment (0.14% text similarity, 0.0% skill match). Missing critical requirements: [AWS, Docker, Git, Machine Learning, NLP, NumPy, Pandas, Python, SQL, Scikit-learn]."
1922,CAND_1490,FINANCE,0.13,0.0,0.08,,"AWS, Docker, Git, Machine Learning, NLP, NumPy, Pandas, Python, SQL, Scikit-learn","Candidate CAND_1490 shows weak overall alignment (0.13% text similarity, 0.0% skill match). Missing critical requirements: [AWS, Docker, Git, Machine Learning, NLP, NumPy, Pandas, Python, SQL, Scikit-learn]."
1923,CAND_2141,PUBLIC-RELATIONS,0.14,0.0,0.08,,"AWS, Docker, Git, Machine Learning, NLP, NumPy, Pandas, Python, SQL, Scikit-learn","Candidate CAND_2141 shows weak overall alignment (0.14% text similarity, 0.0% skill match). Missing critical requirements: [AWS, Docker, Git, Machine Learning, NLP, NumPy, Pandas, Python, SQL, Scikit-learn]."
1924,CAND_2449,AVIATION,0.14,0.0,0.08,,"AWS, Docker, Git, Machine Learning, NLP, NumPy, Pandas, Python, SQL, Scikit-learn","Candidate CAND_2449 shows weak overall alignment (0.14% text similarity, 0.0% skill match). Missing critical requirements: [AWS, Docker, Git, Machine Learning, NLP, NumPy, Pandas, Python, SQL, Scikit-learn]."
1925,CAND_1612,APPAREL,0.13,0.0,0.08,,"AWS, Docker, Git, Machine Learning, NLP, NumPy, Pandas, Python, SQL, Scikit-learn","Candidate CAND_1612 shows weak overall alignment (0.13% text similarity, 0.0% skill match). Missing critical requirements: [AWS, Docker, Git, Machine Learning, NLP, NumPy, Pandas, Python, SQL, Scikit-learn]."
1926,CAND_2160,BANKING,0.13,0.0,0.08,,"AWS, Docker, Git, Machine Learning, NLP, NumPy, Pandas, Python, SQL, Scikit-learn","Candidate CAND_2160 shows weak overall alignment (0.13% text similarity, 0.0% skill match). Missing critical requirements: [AWS, Docker, Git, Machine Learning, NLP, NumPy, Pandas, Python, SQL, Scikit-learn]."
1927,CAND_1477,FINANCE,0.13,0.0,0.08,,"AWS, Docker, Git, Machine Learning, NLP, NumPy, Pandas, Python, SQL, Scikit-learn","Candidate CAND_1477 shows weak overall alignment (0.13% text similarity, 0.0% skill match). Missing critical requirements: [AWS, Docker, Git, Machine Learning, NLP, NumPy, Pandas, Python, SQL, Scikit-learn]."
1928,CAND_1619,APPAREL,0.13,0.0,0.08,,"AWS, Docker, Git, Machine Learning, NLP, NumPy, Pandas, Python, SQL, Scikit-learn","Candidate CAND_1619 shows weak overall alignment (0.13% text similarity, 0.0% skill match). Missing critical requirements: [AWS, Docker, Git, Machine Learning, NLP, NumPy, Pandas, Python, SQL, Scikit-learn]."
1929,CAND_2173,BANKING,0.14,0.0,0.08,,"AWS, Docker, Git, Machine Learning, NLP, NumPy, Pandas, Python, SQL, Scikit-learn","Candidate CAND_2173 shows weak overall alignment (0.14% text similarity, 0.0% skill match). Missing critical requirements: [AWS, Docker, Git, Machine Learning, NLP, NumPy, Pandas, Python, SQL, Scikit-learn]."
1930,CAND_1836,ACCOUNTANT,0.14,0.0,0.08,,"AWS, Docker, Git, Machine Learning, NLP, NumPy, Pandas, Python, SQL, Scikit-learn","Candidate CAND_1836 shows weak overall alignment (0.14% text similarity, 0.0% skill match). Missing critical requirements: [AWS, Docker, Git, Machine Learning, NLP, NumPy, Pandas, Python, SQL, Scikit-learn]."
1931,CAND_528,ADVOCATE,0.14,0.0,0.08,,"AWS, Docker, Git, Machine Learning, NLP, NumPy, Pandas, Python, SQL, Scikit-learn","Candidate CAND_528 shows weak overall alignment (0.14% text similarity, 0.0% skill match). Missing critical requirements: [AWS, Docker, Git, Machine Learning, NLP, NumPy, Pandas, Python, SQL, Scikit-learn]."
1932,CAND_2421,AVIATION,0.14,0.0,0.08,,"AWS, Docker, Git, Machine Learning, NLP, NumPy, Pandas, Python, SQL, Scikit-learn","Candidate CAND_2421 shows weak overall alignment (0.14% text similarity, 0.0% skill match). Missing critical requirements: [AWS, Docker, Git, Machine Learning, NLP, NumPy, Pandas, Python, SQL, Scikit-learn]."
1933,CAND_394,TEACHER,0.14,0.0,0.08,,"AWS, Docker, Git, Machine Learning, NLP, NumPy, Pandas, Python, SQL, Scikit-learn","Candidate CAND_394 shows weak overall alignment (0.14% text similarity, 0.0% skill match). Missing critical requirements: [AWS, Docker, Git, Machine Learning, NLP, NumPy, Pandas, Python, SQL, Scikit-learn]."
1934,CAND_1264,DIGITAL-MEDIA,0.14,0.0,0.08,,"AWS, Docker, Git, Machine Learning, NLP, NumPy, Pandas, Python, SQL, Scikit-learn","Candidate CAND_1264 shows weak overall alignment (0.14% text similarity, 0.0% skill match). Missing critical requirements: [AWS, Docker, Git, Machine Learning, NLP, NumPy, Pandas, Python, SQL, Scikit-learn]."
1935,CAND_1510,FINANCE,0.14,0.0,0.08,,"AWS, Docker, Git, Machine Learning, NLP, NumPy, Pandas, Python, SQL, Scikit-learn","Candidate CAND_1510 shows weak overall alignment (0.14% text similarity, 0.0% skill match). Missing critical requirements: [AWS, Docker, Git, Machine Learning, NLP, NumPy, Pandas, Python, SQL, Scikit-learn]."
1936,CAND_2025,CONSTRUCTION,0.14,0.0,0.08,,"AWS, Docker, Git, Machine Learning, NLP, NumPy, Pandas, Python, SQL, Scikit-learn","Candidate CAND_2025 shows weak overall alignment (0.14% text similarity, 0.0% skill match). Missing critical requirements: [AWS, Docker, Git, Machine Learning, NLP, NumPy, Pandas, Python, SQL, Scikit-learn]."
1937,CAND_1630,APPAREL,0.14,0.0,0.08,,"AWS, Docker, Git, Machine Learning, NLP, NumPy, Pandas, Python, SQL, Scikit-learn","Candidate CAND_1630 shows weak overall alignment (0.14% text similarity, 0.0% skill match). Missing critical requirements: [AWS, Docker, Git, Machine Learning, NLP, NumPy, Pandas, Python, SQL, Scikit-learn]."
1938,CAND_1151,CONSULTANT,0.14,0.0,0.08,,"AWS, Docker, Git, Machine Learning, NLP, NumPy, Pandas, Python, SQL, Scikit-learn","Candidate CAND_1151 shows weak overall alignment (0.14% text similarity, 0.0% skill match). Missing critical requirements: [AWS, Docker, Git, Machine Learning, NLP, NumPy, Pandas, Python, SQL, Scikit-learn]."
1939,CAND_525,ADVOCATE,0.14,0.0,0.08,,"AWS, Docker, Git, Machine Learning, NLP, NumPy, Pandas, Python, SQL, Scikit-learn","Candidate CAND_525 shows weak overall alignment (0.14% text similarity, 0.0% skill match). Missing critical requirements: [AWS, Docker, Git, Machine Learning, NLP, NumPy, Pandas, Python, SQL, Scikit-learn]."
1940,CAND_576,BUSINESS-DEVELOPMENT,0.14,0.0,0.08,,"AWS, Docker, Git, Machine Learning, NLP, NumPy, Pandas, Python, SQL, Scikit-learn","Candidate CAND_576 shows weak overall alignment (0.14% text similarity, 0.0% skill match). Missing critical requirements: [AWS, Docker, Git, Machine Learning, NLP, NumPy, Pandas, Python, SQL, Scikit-learn]."
1941,CAND_2195,BANKING,0.13,0.0,0.08,,"AWS, Docker, Git, Machine Learning, NLP, NumPy, Pandas, Python, SQL, Scikit-learn","Candidate CAND_2195 shows weak overall alignment (0.13% text similarity, 0.0% skill match). Missing critical requirements: [AWS, Docker, Git, Machine Learning, NLP, NumPy, Pandas, Python, SQL, Scikit-learn]."
1942,CAND_1456,CHEF,0.14,0.0,0.08,,"AWS, Docker, Git, Machine Learning, NLP, NumPy, Pandas, Python, SQL, Scikit-learn","Candidate CAND_1456 shows weak overall alignment (0.14% text similarity, 0.0% skill match). Missing critical requirements: [AWS, Docker, Git, Machine Learning, NLP, NumPy, Pandas, Python, SQL, Scikit-learn]."
1943,CAND_2126,PUBLIC-RELATIONS,0.13,0.0,0.08,,"AWS, Docker, Git, Machine Learning, NLP, NumPy, Pandas, Python, SQL, Scikit-learn","Candidate CAND_2126 shows weak overall alignment (0.13% text similarity, 0.0% skill match). Missing critical requirements: [AWS, Docker, Git, Machine Learning, NLP, NumPy, Pandas, Python, SQL, Scikit-learn]."
1944,CAND_522,ADVOCATE,0.14,0.0,0.08,,"AWS, Docker, Git, Machine Learning, NLP, NumPy, Pandas, Python, SQL, Scikit-learn","Candidate CAND_522 shows weak overall alignment (0.14% text similarity, 0.0% skill match). Missing critical requirements: [AWS, Docker, Git, Machine Learning, NLP, NumPy, Pandas, Python, SQL, Scikit-learn]."
1945,CAND_891,FITNESS,0.13,0.0,0.08,,"AWS, Docker, Git, Machine Learning, NLP, NumPy, Pandas, Python, SQL, Scikit-learn","Candidate CAND_891 shows weak overall alignment (0.13% text similarity, 0.0% skill match). Missing critical requirements: [AWS, Docker, Git, Machine Learning, NLP, NumPy, Pandas, Python, SQL, Scikit-learn]."
1946,CAND_1008,SALES,0.13,0.0,0.08,,"AWS, Docker, Git, Machine Learning, NLP, NumPy, Pandas, Python, SQL, Scikit-learn","Candidate CAND_1008 shows weak overall alignment (0.13% text similarity, 0.0% skill match). Missing critical requirements: [AWS, Docker, Git, Machine Learning, NLP, NumPy, Pandas, Python, SQL, Scikit-learn]."
1947,CAND_2239,BANKING,0.14,0.0,0.08,,"AWS, Docker, Git, Machine Learning, NLP, NumPy, Pandas, Python, SQL, Scikit-learn","Candidate CAND_2239 shows weak overall alignment (0.14% text similarity, 0.0% skill match). Missing critical requirements: [AWS, Docker, Git, Machine Learning, NLP, NumPy, Pandas, Python, SQL, Scikit-learn]."
1948,CAND_2203,BANKING,0.13,0.0,0.08,,"AWS, Docker, Git, Machine Learning, NLP, NumPy, Pandas, Python, SQL, Scikit-learn","Candidate CAND_2203 shows weak overall alignment (0.13% text similarity, 0.0% skill match). Missing critical requirements: [AWS, Docker, Git, Machine Learning, NLP, NumPy, Pandas, Python, SQL, Scikit-learn]."
1949,CAND_1506,FINANCE,0.14,0.0,0.08,,"AWS, Docker, Git, Machine Learning, NLP, NumPy, Pandas, Python, SQL, Scikit-learn","Candidate CAND_1506 shows weak overall alignment (0.14% text similarity, 0.0% skill match). Missing critical requirements: [AWS, Docker, Git, Machine Learning, NLP, NumPy, Pandas, Python, SQL, Scikit-learn]."
1950,CAND_274,INFORMATION-TECHNOLOGY,0.14,0.0,0.08,,"AWS, Docker, Git, Machine Learning, NLP, NumPy, Pandas, Python, SQL, Scikit-learn","Candidate CAND_274 shows weak overall alignment (0.14% text similarity, 0.0% skill match). Missing critical requirements: [AWS, Docker, Git, Machine Learning, NLP, NumPy, Pandas, Python, SQL, Scikit-learn]."
1951,CAND_758,HEALTHCARE,0.13,0.0,0.08,,"AWS, Docker, Git, Machine Learning, NLP, NumPy, Pandas, Python, SQL, Scikit-learn","Candidate CAND_758 shows weak overall alignment (0.13% text similarity, 0.0% skill match). Missing critical requirements: [AWS, Docker, Git, Machine Learning, NLP, NumPy, Pandas, Python, SQL, Scikit-learn]."
1952,CAND_823,FITNESS,0.14,0.0,0.08,,"AWS, Docker, Git, Machine Learning, NLP, NumPy, Pandas, Python, SQL, Scikit-learn","Candidate CAND_823 shows weak overall alignment (0.14% text similarity, 0.0% skill match). Missing critical requirements: [AWS, Docker, Git, Machine Learning, NLP, NumPy, Pandas, Python, SQL, Scikit-learn]."
1953,CAND_852,FITNESS,0.14,0.0,0.08,,"AWS, Docker, Git, Machine Learning, NLP, NumPy, Pandas, Python, SQL, Scikit-learn","Candidate CAND_852 shows weak overall alignment (0.14% text similarity, 0.0% skill match). Missing critical requirements: [AWS, Docker, Git, Machine Learning, NLP, NumPy, Pandas, Python, SQL, Scikit-learn]."
1954,CAND_918,AGRICULTURE,0.13,0.0,0.08,,"AWS, Docker, Git, Machine Learning, NLP, NumPy, Pandas, Python, SQL, Scikit-learn","Candidate CAND_918 shows weak overall alignment (0.13% text similarity, 0.0% skill match). Missing critical requirements: [AWS, Docker, Git, Machine Learning, NLP, NumPy, Pandas, Python, SQL, Scikit-learn]."
1955,CAND_711,HEALTHCARE,0.13,0.0,0.08,,"AWS, Docker, Git, Machine Learning, NLP, NumPy, Pandas, Python, SQL, Scikit-learn","Candidate CAND_711 shows weak overall alignment (0.13% text similarity, 0.0% skill match). Missing critical requirements: [AWS, Docker, Git, Machine Learning, NLP, NumPy, Pandas, Python, SQL, Scikit-learn]."
1956,CAND_643,BUSINESS-DEVELOPMENT,0.14,0.0,0.08,,"AWS, Docker, Git, Machine Learning, NLP, NumPy, Pandas, Python, SQL, Scikit-learn","Candidate CAND_643 shows weak overall alignment (0.14% text similarity, 0.0% skill match). Missing critical requirements: [AWS, Docker, Git, Machine Learning, NLP, NumPy, Pandas, Python, SQL, Scikit-learn]."
1957,CAND_1907,ACCOUNTANT,0.14,0.0,0.08,,"AWS, Docker, Git, Machine Learning, NLP, NumPy, Pandas, Python, SQL, Scikit-learn","Candidate CAND_1907 shows weak overall alignment (0.14% text similarity, 0.0% skill match). Missing critical requirements: [AWS, Docker, Git, Machine Learning, NLP, NumPy, Pandas, Python, SQL, Scikit-learn]."
1958,CAND_1102,SALES,0.14,0.0,0.08,,"AWS, Docker, Git, Machine Learning, NLP, NumPy, Pandas, Python, SQL, Scikit-learn","Candidate CAND_1102 shows weak overall alignment (0.14% text similarity, 0.0% skill match). Missing critical requirements: [AWS, Docker, Git, Machine Learning, NLP, NumPy, Pandas, Python, SQL, Scikit-learn]."
1959,CAND_1370,CHEF,0.14,0.0,0.08,,"AWS, Docker, Git, Machine Learning, NLP, NumPy, Pandas, Python, SQL, Scikit-learn","Candidate CAND_1370 shows weak overall alignment (0.14% text similarity, 0.0% skill match). Missing critical requirements: [AWS, Docker, Git, Machine Learning, NLP, NumPy, Pandas, Python, SQL, Scikit-learn]."
1960,CAND_836,FITNESS,0.14,0.0,0.08,,"AWS, Docker, Git, Machine Learning, NLP, NumPy, Pandas, Python, SQL, Scikit-learn","Candidate CAND_836 shows weak overall alignment (0.14% text similarity, 0.0% skill match). Missing critical requirements: [AWS, Docker, Git, Machine Learning, NLP, NumPy, Pandas, Python, SQL, Scikit-learn]."
1961,CAND_1901,ACCOUNTANT,0.14,0.0,0.08,,"AWS, Docker, Git, Machine Learning, NLP, NumPy, Pandas, Python, SQL, Scikit-learn","Candidate CAND_1901 shows weak overall alignment (0.14% text similarity, 0.0% skill match). Missing critical requirements: [AWS, Docker, Git, Machine Learning, NLP, NumPy, Pandas, Python, SQL, Scikit-learn]."
1962,CAND_003,HR,0.13,0.0,0.08,,"AWS, Docker, Git, Machine Learning, NLP, NumPy, Pandas, Python, SQL, Scikit-learn","Candidate CAND_003 shows weak overall alignment (0.13% text similarity, 0.0% skill match). Missing critical requirements: [AWS, Docker, Git, Machine Learning, NLP, NumPy, Pandas, Python, SQL, Scikit-learn]."
1963,CAND_2303,ARTS,0.14,0.0,0.08,,"AWS, Docker, Git, Machine Learning, NLP, NumPy, Pandas, Python, SQL, Scikit-learn","Candidate CAND_2303 shows weak overall alignment (0.14% text similarity, 0.0% skill match). Missing critical requirements: [AWS, Docker, Git, Machine Learning, NLP, NumPy, Pandas, Python, SQL, Scikit-learn]."
1964,CAND_107,HR,0.14,0.0,0.08,,"AWS, Docker, Git, Machine Learning, NLP, NumPy, Pandas, Python, SQL, Scikit-learn","Candidate CAND_107 shows weak overall alignment (0.14% text similarity, 0.0% skill match). Missing critical requirements: [AWS, Docker, Git, Machine Learning, NLP, NumPy, Pandas, Python, SQL, Scikit-learn]."
1965,CAND_1334,AUTOMOBILE,0.14,0.0,0.08,,"AWS, Docker, Git, Machine Learning, NLP, NumPy, Pandas, Python, SQL, Scikit-learn","Candidate CAND_1334 shows weak overall alignment (0.14% text similarity, 0.0% skill match). Missing critical requirements: [AWS, Docker, Git, Machine Learning, NLP, NumPy, Pandas, Python, SQL, Scikit-learn]."
1966,CAND_1567,FINANCE,0.13,0.0,0.08,,"AWS, Docker, Git, Machine Learning, NLP, NumPy, Pandas, Python, SQL, Scikit-learn","Candidate CAND_1567 shows weak overall alignment (0.13% text similarity, 0.0% skill match). Missing critical requirements: [AWS, Docker, Git, Machine Learning, NLP, NumPy, Pandas, Python, SQL, Scikit-learn]."
1967,CAND_1895,ACCOUNTANT,0.14,0.0,0.08,,"AWS, Docker, Git, Machine Learning, NLP, NumPy, Pandas, Python, SQL, Scikit-learn","Candidate CAND_1895 shows weak overall alignment (0.14% text similarity, 0.0% skill match). Missing critical requirements: [AWS, Docker, Git, Machine Learning, NLP, NumPy, Pandas, Python, SQL, Scikit-learn]."
1968,CAND_501,ADVOCATE,0.14,0.0,0.08,,"AWS, Docker, Git, Machine Learning, NLP, NumPy, Pandas, Python, SQL, Scikit-learn","Candidate CAND_501 shows weak overall alignment (0.14% text similarity, 0.0% skill match). Missing critical requirements: [AWS, Docker, Git, Machine Learning, NLP, NumPy, Pandas, Python, SQL, Scikit-learn]."
1969,CAND_154,DESIGNER,0.14,0.0,0.08,,"AWS, Docker, Git, Machine Learning, NLP, NumPy, Pandas, Python, SQL, Scikit-learn","Candidate CAND_154 shows weak overall alignment (0.14% text similarity, 0.0% skill match). Missing critical requirements: [AWS, Docker, Git, Machine Learning, NLP, NumPy, Pandas, Python, SQL, Scikit-learn]."
1970,CAND_1341,AUTOMOBILE,0.13,0.0,0.08,,"AWS, Docker, Git, Machine Learning, NLP, NumPy, Pandas, Python, SQL, Scikit-learn","Candidate CAND_1341 shows weak overall alignment (0.13% text similarity, 0.0% skill match). Missing critical requirements: [AWS, Docker, Git, Machine Learning, NLP, NumPy, Pandas, Python, SQL, Scikit-learn]."
1971,CAND_152,DESIGNER,0.13,0.0,0.08,,"AWS, Docker, Git, Machine Learning, NLP, NumPy, Pandas, Python, SQL, Scikit-learn","Candidate CAND_152 shows weak overall alignment (0.13% text similarity, 0.0% skill match). Missing critical requirements: [AWS, Docker, Git, Machine Learning, NLP, NumPy, Pandas, Python, SQL, Scikit-learn]."
1972,CAND_2319,ARTS,0.13,0.0,0.08,,"AWS, Docker, Git, Machine Learning, NLP, NumPy, Pandas, Python, SQL, Scikit-learn","Candidate CAND_2319 shows weak overall alignment (0.13% text similarity, 0.0% skill match). Missing critical requirements: [AWS, Docker, Git, Machine Learning, NLP, NumPy, Pandas, Python, SQL, Scikit-learn]."
1973,CAND_810,FITNESS,0.13,0.0,0.08,,"AWS, Docker, Git, Machine Learning, NLP, NumPy, Pandas, Python, SQL, Scikit-learn","Candidate CAND_810 shows weak overall alignment (0.13% text similarity, 0.0% skill match). Missing critical requirements: [AWS, Docker, Git, Machine Learning, NLP, NumPy, Pandas, Python, SQL, Scikit-learn]."
1974,CAND_114,DESIGNER,0.13,0.0,0.08,,"AWS, Docker, Git, Machine Learning, NLP, NumPy, Pandas, Python, SQL, Scikit-learn","Candidate CAND_114 shows weak overall alignment (0.13% text similarity, 0.0% skill match). Missing critical requirements: [AWS, Docker, Git, Machine Learning, NLP, NumPy, Pandas, Python, SQL, Scikit-learn]."
1975,CAND_807,FITNESS,0.14,0.0,0.08,,"AWS, Docker, Git, Machine Learning, NLP, NumPy, Pandas, Python, SQL, Scikit-learn","Candidate CAND_807 shows weak overall alignment (0.14% text similarity, 0.0% skill match). Missing critical requirements: [AWS, Docker, Git, Machine Learning, NLP, NumPy, Pandas, Python, SQL, Scikit-learn]."
1976,CAND_146,DESIGNER,0.13,0.0,0.08,,"AWS, Docker, Git, Machine Learning, NLP, NumPy, Pandas, Python, SQL, Scikit-learn","Candidate CAND_146 shows weak overall alignment (0.13% text similarity, 0.0% skill match). Missing critical requirements: [AWS, Docker, Git, Machine Learning, NLP, NumPy, Pandas, Python, SQL, Scikit-learn]."
1977,CAND_1877,ACCOUNTANT,0.13,0.0,0.08,,"AWS, Docker, Git, Machine Learning, NLP, NumPy, Pandas, Python, SQL, Scikit-learn","Candidate CAND_1877 shows weak overall alignment (0.13% text similarity, 0.0% skill match). Missing critical requirements: [AWS, Docker, Git, Machine Learning, NLP, NumPy, Pandas, Python, SQL, Scikit-learn]."
1978,CAND_2070,PUBLIC-RELATIONS,0.14,0.0,0.08,,"AWS, Docker, Git, Machine Learning, NLP, NumPy, Pandas, Python, SQL, Scikit-learn","Candidate CAND_2070 shows weak overall alignment (0.14% text similarity, 0.0% skill match). Missing critical requirements: [AWS, Docker, Git, Machine Learning, NLP, NumPy, Pandas, Python, SQL, Scikit-learn]."
1979,CAND_717,HEALTHCARE,0.13,0.0,0.08,,"AWS, Docker, Git, Machine Learning, NLP, NumPy, Pandas, Python, SQL, Scikit-learn","Candidate CAND_717 shows weak overall alignment (0.13% text similarity, 0.0% skill match). Missing critical requirements: [AWS, Docker, Git, Machine Learning, NLP, NumPy, Pandas, Python, SQL, Scikit-learn]."
1980,CAND_192,DESIGNER,0.13,0.0,0.08,,"AWS, Docker, Git, Machine Learning, NLP, NumPy, Pandas, Python, SQL, Scikit-learn","Candidate CAND_192 shows weak overall alignment (0.13% text similarity, 0.0% skill match). Missing critical requirements: [AWS, Docker, Git, Machine Learning, NLP, NumPy, Pandas, Python, SQL, Scikit-learn]."
1981,CAND_672,BUSINESS-DEVELOPMENT,0.13,0.0,0.08,,"AWS, Docker, Git, Machine Learning, NLP, NumPy, Pandas, Python, SQL, Scikit-learn","Candidate CAND_672 shows weak overall alignment (0.13% text similarity, 0.0% skill match). Missing critical requirements: [AWS, Docker, Git, Machine Learning, NLP, NumPy, Pandas, Python, SQL, Scikit-learn]."
1982,CAND_1928,CONSTRUCTION,0.13,0.0,0.08,,"AWS, Docker, Git, Machine Learning, NLP, NumPy, Pandas, Python, SQL, Scikit-learn","Candidate CAND_1928 shows weak overall alignment (0.13% text similarity, 0.0% skill match). Missing critical requirements: [AWS, Docker, Git, Machine Learning, NLP, NumPy, Pandas, Python, SQL, Scikit-learn]."
1983,CAND_1032,SALES,0.14,0.0,0.08,,"AWS, Docker, Git, Machine Learning, NLP, NumPy, Pandas, Python, SQL, Scikit-learn","Candidate CAND_1032 shows weak overall alignment (0.14% text similarity, 0.0% skill match). Missing critical requirements: [AWS, Docker, Git, Machine Learning, NLP, NumPy, Pandas, Python, SQL, Scikit-learn]."
1984,CAND_617,BUSINESS-DEVELOPMENT,0.13,0.0,0.08,,"AWS, Docker, Git, Machine Learning, NLP, NumPy, Pandas, Python, SQL, Scikit-learn","Candidate CAND_617 shows weak overall alignment (0.13% text similarity, 0.0% skill match). Missing critical requirements: [AWS, Docker, Git, Machine Learning, NLP, NumPy, Pandas, Python, SQL, Scikit-learn]."
1985,CAND_271,INFORMATION-TECHNOLOGY,0.14,0.0,0.08,,"AWS, Docker, Git, Machine Learning, NLP, NumPy, Pandas, Python, SQL, Scikit-learn","Candidate CAND_271 shows weak overall alignment (0.14% text similarity, 0.0% skill match). Missing critical requirements: [AWS, Docker, Git, Machine Learning, NLP, NumPy, Pandas, Python, SQL, Scikit-learn]."
1986,CAND_1673,APPAREL,0.14,0.0,0.08,,"AWS, Docker, Git, Machine Learning, NLP, NumPy, Pandas, Python, SQL, Scikit-learn","Candidate CAND_1673 shows weak overall alignment (0.14% text similarity, 0.0% skill match). Missing critical requirements: [AWS, Docker, Git, Machine Learning, NLP, NumPy, Pandas, Python, SQL, Scikit-learn]."
1987,CAND_1579,FINANCE,0.14,0.0,0.08,,"AWS, Docker, Git, Machine Learning, NLP, NumPy, Pandas, Python, SQL, Scikit-learn","Candidate CAND_1579 shows weak overall alignment (0.14% text similarity, 0.0% skill match). Missing critical requirements: [AWS, Docker, Git, Machine Learning, NLP, NumPy, Pandas, Python, SQL, Scikit-learn]."
1988,CAND_623,BUSINESS-DEVELOPMENT,0.13,0.0,0.08,,"AWS, Docker, Git, Machine Learning, NLP, NumPy, Pandas, Python, SQL, Scikit-learn","Candidate CAND_623 shows weak overall alignment (0.13% text similarity, 0.0% skill match). Missing critical requirements: [AWS, Docker, Git, Machine Learning, NLP, NumPy, Pandas, Python, SQL, Scikit-learn]."
1989,CAND_1675,APPAREL,0.13,0.0,0.08,,"AWS, Docker, Git, Machine Learning, NLP, NumPy, Pandas, Python, SQL, Scikit-learn","Candidate CAND_1675 shows weak overall alignment (0.13% text similarity, 0.0% skill match). Missing critical requirements: [AWS, Docker, Git, Machine Learning, NLP, NumPy, Pandas, Python, SQL, Scikit-learn]."
1990,CAND_762,HEALTHCARE,0.13,0.0,0.08,,"AWS, Docker, Git, Machine Learning, NLP, NumPy, Pandas, Python, SQL, Scikit-learn","Candidate CAND_762 shows weak overall alignment (0.13% text similarity, 0.0% skill match). Missing critical requirements: [AWS, Docker, Git, Machine Learning, NLP, NumPy, Pandas, Python, SQL, Scikit-learn]."
1991,CAND_661,BUSINESS-DEVELOPMENT,0.13,0.0,0.08,,"AWS, Docker, Git, Machine Learning, NLP, NumPy, Pandas, Python, SQL, Scikit-learn","Candidate CAND_661 shows weak overall alignment (0.13% text similarity, 0.0% skill match). Missing critical requirements: [AWS, Docker, Git, Machine Learning, NLP, NumPy, Pandas, Python, SQL, Scikit-learn]."
1992,CAND_1225,CONSULTANT,0.13,0.0,0.08,,"AWS, Docker, Git, Machine Learning, NLP, NumPy, Pandas, Python, SQL, Scikit-learn","Candidate CAND_1225 shows weak overall alignment (0.13% text similarity, 0.0% skill match). Missing critical requirements: [AWS, Docker, Git, Machine Learning, NLP, NumPy, Pandas, Python, SQL, Scikit-learn]."
1993,CAND_091,HR,0.14,0.0,0.08,,"AWS, Docker, Git, Machine Learning, NLP, NumPy, Pandas, Python, SQL, Scikit-learn","Candidate CAND_091 shows weak overall alignment (0.14% text similarity, 0.0% skill match). Missing critical requirements: [AWS, Docker, Git, Machine Learning, NLP, NumPy, Pandas, Python, SQL, Scikit-learn]."
1994,CAND_069,HR,0.14,0.0,0.08,,"AWS, Docker, Git, Machine Learning, NLP, NumPy, Pandas, Python, SQL, Scikit-learn","Candidate CAND_069 shows weak overall alignment (0.14% text similarity, 0.0% skill match). Missing critical requirements: [AWS, Docker, Git, Machine Learning, NLP, NumPy, Pandas, Python, SQL, Scikit-learn]."
1995,CAND_1202,CONSULTANT,0.14,0.0,0.08,,"AWS, Docker, Git, Machine Learning, NLP, NumPy, Pandas, Python, SQL, Scikit-learn","Candidate CAND_1202 shows weak overall alignment (0.14% text similarity, 0.0% skill match). Missing critical requirements: [AWS, Docker, Git, Machine Learning, NLP, NumPy, Pandas, Python, SQL, Scikit-learn]."
1996,CAND_641,BUSINESS-DEVELOPMENT,0.13,0.0,0.08,,"AWS, Docker, Git, Machine Learning, NLP, NumPy, Pandas, Python, SQL, Scikit-learn","Candidate CAND_641 shows weak overall alignment (0.13% text similarity, 0.0% skill match). Missing critical requirements: [AWS, Docker, Git, Machine Learning, NLP, NumPy, Pandas, Python, SQL, Scikit-learn]."
1997,CAND_1858,ACCOUNTANT,0.14,0.0,0.08,,"AWS, Docker, Git, Machine Learning, NLP, NumPy, Pandas, Python, SQL, Scikit-learn","Candidate CAND_1858 shows weak overall alignment (0.14% text similarity, 0.0% skill match). Missing critical requirements: [AWS, Docker, Git, Machine Learning, NLP, NumPy, Pandas, Python, SQL, Scikit-learn]."
1998,CAND_1301,DIGITAL-MEDIA,0.13,0.0,0.08,,"AWS, Docker, Git, Machine Learning, NLP, NumPy, Pandas, Python, SQL, Scikit-learn","Candidate CAND_1301 shows weak overall alignment (0.13% text similarity, 0.0% skill match). Missing critical requirements: [AWS, Docker, Git, Machine Learning, NLP, NumPy, Pandas, Python, SQL, Scikit-learn]."
1999,CAND_1603,APPAREL,0.13,0.0,0.08,,"AWS, Docker, Git, Machine Learning, NLP, NumPy, Pandas, Python, SQL, Scikit-learn","Candidate CAND_1603 shows weak overall alignment (0.13% text similarity, 0.0% skill match). Missing critical requirements: [AWS, Docker, Git, Machine Learning, NLP, NumPy, Pandas, Python, SQL, Scikit-learn]."
2000,CAND_2080,PUBLIC-RELATIONS,0.11,0.0,0.07,,"AWS, Docker, Git, Machine Learning, NLP, NumPy, Pandas, Python, SQL, Scikit-learn","Candidate CAND_2080 shows weak overall alignment (0.11% text similarity, 0.0% skill match). Missing critical requirements: [AWS, Docker, Git, Machine Learning, NLP, NumPy, Pandas, Python, SQL, Scikit-learn]."
2001,CAND_1229,DIGITAL-MEDIA,0.12,0.0,0.07,,"AWS, Docker, Git, Machine Learning, NLP, NumPy, Pandas, Python, SQL, Scikit-learn","Candidate CAND_1229 shows weak overall alignment (0.12% text similarity, 0.0% skill match). Missing critical requirements: [AWS, Docker, Git, Machine Learning, NLP, NumPy, Pandas, Python, SQL, Scikit-learn]."
2002,CAND_1501,FINANCE,0.12,0.0,0.07,,"AWS, Docker, Git, Machine Learning, NLP, NumPy, Pandas, Python, SQL, Scikit-learn","Candidate CAND_1501 shows weak overall alignment (0.12% text similarity, 0.0% skill match). Missing critical requirements: [AWS, Docker, Git, Machine Learning, NLP, NumPy, Pandas, Python, SQL, Scikit-learn]."
2003,CAND_701,HEALTHCARE,0.11,0.0,0.07,,"AWS, Docker, Git, Machine Learning, NLP, NumPy, Pandas, Python, SQL, Scikit-learn","Candidate CAND_701 shows weak overall alignment (0.11% text similarity, 0.0% skill match). Missing critical requirements: [AWS, Docker, Git, Machine Learning, NLP, NumPy, Pandas, Python, SQL, Scikit-learn]."
2004,CAND_018,HR,0.11,0.0,0.07,,"AWS, Docker, Git, Machine Learning, NLP, NumPy, Pandas, Python, SQL, Scikit-learn","Candidate CAND_018 shows weak overall alignment (0.11% text similarity, 0.0% skill match). Missing critical requirements: [AWS, Docker, Git, Machine Learning, NLP, NumPy, Pandas, Python, SQL, Scikit-learn]."
2005,CAND_2470,AVIATION,0.11,0.0,0.07,,"AWS, Docker, Git, Machine Learning, NLP, NumPy, Pandas, Python, SQL, Scikit-learn","Candidate CAND_2470 shows weak overall alignment (0.11% text similarity, 0.0% skill match). Missing critical requirements: [AWS, Docker, Git, Machine Learning, NLP, NumPy, Pandas, Python, SQL, Scikit-learn]."
2006,CAND_1542,FINANCE,0.11,0.0,0.07,,"AWS, Docker, Git, Machine Learning, NLP, NumPy, Pandas, Python, SQL, Scikit-learn","Candidate CAND_1542 shows weak overall alignment (0.11% text similarity, 0.0% skill match). Missing critical requirements: [AWS, Docker, Git, Machine Learning, NLP, NumPy, Pandas, Python, SQL, Scikit-learn]."
2007,CAND_2452,AVIATION,0.12,0.0,0.07,,"AWS, Docker, Git, Machine Learning, NLP, NumPy, Pandas, Python, SQL, Scikit-learn","Candidate CAND_2452 shows weak overall alignment (0.12% text similarity, 0.0% skill match). Missing critical requirements: [AWS, Docker, Git, Machine Learning, NLP, NumPy, Pandas, Python, SQL, Scikit-learn]."
2008,CAND_1184,CONSULTANT,0.12,0.0,0.07,,"AWS, Docker, Git, Machine Learning, NLP, NumPy, Pandas, Python, SQL, Scikit-learn","Candidate CAND_1184 shows weak overall alignment (0.12% text similarity, 0.0% skill match). Missing critical requirements: [AWS, Docker, Git, Machine Learning, NLP, NumPy, Pandas, Python, SQL, Scikit-learn]."
2009,CAND_948,AGRICULTURE,0.12,0.0,0.07,,"AWS, Docker, Git, Machine Learning, NLP, NumPy, Pandas, Python, SQL, Scikit-learn","Candidate CAND_948 shows weak overall alignment (0.12% text similarity, 0.0% skill match). Missing critical requirements: [AWS, Docker, Git, Machine Learning, NLP, NumPy, Pandas, Python, SQL, Scikit-learn]."
2010,CAND_2478,AVIATION,0.11,0.0,0.07,,"AWS, Docker, Git, Machine Learning, NLP, NumPy, Pandas, Python, SQL, Scikit-learn","Candidate CAND_2478 shows weak overall alignment (0.11% text similarity, 0.0% skill match). Missing critical requirements: [AWS, Docker, Git, Machine Learning, NLP, NumPy, Pandas, Python, SQL, Scikit-learn]."
2011,CAND_1226,DIGITAL-MEDIA,0.11,0.0,0.07,,"AWS, Docker, Git, Machine Learning, NLP, NumPy, Pandas, Python, SQL, Scikit-learn","Candidate CAND_1226 shows weak overall alignment (0.11% text similarity, 0.0% skill match). Missing critical requirements: [AWS, Docker, Git, Machine Learning, NLP, NumPy, Pandas, Python, SQL, Scikit-learn]."
2012,CAND_932,AGRICULTURE,0.11,0.0,0.07,,"AWS, Docker, Git, Machine Learning, NLP, NumPy, Pandas, Python, SQL, Scikit-learn","Candidate CAND_932 shows weak overall alignment (0.11% text similarity, 0.0% skill match). Missing critical requirements: [AWS, Docker, Git, Machine Learning, NLP, NumPy, Pandas, Python, SQL, Scikit-learn]."
2013,CAND_2104,PUBLIC-RELATIONS,0.11,0.0,0.07,,"AWS, Docker, Git, Machine Learning, NLP, NumPy, Pandas, Python, SQL, Scikit-learn","Candidate CAND_2104 shows weak overall alignment (0.11% text similarity, 0.0% skill match). Missing critical requirements: [AWS, Docker, Git, Machine Learning, NLP, NumPy, Pandas, Python, SQL, Scikit-learn]."
2014,CAND_1547,FINANCE,0.11,0.0,0.07,,"AWS, Docker, Git, Machine Learning, NLP, NumPy, Pandas, Python, SQL, Scikit-learn","Candidate CAND_1547 shows weak overall alignment (0.11% text similarity, 0.0% skill match). Missing critical requirements: [AWS, Docker, Git, Machine Learning, NLP, NumPy, Pandas, Python, SQL, Scikit-learn]."
2015,CAND_2135,PUBLIC-RELATIONS,0.12,0.0,0.07,,"AWS, Docker, Git, Machine Learning, NLP, NumPy, Pandas, Python, SQL, Scikit-learn","Candidate CAND_2135 shows weak overall alignment (0.12% text similarity, 0.0% skill match). Missing critical requirements: [AWS, Docker, Git, Machine Learning, NLP, NumPy, Pandas, Python, SQL, Scikit-learn]."
2016,CAND_1090,SALES,0.11,0.0,0.07,,"AWS, Docker, Git, Machine Learning, NLP, NumPy, Pandas, Python, SQL, Scikit-learn","Candidate CAND_1090 shows weak overall alignment (0.11% text similarity, 0.0% skill match). Missing critical requirements: [AWS, Docker, Git, Machine Learning, NLP, NumPy, Pandas, Python, SQL, Scikit-learn]."
2017,CAND_1182,CONSULTANT,0.12,0.0,0.07,,"AWS, Docker, Git, Machine Learning, NLP, NumPy, Pandas, Python, SQL, Scikit-learn","Candidate CAND_1182 shows weak overall alignment (0.12% text similarity, 0.0% skill match). Missing critical requirements: [AWS, Docker, Git, Machine Learning, NLP, NumPy, Pandas, Python, SQL, Scikit-learn]."
2018,CAND_202,DESIGNER,0.11,0.0,0.07,,"AWS, Docker, Git, Machine Learning, NLP, NumPy, Pandas, Python, SQL, Scikit-learn","Candidate CAND_202 shows weak overall alignment (0.11% text similarity, 0.0% skill match). Missing critical requirements: [AWS, Docker, Git, Machine Learning, NLP, NumPy, Pandas, Python, SQL, Scikit-learn]."
2019,CAND_2252,BANKING,0.12,0.0,0.07,,"AWS, Docker, Git, Machine Learning, NLP, NumPy, Pandas, Python, SQL, Scikit-learn","Candidate CAND_2252 shows weak overall alignment (0.12% text similarity, 0.0% skill match). Missing critical requirements: [AWS, Docker, Git, Machine Learning, NLP, NumPy, Pandas, Python, SQL, Scikit-learn]."
2020,CAND_2256,BANKING,0.11,0.0,0.07,,"AWS, Docker, Git, Machine Learning, NLP, NumPy, Pandas, Python, SQL, Scikit-learn","Candidate CAND_2256 shows weak overall alignment (0.11% text similarity, 0.0% skill match). Missing critical requirements: [AWS, Docker, Git, Machine Learning, NLP, NumPy, Pandas, Python, SQL, Scikit-learn]."
2021,CAND_2260,BANKING,0.11,0.0,0.07,,"AWS, Docker, Git, Machine Learning, NLP, NumPy, Pandas, Python, SQL, Scikit-learn","Candidate CAND_2260 shows weak overall alignment (0.11% text similarity, 0.0% skill match). Missing critical requirements: [AWS, Docker, Git, Machine Learning, NLP, NumPy, Pandas, Python, SQL, Scikit-learn]."
2022,CAND_1416,CHEF,0.12,0.0,0.07,,"AWS, Docker, Git, Machine Learning, NLP, NumPy, Pandas, Python, SQL, Scikit-learn","Candidate CAND_1416 shows weak overall alignment (0.12% text similarity, 0.0% skill match). Missing critical requirements: [AWS, Docker, Git, Machine Learning, NLP, NumPy, Pandas, Python, SQL, Scikit-learn]."
2023,CAND_1294,DIGITAL-MEDIA,0.12,0.0,0.07,,"AWS, Docker, Git, Machine Learning, NLP, NumPy, Pandas, Python, SQL, Scikit-learn","Candidate CAND_1294 shows weak overall alignment (0.12% text similarity, 0.0% skill match). Missing critical requirements: [AWS, Docker, Git, Machine Learning, NLP, NumPy, Pandas, Python, SQL, Scikit-learn]."
2024,CAND_504,ADVOCATE,0.11,0.0,0.07,,"AWS, Docker, Git, Machine Learning, NLP, NumPy, Pandas, Python, SQL, Scikit-learn","Candidate CAND_504 shows weak overall alignment (0.11% text similarity, 0.0% skill match). Missing critical requirements: [AWS, Docker, Git, Machine Learning, NLP, NumPy, Pandas, Python, SQL, Scikit-learn]."
2025,CAND_1407,CHEF,0.11,0.0,0.07,,"AWS, Docker, Git, Machine Learning, NLP, NumPy, Pandas, Python, SQL, Scikit-learn","Candidate CAND_1407 shows weak overall alignment (0.11% text similarity, 0.0% skill match). Missing critical requirements: [AWS, Docker, Git, Machine Learning, NLP, NumPy, Pandas, Python, SQL, Scikit-learn]."
2026,CAND_233,INFORMATION-TECHNOLOGY,0.12,0.0,0.07,,"AWS, Docker, Git, Machine Learning, NLP, NumPy, Pandas, Python, SQL, Scikit-learn","Candidate CAND_233 shows weak overall alignment (0.12% text similarity, 0.0% skill match). Missing critical requirements: [AWS, Docker, Git, Machine Learning, NLP, NumPy, Pandas, Python, SQL, Scikit-learn]."
2027,CAND_1046,SALES,0.12,0.0,0.07,,"AWS, Docker, Git, Machine Learning, NLP, NumPy, Pandas, Python, SQL, Scikit-learn","Candidate CAND_1046 shows weak overall alignment (0.12% text similarity, 0.0% skill match). Missing critical requirements: [AWS, Docker, Git, Machine Learning, NLP, NumPy, Pandas, Python, SQL, Scikit-learn]."
2028,CAND_1306,DIGITAL-MEDIA,0.11,0.0,0.07,,"AWS, Docker, Git, Machine Learning, NLP, NumPy, Pandas, Python, SQL, Scikit-learn","Candidate CAND_1306 shows weak overall alignment (0.11% text similarity, 0.0% skill match). Missing critical requirements: [AWS, Docker, Git, Machine Learning, NLP, NumPy, Pandas, Python, SQL, Scikit-learn]."
2029,CAND_1108,SALES,0.12,0.0,0.07,,"AWS, Docker, Git, Machine Learning, NLP, NumPy, Pandas, Python, SQL, Scikit-learn","Candidate CAND_1108 shows weak overall alignment (0.12% text similarity, 0.0% skill match). Missing critical requirements: [AWS, Docker, Git, Machine Learning, NLP, NumPy, Pandas, Python, SQL, Scikit-learn]."
2030,CAND_1142,CONSULTANT,0.11,0.0,0.07,,"AWS, Docker, Git, Machine Learning, NLP, NumPy, Pandas, Python, SQL, Scikit-learn","Candidate CAND_1142 shows weak overall alignment (0.11% text similarity, 0.0% skill match). Missing critical requirements: [AWS, Docker, Git, Machine Learning, NLP, NumPy, Pandas, Python, SQL, Scikit-learn]."
2031,CAND_198,DESIGNER,0.12,0.0,0.07,,"AWS, Docker, Git, Machine Learning, NLP, NumPy, Pandas, Python, SQL, Scikit-learn","Candidate CAND_198 shows weak overall alignment (0.12% text similarity, 0.0% skill match). Missing critical requirements: [AWS, Docker, Git, Machine Learning, NLP, NumPy, Pandas, Python, SQL, Scikit-learn]."
2032,CAND_1054,SALES,0.11,0.0,0.07,,"AWS, Docker, Git, Machine Learning, NLP, NumPy, Pandas, Python, SQL, Scikit-learn","Candidate CAND_1054 shows weak overall alignment (0.11% text similarity, 0.0% skill match). Missing critical requirements: [AWS, Docker, Git, Machine Learning, NLP, NumPy, Pandas, Python, SQL, Scikit-learn]."
2033,CAND_096,HR,0.11,0.0,0.07,,"AWS, Docker, Git, Machine Learning, NLP, NumPy, Pandas, Python, SQL, Scikit-learn","Candidate CAND_096 shows weak overall alignment (0.11% text similarity, 0.0% skill match). Missing critical requirements: [AWS, Docker, Git, Machine Learning, NLP, NumPy, Pandas, Python, SQL, Scikit-learn]."
2034,CAND_097,HR,0.12,0.0,0.07,,"AWS, Docker, Git, Machine Learning, NLP, NumPy, Pandas, Python, SQL, Scikit-learn","Candidate CAND_097 shows weak overall alignment (0.12% text similarity, 0.0% skill match). Missing critical requirements: [AWS, Docker, Git, Machine Learning, NLP, NumPy, Pandas, Python, SQL, Scikit-learn]."
2035,CAND_2352,ARTS,0.12,0.0,0.07,,"AWS, Docker, Git, Machine Learning, NLP, NumPy, Pandas, Python, SQL, Scikit-learn","Candidate CAND_2352 shows weak overall alignment (0.12% text similarity, 0.0% skill match). Missing critical requirements: [AWS, Docker, Git, Machine Learning, NLP, NumPy, Pandas, Python, SQL, Scikit-learn]."
2036,CAND_106,HR,0.12,0.0,0.07,,"AWS, Docker, Git, Machine Learning, NLP, NumPy, Pandas, Python, SQL, Scikit-learn","Candidate CAND_106 shows weak overall alignment (0.12% text similarity, 0.0% skill match). Missing critical requirements: [AWS, Docker, Git, Machine Learning, NLP, NumPy, Pandas, Python, SQL, Scikit-learn]."
2037,CAND_161,DESIGNER,0.11,0.0,0.07,,"AWS, Docker, Git, Machine Learning, NLP, NumPy, Pandas, Python, SQL, Scikit-learn","Candidate CAND_161 shows weak overall alignment (0.11% text similarity, 0.0% skill match). Missing critical requirements: [AWS, Docker, Git, Machine Learning, NLP, NumPy, Pandas, Python, SQL, Scikit-learn]."
2038,CAND_158,DESIGNER,0.11,0.0,0.07,,"AWS, Docker, Git, Machine Learning, NLP, NumPy, Pandas, Python, SQL, Scikit-learn","Candidate CAND_158 shows weak overall alignment (0.11% text similarity, 0.0% skill match). Missing critical requirements: [AWS, Docker, Git, Machine Learning, NLP, NumPy, Pandas, Python, SQL, Scikit-learn]."
2039,CAND_1354,AUTOMOBILE,0.11,0.0,0.07,,"AWS, Docker, Git, Machine Learning, NLP, NumPy, Pandas, Python, SQL, Scikit-learn","Candidate CAND_1354 shows weak overall alignment (0.11% text similarity, 0.0% skill match). Missing critical requirements: [AWS, Docker, Git, Machine Learning, NLP, NumPy, Pandas, Python, SQL, Scikit-learn]."
2040,CAND_2339,ARTS,0.11,0.0,0.07,,"AWS, Docker, Git, Machine Learning, NLP, NumPy, Pandas, Python, SQL, Scikit-learn","Candidate CAND_2339 shows weak overall alignment (0.11% text similarity, 0.0% skill match). Missing critical requirements: [AWS, Docker, Git, Machine Learning, NLP, NumPy, Pandas, Python, SQL, Scikit-learn]."
2041,CAND_059,HR,0.12,0.0,0.07,,"AWS, Docker, Git, Machine Learning, NLP, NumPy, Pandas, Python, SQL, Scikit-learn","Candidate CAND_059 shows weak overall alignment (0.12% text similarity, 0.0% skill match). Missing critical requirements: [AWS, Docker, Git, Machine Learning, NLP, NumPy, Pandas, Python, SQL, Scikit-learn]."
2042,CAND_1425,CHEF,0.12,0.0,0.07,,"AWS, Docker, Git, Machine Learning, NLP, NumPy, Pandas, Python, SQL, Scikit-learn","Candidate CAND_1425 shows weak overall alignment (0.12% text similarity, 0.0% skill match). Missing critical requirements: [AWS, Docker, Git, Machine Learning, NLP, NumPy, Pandas, Python, SQL, Scikit-learn]."
2043,CAND_1486,FINANCE,0.11,0.0,0.07,,"AWS, Docker, Git, Machine Learning, NLP, NumPy, Pandas, Python, SQL, Scikit-learn","Candidate CAND_1486 shows weak overall alignment (0.11% text similarity, 0.0% skill match). Missing critical requirements: [AWS, Docker, Git, Machine Learning, NLP, NumPy, Pandas, Python, SQL, Scikit-learn]."
2044,CAND_1268,DIGITAL-MEDIA,0.11,0.0,0.07,,"AWS, Docker, Git, Machine Learning, NLP, NumPy, Pandas, Python, SQL, Scikit-learn","Candidate CAND_1268 shows weak overall alignment (0.11% text similarity, 0.0% skill match). Missing critical requirements: [AWS, Docker, Git, Machine Learning, NLP, NumPy, Pandas, Python, SQL, Scikit-learn]."
2045,CAND_1482,FINANCE,0.12,0.0,0.07,,"AWS, Docker, Git, Machine Learning, NLP, NumPy, Pandas, Python, SQL, Scikit-learn","Candidate CAND_1482 shows weak overall alignment (0.12% text similarity, 0.0% skill match). Missing critical requirements: [AWS, Docker, Git, Machine Learning, NLP, NumPy, Pandas, Python, SQL, Scikit-learn]."
2046,CAND_2161,BANKING,0.12,0.0,0.07,,"AWS, Docker, Git, Machine Learning, NLP, NumPy, Pandas, Python, SQL, Scikit-learn","Candidate CAND_2161 shows weak overall alignment (0.12% text similarity, 0.0% skill match). Missing critical requirements: [AWS, Docker, Git, Machine Learning, NLP, NumPy, Pandas, Python, SQL, Scikit-learn]."
2047,CAND_2164,BANKING,0.11,0.0,0.07,,"AWS, Docker, Git, Machine Learning, NLP, NumPy, Pandas, Python, SQL, Scikit-learn","Candidate CAND_2164 shows weak overall alignment (0.11% text similarity, 0.0% skill match). Missing critical requirements: [AWS, Docker, Git, Machine Learning, NLP, NumPy, Pandas, Python, SQL, Scikit-learn]."
2048,CAND_2179,BANKING,0.12,0.0,0.07,,"AWS, Docker, Git, Machine Learning, NLP, NumPy, Pandas, Python, SQL, Scikit-learn","Candidate CAND_2179 shows weak overall alignment (0.12% text similarity, 0.0% skill match). Missing critical requirements: [AWS, Docker, Git, Machine Learning, NLP, NumPy, Pandas, Python, SQL, Scikit-learn]."
2049,CAND_985,BPO,0.11,0.0,0.07,,"AWS, Docker, Git, Machine Learning, NLP, NumPy, Pandas, Python, SQL, Scikit-learn","Candidate CAND_985 shows weak overall alignment (0.11% text similarity, 0.0% skill match). Missing critical requirements: [AWS, Docker, Git, Machine Learning, NLP, NumPy, Pandas, Python, SQL, Scikit-learn]."
2050,CAND_1262,DIGITAL-MEDIA,0.11,0.0,0.07,,"AWS, Docker, Git, Machine Learning, NLP, NumPy, Pandas, Python, SQL, Scikit-learn","Candidate CAND_1262 shows weak overall alignment (0.11% text similarity, 0.0% skill match). Missing critical requirements: [AWS, Docker, Git, Machine Learning, NLP, NumPy, Pandas, Python, SQL, Scikit-learn]."
2051,CAND_993,BPO,0.12,0.0,0.07,,"AWS, Docker, Git, Machine Learning, NLP, NumPy, Pandas, Python, SQL, Scikit-learn","Candidate CAND_993 shows weak overall alignment (0.12% text similarity, 0.0% skill match). Missing critical requirements: [AWS, Docker, Git, Machine Learning, NLP, NumPy, Pandas, Python, SQL, Scikit-learn]."
2052,CAND_378,TEACHER,0.11,0.0,0.07,,"AWS, Docker, Git, Machine Learning, NLP, NumPy, Pandas, Python, SQL, Scikit-learn","Candidate CAND_378 shows weak overall alignment (0.11% text similarity, 0.0% skill match). Missing critical requirements: [AWS, Docker, Git, Machine Learning, NLP, NumPy, Pandas, Python, SQL, Scikit-learn]."
2053,CAND_368,TEACHER,0.11,0.0,0.07,,"AWS, Docker, Git, Machine Learning, NLP, NumPy, Pandas, Python, SQL, Scikit-learn","Candidate CAND_368 shows weak overall alignment (0.11% text similarity, 0.0% skill match). Missing critical requirements: [AWS, Docker, Git, Machine Learning, NLP, NumPy, Pandas, Python, SQL, Scikit-learn]."
2054,CAND_2201,BANKING,0.12,0.0,0.07,,"AWS, Docker, Git, Machine Learning, NLP, NumPy, Pandas, Python, SQL, Scikit-learn","Candidate CAND_2201 shows weak overall alignment (0.12% text similarity, 0.0% skill match). Missing critical requirements: [AWS, Docker, Git, Machine Learning, NLP, NumPy, Pandas, Python, SQL, Scikit-learn]."
2055,CAND_2204,BANKING,0.11,0.0,0.07,,"AWS, Docker, Git, Machine Learning, NLP, NumPy, Pandas, Python, SQL, Scikit-learn","Candidate CAND_2204 shows weak overall alignment (0.11% text similarity, 0.0% skill match). Missing critical requirements: [AWS, Docker, Git, Machine Learning, NLP, NumPy, Pandas, Python, SQL, Scikit-learn]."
2056,CAND_1031,SALES,0.12,0.0,0.07,,"AWS, Docker, Git, Machine Learning, NLP, NumPy, Pandas, Python, SQL, Scikit-learn","Candidate CAND_1031 shows weak overall alignment (0.12% text similarity, 0.0% skill match). Missing critical requirements: [AWS, Docker, Git, Machine Learning, NLP, NumPy, Pandas, Python, SQL, Scikit-learn]."
2057,CAND_2413,AVIATION,0.11,0.0,0.07,,"AWS, Docker, Git, Machine Learning, NLP, NumPy, Pandas, Python, SQL, Scikit-learn","Candidate CAND_2413 shows weak overall alignment (0.11% text similarity, 0.0% skill match). Missing critical requirements: [AWS, Docker, Git, Machine Learning, NLP, NumPy, Pandas, Python, SQL, Scikit-learn]."
2058,CAND_1084,SALES,0.11,0.0,0.07,,"AWS, Docker, Git, Machine Learning, NLP, NumPy, Pandas, Python, SQL, Scikit-learn","Candidate CAND_1084 shows weak overall alignment (0.11% text similarity, 0.0% skill match). Missing critical requirements: [AWS, Docker, Git, Machine Learning, NLP, NumPy, Pandas, Python, SQL, Scikit-learn]."
2059,CAND_2212,BANKING,0.11,0.0,0.07,,"AWS, Docker, Git, Machine Learning, NLP, NumPy, Pandas, Python, SQL, Scikit-learn","Candidate CAND_2212 shows weak overall alignment (0.11% text similarity, 0.0% skill match). Missing critical requirements: [AWS, Docker, Git, Machine Learning, NLP, NumPy, Pandas, Python, SQL, Scikit-learn]."
2060,CAND_1440,CHEF,0.12,0.0,0.07,,"AWS, Docker, Git, Machine Learning, NLP, NumPy, Pandas, Python, SQL, Scikit-learn","Candidate CAND_1440 shows weak overall alignment (0.12% text similarity, 0.0% skill match). Missing critical requirements: [AWS, Docker, Git, Machine Learning, NLP, NumPy, Pandas, Python, SQL, Scikit-learn]."
2061,CAND_1269,DIGITAL-MEDIA,0.12,0.0,0.07,,"AWS, Docker, Git, Machine Learning, NLP, NumPy, Pandas, Python, SQL, Scikit-learn","Candidate CAND_1269 shows weak overall alignment (0.12% text similarity, 0.0% skill match). Missing critical requirements: [AWS, Docker, Git, Machine Learning, NLP, NumPy, Pandas, Python, SQL, Scikit-learn]."
2062,CAND_288,INFORMATION-TECHNOLOGY,0.12,0.0,0.07,,"AWS, Docker, Git, Machine Learning, NLP, NumPy, Pandas, Python, SQL, Scikit-learn","Candidate CAND_288 shows weak overall alignment (0.12% text similarity, 0.0% skill match). Missing critical requirements: [AWS, Docker, Git, Machine Learning, NLP, NumPy, Pandas, Python, SQL, Scikit-learn]."
2063,CAND_2405,AVIATION,0.11,0.0,0.07,,"AWS, Docker, Git, Machine Learning, NLP, NumPy, Pandas, Python, SQL, Scikit-learn","Candidate CAND_2405 shows weak overall alignment (0.11% text similarity, 0.0% skill match). Missing critical requirements: [AWS, Docker, Git, Machine Learning, NLP, NumPy, Pandas, Python, SQL, Scikit-learn]."
2064,CAND_1434,CHEF,0.12,0.0,0.07,,"AWS, Docker, Git, Machine Learning, NLP, NumPy, Pandas, Python, SQL, Scikit-learn","Candidate CAND_1434 shows weak overall alignment (0.12% text similarity, 0.0% skill match). Missing critical requirements: [AWS, Docker, Git, Machine Learning, NLP, NumPy, Pandas, Python, SQL, Scikit-learn]."
2065,CAND_287,INFORMATION-TECHNOLOGY,0.12,0.0,0.07,,"AWS, Docker, Git, Machine Learning, NLP, NumPy, Pandas, Python, SQL, Scikit-learn","Candidate CAND_287 shows weak overall alignment (0.12% text similarity, 0.0% skill match). Missing critical requirements: [AWS, Docker, Git, Machine Learning, NLP, NumPy, Pandas, Python, SQL, Scikit-learn]."
2066,CAND_2404,AVIATION,0.12,0.0,0.07,,"AWS, Docker, Git, Machine Learning, NLP, NumPy, Pandas, Python, SQL, Scikit-learn","Candidate CAND_2404 shows weak overall alignment (0.12% text similarity, 0.0% skill match). Missing critical requirements: [AWS, Docker, Git, Machine Learning, NLP, NumPy, Pandas, Python, SQL, Scikit-learn]."
2067,CAND_2409,AVIATION,0.11,0.0,0.07,,"AWS, Docker, Git, Machine Learning, NLP, NumPy, Pandas, Python, SQL, Scikit-learn","Candidate CAND_2409 shows weak overall alignment (0.11% text similarity, 0.0% skill match). Missing critical requirements: [AWS, Docker, Git, Machine Learning, NLP, NumPy, Pandas, Python, SQL, Scikit-learn]."
2068,CAND_2137,PUBLIC-RELATIONS,0.11,0.0,0.07,,"AWS, Docker, Git, Machine Learning, NLP, NumPy, Pandas, Python, SQL, Scikit-learn","Candidate CAND_2137 shows weak overall alignment (0.11% text similarity, 0.0% skill match). Missing critical requirements: [AWS, Docker, Git, Machine Learning, NLP, NumPy, Pandas, Python, SQL, Scikit-learn]."
2069,CAND_818,FITNESS,0.12,0.0,0.07,,"AWS, Docker, Git, Machine Learning, NLP, NumPy, Pandas, Python, SQL, Scikit-learn","Candidate CAND_818 shows weak overall alignment (0.12% text similarity, 0.0% skill match). Missing critical requirements: [AWS, Docker, Git, Machine Learning, NLP, NumPy, Pandas, Python, SQL, Scikit-learn]."
2070,CAND_535,ADVOCATE,0.11,0.0,0.07,,"AWS, Docker, Git, Machine Learning, NLP, NumPy, Pandas, Python, SQL, Scikit-learn","Candidate CAND_535 shows weak overall alignment (0.11% text similarity, 0.0% skill match). Missing critical requirements: [AWS, Docker, Git, Machine Learning, NLP, NumPy, Pandas, Python, SQL, Scikit-learn]."
2071,CAND_736,HEALTHCARE,0.11,0.0,0.07,,"AWS, Docker, Git, Machine Learning, NLP, NumPy, Pandas, Python, SQL, Scikit-learn","Candidate CAND_736 shows weak overall alignment (0.11% text similarity, 0.0% skill match). Missing critical requirements: [AWS, Docker, Git, Machine Learning, NLP, NumPy, Pandas, Python, SQL, Scikit-learn]."
2072,CAND_1869,ACCOUNTANT,0.12,0.0,0.07,,"AWS, Docker, Git, Machine Learning, NLP, NumPy, Pandas, Python, SQL, Scikit-learn","Candidate CAND_1869 shows weak overall alignment (0.12% text similarity, 0.0% skill match). Missing critical requirements: [AWS, Docker, Git, Machine Learning, NLP, NumPy, Pandas, Python, SQL, Scikit-learn]."
2073,CAND_517,ADVOCATE,0.12,0.0,0.07,,"AWS, Docker, Git, Machine Learning, NLP, NumPy, Pandas, Python, SQL, Scikit-learn","Candidate CAND_517 shows weak overall alignment (0.12% text similarity, 0.0% skill match). Missing critical requirements: [AWS, Docker, Git, Machine Learning, NLP, NumPy, Pandas, Python, SQL, Scikit-learn]."
2074,CAND_777,HEALTHCARE,0.12,0.0,0.07,,"AWS, Docker, Git, Machine Learning, NLP, NumPy, Pandas, Python, SQL, Scikit-learn","Candidate CAND_777 shows weak overall alignment (0.12% text similarity, 0.0% skill match). Missing critical requirements: [AWS, Docker, Git, Machine Learning, NLP, NumPy, Pandas, Python, SQL, Scikit-learn]."
2075,CAND_738,HEALTHCARE,0.11,0.0,0.07,,"AWS, Docker, Git, Machine Learning, NLP, NumPy, Pandas, Python, SQL, Scikit-learn","Candidate CAND_738 shows weak overall alignment (0.11% text similarity, 0.0% skill match). Missing critical requirements: [AWS, Docker, Git, Machine Learning, NLP, NumPy, Pandas, Python, SQL, Scikit-learn]."
2076,CAND_1589,FINANCE,0.12,0.0,0.07,,"AWS, Docker, Git, Machine Learning, NLP, NumPy, Pandas, Python, SQL, Scikit-learn","Candidate CAND_1589 shows weak overall alignment (0.12% text similarity, 0.0% skill match). Missing critical requirements: [AWS, Docker, Git, Machine Learning, NLP, NumPy, Pandas, Python, SQL, Scikit-learn]."
2077,CAND_859,FITNESS,0.11,0.0,0.07,,"AWS, Docker, Git, Machine Learning, NLP, NumPy, Pandas, Python, SQL, Scikit-learn","Candidate CAND_859 shows weak overall alignment (0.11% text similarity, 0.0% skill match). Missing critical requirements: [AWS, Docker, Git, Machine Learning, NLP, NumPy, Pandas, Python, SQL, Scikit-learn]."
2078,CAND_524,ADVOCATE,0.11,0.0,0.07,,"AWS, Docker, Git, Machine Learning, NLP, NumPy, Pandas, Python, SQL, Scikit-learn","Candidate CAND_524 shows weak overall alignment (0.11% text similarity, 0.0% skill match). Missing critical requirements: [AWS, Docker, Git, Machine Learning, NLP, NumPy, Pandas, Python, SQL, Scikit-learn]."
2079,CAND_660,BUSINESS-DEVELOPMENT,0.12,0.0,0.07,,"AWS, Docker, Git, Machine Learning, NLP, NumPy, Pandas, Python, SQL, Scikit-learn","Candidate CAND_660 shows weak overall alignment (0.12% text similarity, 0.0% skill match). Missing critical requirements: [AWS, Docker, Git, Machine Learning, NLP, NumPy, Pandas, Python, SQL, Scikit-learn]."
2080,CAND_1596,APPAREL,0.11,0.0,0.07,,"AWS, Docker, Git, Machine Learning, NLP, NumPy, Pandas, Python, SQL, Scikit-learn","Candidate CAND_1596 shows weak overall alignment (0.11% text similarity, 0.0% skill match). Missing critical requirements: [AWS, Docker, Git, Machine Learning, NLP, NumPy, Pandas, Python, SQL, Scikit-learn]."
2081,CAND_534,ADVOCATE,0.12,0.0,0.07,,"AWS, Docker, Git, Machine Learning, NLP, NumPy, Pandas, Python, SQL, Scikit-learn","Candidate CAND_534 shows weak overall alignment (0.12% text similarity, 0.0% skill match). Missing critical requirements: [AWS, Docker, Git, Machine Learning, NLP, NumPy, Pandas, Python, SQL, Scikit-learn]."
2082,CAND_616,BUSINESS-DEVELOPMENT,0.11,0.0,0.07,,"AWS, Docker, Git, Machine Learning, NLP, NumPy, Pandas, Python, SQL, Scikit-learn","Candidate CAND_616 shows weak overall alignment (0.11% text similarity, 0.0% skill match). Missing critical requirements: [AWS, Docker, Git, Machine Learning, NLP, NumPy, Pandas, Python, SQL, Scikit-learn]."
2083,CAND_2042,PUBLIC-RELATIONS,0.12,0.0,0.07,,"AWS, Docker, Git, Machine Learning, NLP, NumPy, Pandas, Python, SQL, Scikit-learn","Candidate CAND_2042 shows weak overall alignment (0.12% text similarity, 0.0% skill match). Missing critical requirements: [AWS, Docker, Git, Machine Learning, NLP, NumPy, Pandas, Python, SQL, Scikit-learn]."
2084,CAND_1669,APPAREL,0.12,0.0,0.07,,"AWS, Docker, Git, Machine Learning, NLP, NumPy, Pandas, Python, SQL, Scikit-learn","Candidate CAND_1669 shows weak overall alignment (0.12% text similarity, 0.0% skill match). Missing critical requirements: [AWS, Docker, Git, Machine Learning, NLP, NumPy, Pandas, Python, SQL, Scikit-learn]."
2085,CAND_1609,APPAREL,0.12,0.0,0.07,,"AWS, Docker, Git, Machine Learning, NLP, NumPy, Pandas, Python, SQL, Scikit-learn","Candidate CAND_1609 shows weak overall alignment (0.12% text similarity, 0.0% skill match). Missing critical requirements: [AWS, Docker, Git, Machine Learning, NLP, NumPy, Pandas, Python, SQL, Scikit-learn]."
2086,CAND_1855,ACCOUNTANT,0.12,0.0,0.07,,"AWS, Docker, Git, Machine Learning, NLP, NumPy, Pandas, Python, SQL, Scikit-learn","Candidate CAND_1855 shows weak overall alignment (0.12% text similarity, 0.0% skill match). Missing critical requirements: [AWS, Docker, Git, Machine Learning, NLP, NumPy, Pandas, Python, SQL, Scikit-learn]."
2087,CAND_909,FITNESS,0.12,0.0,0.07,,"AWS, Docker, Git, Machine Learning, NLP, NumPy, Pandas, Python, SQL, Scikit-learn","Candidate CAND_909 shows weak overall alignment (0.12% text similarity, 0.0% skill match). Missing critical requirements: [AWS, Docker, Git, Machine Learning, NLP, NumPy, Pandas, Python, SQL, Scikit-learn]."
2088,CAND_549,ADVOCATE,0.11,0.0,0.07,,"AWS, Docker, Git, Machine Learning, NLP, NumPy, Pandas, Python, SQL, Scikit-learn","Candidate CAND_549 shows weak overall alignment (0.11% text similarity, 0.0% skill match). Missing critical requirements: [AWS, Docker, Git, Machine Learning, NLP, NumPy, Pandas, Python, SQL, Scikit-learn]."
2089,CAND_1957,CONSTRUCTION,0.11,0.0,0.07,,"AWS, Docker, Git, Machine Learning, NLP, NumPy, Pandas, Python, SQL, Scikit-learn","Candidate CAND_1957 shows weak overall alignment (0.11% text similarity, 0.0% skill match). Missing critical requirements: [AWS, Docker, Git, Machine Learning, NLP, NumPy, Pandas, Python, SQL, Scikit-learn]."
2090,CAND_903,FITNESS,0.11,0.0,0.07,,"AWS, Docker, Git, Machine Learning, NLP, NumPy, Pandas, Python, SQL, Scikit-learn","Candidate CAND_903 shows weak overall alignment (0.11% text similarity, 0.0% skill match). Missing critical requirements: [AWS, Docker, Git, Machine Learning, NLP, NumPy, Pandas, Python, SQL, Scikit-learn]."
2091,CAND_759,HEALTHCARE,0.11,0.0,0.07,,"AWS, Docker, Git, Machine Learning, NLP, NumPy, Pandas, Python, SQL, Scikit-learn","Candidate CAND_759 shows weak overall alignment (0.11% text similarity, 0.0% skill match). Missing critical requirements: [AWS, Docker, Git, Machine Learning, NLP, NumPy, Pandas, Python, SQL, Scikit-learn]."
2092,CAND_1655,APPAREL,0.12,0.0,0.07,,"AWS, Docker, Git, Machine Learning, NLP, NumPy, Pandas, Python, SQL, Scikit-learn","Candidate CAND_1655 shows weak overall alignment (0.12% text similarity, 0.0% skill match). Missing critical requirements: [AWS, Docker, Git, Machine Learning, NLP, NumPy, Pandas, Python, SQL, Scikit-learn]."
2093,CAND_875,FITNESS,0.12,0.0,0.07,,"AWS, Docker, Git, Machine Learning, NLP, NumPy, Pandas, Python, SQL, Scikit-learn","Candidate CAND_875 shows weak overall alignment (0.12% text similarity, 0.0% skill match). Missing critical requirements: [AWS, Docker, Git, Machine Learning, NLP, NumPy, Pandas, Python, SQL, Scikit-learn]."
2094,CAND_878,FITNESS,0.11,0.0,0.07,,"AWS, Docker, Git, Machine Learning, NLP, NumPy, Pandas, Python, SQL, Scikit-learn","Candidate CAND_878 shows weak overall alignment (0.11% text similarity, 0.0% skill match). Missing critical requirements: [AWS, Docker, Git, Machine Learning, NLP, NumPy, Pandas, Python, SQL, Scikit-learn]."
2095,CAND_780,HEALTHCARE,0.12,0.0,0.07,,"AWS, Docker, Git, Machine Learning, NLP, NumPy, Pandas, Python, SQL, Scikit-learn","Candidate CAND_780 shows weak overall alignment (0.12% text similarity, 0.0% skill match). Missing critical requirements: [AWS, Docker, Git, Machine Learning, NLP, NumPy, Pandas, Python, SQL, Scikit-learn]."
2096,CAND_1983,CONSTRUCTION,0.11,0.0,0.07,,"AWS, Docker, Git, Machine Learning, NLP, NumPy, Pandas, Python, SQL, Scikit-learn","Candidate CAND_1983 shows weak overall alignment (0.11% text similarity, 0.0% skill match). Missing critical requirements: [AWS, Docker, Git, Machine Learning, NLP, NumPy, Pandas, Python, SQL, Scikit-learn]."
2097,CAND_664,BUSINESS-DEVELOPMENT,0.12,0.0,0.07,,"AWS, Docker, Git, Machine Learning, NLP, NumPy, Pandas, Python, SQL, Scikit-learn","Candidate CAND_664 shows weak overall alignment (0.12% text similarity, 0.0% skill match). Missing critical requirements: [AWS, Docker, Git, Machine Learning, NLP, NumPy, Pandas, Python, SQL, Scikit-learn]."
2098,CAND_1572,FINANCE,0.11,0.0,0.07,,"AWS, Docker, Git, Machine Learning, NLP, NumPy, Pandas, Python, SQL, Scikit-learn","Candidate CAND_1572 shows weak overall alignment (0.11% text similarity, 0.0% skill match). Missing critical requirements: [AWS, Docker, Git, Machine Learning, NLP, NumPy, Pandas, Python, SQL, Scikit-learn]."
2099,CAND_837,FITNESS,0.11,0.0,0.07,,"AWS, Docker, Git, Machine Learning, NLP, NumPy, Pandas, Python, SQL, Scikit-learn","Candidate CAND_837 shows weak overall alignment (0.11% text similarity, 0.0% skill match). Missing critical requirements: [AWS, Docker, Git, Machine Learning, NLP, NumPy, Pandas, Python, SQL, Scikit-learn]."
2100,CAND_1812,ACCOUNTANT,0.12,0.0,0.07,,"AWS, Docker, Git, Machine Learning, NLP, NumPy, Pandas, Python, SQL, Scikit-learn","Candidate CAND_1812 shows weak overall alignment (0.12% text similarity, 0.0% skill match). Missing critical requirements: [AWS, Docker, Git, Machine Learning, NLP, NumPy, Pandas, Python, SQL, Scikit-learn]."
2101,CAND_1889,ACCOUNTANT,0.12,0.0,0.07,,"AWS, Docker, Git, Machine Learning, NLP, NumPy, Pandas, Python, SQL, Scikit-learn","Candidate CAND_1889 shows weak overall alignment (0.12% text similarity, 0.0% skill match). Missing critical requirements: [AWS, Docker, Git, Machine Learning, NLP, NumPy, Pandas, Python, SQL, Scikit-learn]."
2102,CAND_1569,FINANCE,0.12,0.0,0.07,,"AWS, Docker, Git, Machine Learning, NLP, NumPy, Pandas, Python, SQL, Scikit-learn","Candidate CAND_1569 shows weak overall alignment (0.12% text similarity, 0.0% skill match). Missing critical requirements: [AWS, Docker, Git, Machine Learning, NLP, NumPy, Pandas, Python, SQL, Scikit-learn]."
2103,CAND_712,HEALTHCARE,0.12,0.0,0.07,,"AWS, Docker, Git, Machine Learning, NLP, NumPy, Pandas, Python, SQL, Scikit-learn","Candidate CAND_712 shows weak overall alignment (0.12% text similarity, 0.0% skill match). Missing critical requirements: [AWS, Docker, Git, Machine Learning, NLP, NumPy, Pandas, Python, SQL, Scikit-learn]."
2104,CAND_731,HEALTHCARE,0.12,0.0,0.07,,"AWS, Docker, Git, Machine Learning, NLP, NumPy, Pandas, Python, SQL, Scikit-learn","Candidate CAND_731 shows weak overall alignment (0.12% text similarity, 0.0% skill match). Missing critical requirements: [AWS, Docker, Git, Machine Learning, NLP, NumPy, Pandas, Python, SQL, Scikit-learn]."
2105,CAND_821,FITNESS,0.12,0.0,0.07,,"AWS, Docker, Git, Machine Learning, NLP, NumPy, Pandas, Python, SQL, Scikit-learn","Candidate CAND_821 shows weak overall alignment (0.12% text similarity, 0.0% skill match). Missing critical requirements: [AWS, Docker, Git, Machine Learning, NLP, NumPy, Pandas, Python, SQL, Scikit-learn]."
2106,CAND_683,HEALTHCARE,0.12,0.0,0.07,,"AWS, Docker, Git, Machine Learning, NLP, NumPy, Pandas, Python, SQL, Scikit-learn","Candidate CAND_683 shows weak overall alignment (0.12% text similarity, 0.0% skill match). Missing critical requirements: [AWS, Docker, Git, Machine Learning, NLP, NumPy, Pandas, Python, SQL, Scikit-learn]."
2107,CAND_1808,ACCOUNTANT,0.11,0.0,0.07,,"AWS, Docker, Git, Machine Learning, NLP, NumPy, Pandas, Python, SQL, Scikit-learn","Candidate CAND_1808 shows weak overall alignment (0.11% text similarity, 0.0% skill match). Missing critical requirements: [AWS, Docker, Git, Machine Learning, NLP, NumPy, Pandas, Python, SQL, Scikit-learn]."
2108,CAND_685,HEALTHCARE,0.11,0.0,0.07,,"AWS, Docker, Git, Machine Learning, NLP, NumPy, Pandas, Python, SQL, Scikit-learn","Candidate CAND_685 shows weak overall alignment (0.11% text similarity, 0.0% skill match). Missing critical requirements: [AWS, Docker, Git, Machine Learning, NLP, NumPy, Pandas, Python, SQL, Scikit-learn]."
2109,CAND_1423,CHEF,0.1,0.0,0.06,,"AWS, Docker, Git, Machine Learning, NLP, NumPy, Pandas, Python, SQL, Scikit-learn","Candidate CAND_1423 shows weak overall alignment (0.1% text similarity, 0.0% skill match). Missing critical requirements: [AWS, Docker, Git, Machine Learning, NLP, NumPy, Pandas, Python, SQL, Scikit-learn]."
2110,CAND_543,ADVOCATE,0.1,0.0,0.06,,"AWS, Docker, Git, Machine Learning, NLP, NumPy, Pandas, Python, SQL, Scikit-learn","Candidate CAND_543 shows weak overall alignment (0.1% text similarity, 0.0% skill match). Missing critical requirements: [AWS, Docker, Git, Machine Learning, NLP, NumPy, Pandas, Python, SQL, Scikit-learn]."
2111,CAND_1035,SALES,0.1,0.0,0.06,,"AWS, Docker, Git, Machine Learning, NLP, NumPy, Pandas, Python, SQL, Scikit-learn","Candidate CAND_1035 shows weak overall alignment (0.1% text similarity, 0.0% skill match). Missing critical requirements: [AWS, Docker, Git, Machine Learning, NLP, NumPy, Pandas, Python, SQL, Scikit-learn]."
2112,CAND_1493,FINANCE,0.1,0.0,0.06,,"AWS, Docker, Git, Machine Learning, NLP, NumPy, Pandas, Python, SQL, Scikit-learn","Candidate CAND_1493 shows weak overall alignment (0.1% text similarity, 0.0% skill match). Missing critical requirements: [AWS, Docker, Git, Machine Learning, NLP, NumPy, Pandas, Python, SQL, Scikit-learn]."
2113,CAND_452,ADVOCATE,0.1,0.0,0.06,,"AWS, Docker, Git, Machine Learning, NLP, NumPy, Pandas, Python, SQL, Scikit-learn","Candidate CAND_452 shows weak overall alignment (0.1% text similarity, 0.0% skill match). Missing critical requirements: [AWS, Docker, Git, Machine Learning, NLP, NumPy, Pandas, Python, SQL, Scikit-learn]."
2114,CAND_2459,AVIATION,0.1,0.0,0.06,,"AWS, Docker, Git, Machine Learning, NLP, NumPy, Pandas, Python, SQL, Scikit-learn","Candidate CAND_2459 shows weak overall alignment (0.1% text similarity, 0.0% skill match). Missing critical requirements: [AWS, Docker, Git, Machine Learning, NLP, NumPy, Pandas, Python, SQL, Scikit-learn]."
2115,CAND_1160,CONSULTANT,0.1,0.0,0.06,,"AWS, Docker, Git, Machine Learning, NLP, NumPy, Pandas, Python, SQL, Scikit-learn","Candidate CAND_1160 shows weak overall alignment (0.1% text similarity, 0.0% skill match). Missing critical requirements: [AWS, Docker, Git, Machine Learning, NLP, NumPy, Pandas, Python, SQL, Scikit-learn]."
2116,CAND_1481,FINANCE,0.1,0.0,0.06,,"AWS, Docker, Git, Machine Learning, NLP, NumPy, Pandas, Python, SQL, Scikit-learn","Candidate CAND_1481 shows weak overall alignment (0.1% text similarity, 0.0% skill match). Missing critical requirements: [AWS, Docker, Git, Machine Learning, NLP, NumPy, Pandas, Python, SQL, Scikit-learn]."
2117,CAND_1314,DIGITAL-MEDIA,0.1,0.0,0.06,,"AWS, Docker, Git, Machine Learning, NLP, NumPy, Pandas, Python, SQL, Scikit-learn","Candidate CAND_1314 shows weak overall alignment (0.1% text similarity, 0.0% skill match). Missing critical requirements: [AWS, Docker, Git, Machine Learning, NLP, NumPy, Pandas, Python, SQL, Scikit-learn]."
2118,CAND_1286,DIGITAL-MEDIA,0.1,0.0,0.06,,"AWS, Docker, Git, Machine Learning, NLP, NumPy, Pandas, Python, SQL, Scikit-learn","Candidate CAND_1286 shows weak overall alignment (0.1% text similarity, 0.0% skill match). Missing critical requirements: [AWS, Docker, Git, Machine Learning, NLP, NumPy, Pandas, Python, SQL, Scikit-learn]."
2119,CAND_2170,BANKING,0.1,0.0,0.06,,"AWS, Docker, Git, Machine Learning, NLP, NumPy, Pandas, Python, SQL, Scikit-learn","Candidate CAND_2170 shows weak overall alignment (0.1% text similarity, 0.0% skill match). Missing critical requirements: [AWS, Docker, Git, Machine Learning, NLP, NumPy, Pandas, Python, SQL, Scikit-learn]."
2120,CAND_1475,CHEF,0.1,0.0,0.06,,"AWS, Docker, Git, Machine Learning, NLP, NumPy, Pandas, Python, SQL, Scikit-learn","Candidate CAND_1475 shows weak overall alignment (0.1% text similarity, 0.0% skill match). Missing critical requirements: [AWS, Docker, Git, Machine Learning, NLP, NumPy, Pandas, Python, SQL, Scikit-learn]."
2121,CAND_746,HEALTHCARE,0.1,0.0,0.06,,"AWS, Docker, Git, Machine Learning, NLP, NumPy, Pandas, Python, SQL, Scikit-learn","Candidate CAND_746 shows weak overall alignment (0.1% text similarity, 0.0% skill match). Missing critical requirements: [AWS, Docker, Git, Machine Learning, NLP, NumPy, Pandas, Python, SQL, Scikit-learn]."
2122,CAND_048,HR,0.1,0.0,0.06,,"AWS, Docker, Git, Machine Learning, NLP, NumPy, Pandas, Python, SQL, Scikit-learn","Candidate CAND_048 shows weak overall alignment (0.1% text similarity, 0.0% skill match). Missing critical requirements: [AWS, Docker, Git, Machine Learning, NLP, NumPy, Pandas, Python, SQL, Scikit-learn]."
2123,CAND_983,BPO,0.1,0.0,0.06,,"AWS, Docker, Git, Machine Learning, NLP, NumPy, Pandas, Python, SQL, Scikit-learn","Candidate CAND_983 shows weak overall alignment (0.1% text similarity, 0.0% skill match). Missing critical requirements: [AWS, Docker, Git, Machine Learning, NLP, NumPy, Pandas, Python, SQL, Scikit-learn]."
2124,CAND_1444,CHEF,0.1,0.0,0.06,,"AWS, Docker, Git, Machine Learning, NLP, NumPy, Pandas, Python, SQL, Scikit-learn","Candidate CAND_1444 shows weak overall alignment (0.1% text similarity, 0.0% skill match). Missing critical requirements: [AWS, Docker, Git, Machine Learning, NLP, NumPy, Pandas, Python, SQL, Scikit-learn]."
2125,CAND_1466,CHEF,0.1,0.0,0.06,,"AWS, Docker, Git, Machine Learning, NLP, NumPy, Pandas, Python, SQL, Scikit-learn","Candidate CAND_1466 shows weak overall alignment (0.1% text similarity, 0.0% skill match). Missing critical requirements: [AWS, Docker, Git, Machine Learning, NLP, NumPy, Pandas, Python, SQL, Scikit-learn]."
2126,CAND_992,BPO,0.1,0.0,0.06,,"AWS, Docker, Git, Machine Learning, NLP, NumPy, Pandas, Python, SQL, Scikit-learn","Candidate CAND_992 shows weak overall alignment (0.1% text similarity, 0.0% skill match). Missing critical requirements: [AWS, Docker, Git, Machine Learning, NLP, NumPy, Pandas, Python, SQL, Scikit-learn]."
2127,CAND_897,FITNESS,0.1,0.0,0.06,,"AWS, Docker, Git, Machine Learning, NLP, NumPy, Pandas, Python, SQL, Scikit-learn","Candidate CAND_897 shows weak overall alignment (0.1% text similarity, 0.0% skill match). Missing critical requirements: [AWS, Docker, Git, Machine Learning, NLP, NumPy, Pandas, Python, SQL, Scikit-learn]."
2128,CAND_1313,DIGITAL-MEDIA,0.1,0.0,0.06,,"AWS, Docker, Git, Machine Learning, NLP, NumPy, Pandas, Python, SQL, Scikit-learn","Candidate CAND_1313 shows weak overall alignment (0.1% text similarity, 0.0% skill match). Missing critical requirements: [AWS, Docker, Git, Machine Learning, NLP, NumPy, Pandas, Python, SQL, Scikit-learn]."
2129,CAND_2147,PUBLIC-RELATIONS,0.1,0.0,0.06,,"AWS, Docker, Git, Machine Learning, NLP, NumPy, Pandas, Python, SQL, Scikit-learn","Candidate CAND_2147 shows weak overall alignment (0.1% text similarity, 0.0% skill match). Missing critical requirements: [AWS, Docker, Git, Machine Learning, NLP, NumPy, Pandas, Python, SQL, Scikit-learn]."
2130,CAND_203,DESIGNER,0.1,0.0,0.06,,"AWS, Docker, Git, Machine Learning, NLP, NumPy, Pandas, Python, SQL, Scikit-learn","Candidate CAND_203 shows weak overall alignment (0.1% text similarity, 0.0% skill match). Missing critical requirements: [AWS, Docker, Git, Machine Learning, NLP, NumPy, Pandas, Python, SQL, Scikit-learn]."
2131,CAND_652,BUSINESS-DEVELOPMENT,0.1,0.0,0.06,,"AWS, Docker, Git, Machine Learning, NLP, NumPy, Pandas, Python, SQL, Scikit-learn","Candidate CAND_652 shows weak overall alignment (0.1% text similarity, 0.0% skill match). Missing critical requirements: [AWS, Docker, Git, Machine Learning, NLP, NumPy, Pandas, Python, SQL, Scikit-learn]."
2132,CAND_1585,FINANCE,0.1,0.0,0.06,,"AWS, Docker, Git, Machine Learning, NLP, NumPy, Pandas, Python, SQL, Scikit-learn","Candidate CAND_1585 shows weak overall alignment (0.1% text similarity, 0.0% skill match). Missing critical requirements: [AWS, Docker, Git, Machine Learning, NLP, NumPy, Pandas, Python, SQL, Scikit-learn]."
2133,CAND_793,FITNESS,0.1,0.0,0.06,,"AWS, Docker, Git, Machine Learning, NLP, NumPy, Pandas, Python, SQL, Scikit-learn","Candidate CAND_793 shows weak overall alignment (0.1% text similarity, 0.0% skill match). Missing critical requirements: [AWS, Docker, Git, Machine Learning, NLP, NumPy, Pandas, Python, SQL, Scikit-learn]."
2134,CAND_1815,ACCOUNTANT,0.1,0.0,0.06,,"AWS, Docker, Git, Machine Learning, NLP, NumPy, Pandas, Python, SQL, Scikit-learn","Candidate CAND_1815 shows weak overall alignment (0.1% text similarity, 0.0% skill match). Missing critical requirements: [AWS, Docker, Git, Machine Learning, NLP, NumPy, Pandas, Python, SQL, Scikit-learn]."
2135,CAND_112,DESIGNER,0.1,0.0,0.06,,"AWS, Docker, Git, Machine Learning, NLP, NumPy, Pandas, Python, SQL, Scikit-learn","Candidate CAND_112 shows weak overall alignment (0.1% text similarity, 0.0% skill match). Missing critical requirements: [AWS, Docker, Git, Machine Learning, NLP, NumPy, Pandas, Python, SQL, Scikit-learn]."
2136,CAND_642,BUSINESS-DEVELOPMENT,0.1,0.0,0.06,,"AWS, Docker, Git, Machine Learning, NLP, NumPy, Pandas, Python, SQL, Scikit-learn","Candidate CAND_642 shows weak overall alignment (0.1% text similarity, 0.0% skill match). Missing critical requirements: [AWS, Docker, Git, Machine Learning, NLP, NumPy, Pandas, Python, SQL, Scikit-learn]."
2137,CAND_1045,SALES,0.1,0.0,0.06,,"AWS, Docker, Git, Machine Learning, NLP, NumPy, Pandas, Python, SQL, Scikit-learn","Candidate CAND_1045 shows weak overall alignment (0.1% text similarity, 0.0% skill match). Missing critical requirements: [AWS, Docker, Git, Machine Learning, NLP, NumPy, Pandas, Python, SQL, Scikit-learn]."
2138,CAND_493,ADVOCATE,0.1,0.0,0.06,,"AWS, Docker, Git, Machine Learning, NLP, NumPy, Pandas, Python, SQL, Scikit-learn","Candidate CAND_493 shows weak overall alignment (0.1% text similarity, 0.0% skill match). Missing critical requirements: [AWS, Docker, Git, Machine Learning, NLP, NumPy, Pandas, Python, SQL, Scikit-learn]."
2139,CAND_1874,ACCOUNTANT,0.1,0.0,0.06,,"AWS, Docker, Git, Machine Learning, NLP, NumPy, Pandas, Python, SQL, Scikit-learn","Candidate CAND_1874 shows weak overall alignment (0.1% text similarity, 0.0% skill match). Missing critical requirements: [AWS, Docker, Git, Machine Learning, NLP, NumPy, Pandas, Python, SQL, Scikit-learn]."
2140,CAND_1051,SALES,0.1,0.0,0.06,,"AWS, Docker, Git, Machine Learning, NLP, NumPy, Pandas, Python, SQL, Scikit-learn","Candidate CAND_1051 shows weak overall alignment (0.1% text similarity, 0.0% skill match). Missing critical requirements: [AWS, Docker, Git, Machine Learning, NLP, NumPy, Pandas, Python, SQL, Scikit-learn]."
2141,CAND_1086,SALES,0.09,0.0,0.05,,"AWS, Docker, Git, Machine Learning, NLP, NumPy, Pandas, Python, SQL, Scikit-learn","Candidate CAND_1086 shows weak overall alignment (0.09% text similarity, 0.0% skill match). Missing critical requirements: [AWS, Docker, Git, Machine Learning, NLP, NumPy, Pandas, Python, SQL, Scikit-learn]."
2142,CAND_650,BUSINESS-DEVELOPMENT,0.09,0.0,0.05,,"AWS, Docker, Git, Machine Learning, NLP, NumPy, Pandas, Python, SQL, Scikit-learn","Candidate CAND_650 shows weak overall alignment (0.09% text similarity, 0.0% skill match). Missing critical requirements: [AWS, Docker, Git, Machine Learning, NLP, NumPy, Pandas, Python, SQL, Scikit-learn]."
2143,CAND_1439,CHEF,0.08,0.0,0.05,,"AWS, Docker, Git, Machine Learning, NLP, NumPy, Pandas, Python, SQL, Scikit-learn","Candidate CAND_1439 shows weak overall alignment (0.08% text similarity, 0.0% skill match). Missing critical requirements: [AWS, Docker, Git, Machine Learning, NLP, NumPy, Pandas, Python, SQL, Scikit-learn]."
2144,CAND_603,BUSINESS-DEVELOPMENT,0.09,0.0,0.05,,"AWS, Docker, Git, Machine Learning, NLP, NumPy, Pandas, Python, SQL, Scikit-learn","Candidate CAND_603 shows weak overall alignment (0.09% text similarity, 0.0% skill match). Missing critical requirements: [AWS, Docker, Git, Machine Learning, NLP, NumPy, Pandas, Python, SQL, Scikit-learn]."
2145,CAND_1388,CHEF,0.08,0.0,0.05,,"AWS, Docker, Git, Machine Learning, NLP, NumPy, Pandas, Python, SQL, Scikit-learn","Candidate CAND_1388 shows weak overall alignment (0.08% text similarity, 0.0% skill match). Missing critical requirements: [AWS, Docker, Git, Machine Learning, NLP, NumPy, Pandas, Python, SQL, Scikit-learn]."
2146,CAND_060,HR,0.08,0.0,0.05,,"AWS, Docker, Git, Machine Learning, NLP, NumPy, Pandas, Python, SQL, Scikit-learn","Candidate CAND_060 shows weak overall alignment (0.08% text similarity, 0.0% skill match). Missing critical requirements: [AWS, Docker, Git, Machine Learning, NLP, NumPy, Pandas, Python, SQL, Scikit-learn]."
2147,CAND_761,HEALTHCARE,0.08,0.0,0.05,,"AWS, Docker, Git, Machine Learning, NLP, NumPy, Pandas, Python, SQL, Scikit-learn","Candidate CAND_761 shows weak overall alignment (0.08% text similarity, 0.0% skill match). Missing critical requirements: [AWS, Docker, Git, Machine Learning, NLP, NumPy, Pandas, Python, SQL, Scikit-learn]."
2148,CAND_065,HR,0.08,0.0,0.05,,"AWS, Docker, Git, Machine Learning, NLP, NumPy, Pandas, Python, SQL, Scikit-learn","Candidate CAND_065 shows weak overall alignment (0.08% text similarity, 0.0% skill match). Missing critical requirements: [AWS, Docker, Git, Machine Learning, NLP, NumPy, Pandas, Python, SQL, Scikit-learn]."
2149,CAND_2351,ARTS,0.08,0.0,0.05,,"AWS, Docker, Git, Machine Learning, NLP, NumPy, Pandas, Python, SQL, Scikit-learn","Candidate CAND_2351 shows weak overall alignment (0.08% text similarity, 0.0% skill match). Missing critical requirements: [AWS, Docker, Git, Machine Learning, NLP, NumPy, Pandas, Python, SQL, Scikit-learn]."
2150,CAND_1081,SALES,0.08,0.0,0.05,,"AWS, Docker, Git, Machine Learning, NLP, NumPy, Pandas, Python, SQL, Scikit-learn","Candidate CAND_1081 shows weak overall alignment (0.08% text similarity, 0.0% skill match). Missing critical requirements: [AWS, Docker, Git, Machine Learning, NLP, NumPy, Pandas, Python, SQL, Scikit-learn]."
2151,CAND_1097,SALES,0.08,0.0,0.05,,"AWS, Docker, Git, Machine Learning, NLP, NumPy, Pandas, Python, SQL, Scikit-learn","Candidate CAND_1097 shows weak overall alignment (0.08% text similarity, 0.0% skill match). Missing critical requirements: [AWS, Docker, Git, Machine Learning, NLP, NumPy, Pandas, Python, SQL, Scikit-learn]."
2152,CAND_1141,CONSULTANT,0.09,0.0,0.05,,"AWS, Docker, Git, Machine Learning, NLP, NumPy, Pandas, Python, SQL, Scikit-learn","Candidate CAND_1141 shows weak overall alignment (0.09% text similarity, 0.0% skill match). Missing critical requirements: [AWS, Docker, Git, Machine Learning, NLP, NumPy, Pandas, Python, SQL, Scikit-learn]."
2153,CAND_1850,ACCOUNTANT,0.08,0.0,0.05,,"AWS, Docker, Git, Machine Learning, NLP, NumPy, Pandas, Python, SQL, Scikit-learn","Candidate CAND_1850 shows weak overall alignment (0.08% text similarity, 0.0% skill match). Missing critical requirements: [AWS, Docker, Git, Machine Learning, NLP, NumPy, Pandas, Python, SQL, Scikit-learn]."
2154,CAND_2292,ARTS,0.08,0.0,0.05,,"AWS, Docker, Git, Machine Learning, NLP, NumPy, Pandas, Python, SQL, Scikit-learn","Candidate CAND_2292 shows weak overall alignment (0.08% text similarity, 0.0% skill match). Missing critical requirements: [AWS, Docker, Git, Machine Learning, NLP, NumPy, Pandas, Python, SQL, Scikit-learn]."
2155,CAND_607,BUSINESS-DEVELOPMENT,0.08,0.0,0.05,,"AWS, Docker, Git, Machine Learning, NLP, NumPy, Pandas, Python, SQL, Scikit-learn","Candidate CAND_607 shows weak overall alignment (0.08% text similarity, 0.0% skill match). Missing critical requirements: [AWS, Docker, Git, Machine Learning, NLP, NumPy, Pandas, Python, SQL, Scikit-learn]."
2156,CAND_1848,ACCOUNTANT,0.09,0.0,0.05,,"AWS, Docker, Git, Machine Learning, NLP, NumPy, Pandas, Python, SQL, Scikit-learn","Candidate CAND_1848 shows weak overall alignment (0.09% text similarity, 0.0% skill match). Missing critical requirements: [AWS, Docker, Git, Machine Learning, NLP, NumPy, Pandas, Python, SQL, Scikit-learn]."
2157,CAND_1875,ACCOUNTANT,0.09,0.0,0.05,,"AWS, Docker, Git, Machine Learning, NLP, NumPy, Pandas, Python, SQL, Scikit-learn","Candidate CAND_1875 shows weak overall alignment (0.09% text similarity, 0.0% skill match). Missing critical requirements: [AWS, Docker, Git, Machine Learning, NLP, NumPy, Pandas, Python, SQL, Scikit-learn]."
2158,CAND_853,FITNESS,0.09,0.0,0.05,,"AWS, Docker, Git, Machine Learning, NLP, NumPy, Pandas, Python, SQL, Scikit-learn","Candidate CAND_853 shows weak overall alignment (0.09% text similarity, 0.0% skill match). Missing critical requirements: [AWS, Docker, Git, Machine Learning, NLP, NumPy, Pandas, Python, SQL, Scikit-learn]."
2159,CAND_2400,AVIATION,0.08,0.0,0.05,,"AWS, Docker, Git, Machine Learning, NLP, NumPy, Pandas, Python, SQL, Scikit-learn","Candidate CAND_2400 shows weak overall alignment (0.08% text similarity, 0.0% skill match). Missing critical requirements: [AWS, Docker, Git, Machine Learning, NLP, NumPy, Pandas, Python, SQL, Scikit-learn]."
2160,CAND_1145,CONSULTANT,0.09,0.0,0.05,,"AWS, Docker, Git, Machine Learning, NLP, NumPy, Pandas, Python, SQL, Scikit-learn","Candidate CAND_1145 shows weak overall alignment (0.09% text similarity, 0.0% skill match). Missing critical requirements: [AWS, Docker, Git, Machine Learning, NLP, NumPy, Pandas, Python, SQL, Scikit-learn]."
2161,CAND_1018,SALES,0.09,0.0,0.05,,"AWS, Docker, Git, Machine Learning, NLP, NumPy, Pandas, Python, SQL, Scikit-learn","Candidate CAND_1018 shows weak overall alignment (0.09% text similarity, 0.0% skill match). Missing critical requirements: [AWS, Docker, Git, Machine Learning, NLP, NumPy, Pandas, Python, SQL, Scikit-learn]."
2162,CAND_1644,APPAREL,0.08,0.0,0.05,,"AWS, Docker, Git, Machine Learning, NLP, NumPy, Pandas, Python, SQL, Scikit-learn","Candidate CAND_1644 shows weak overall alignment (0.08% text similarity, 0.0% skill match). Missing critical requirements: [AWS, Docker, Git, Machine Learning, NLP, NumPy, Pandas, Python, SQL, Scikit-learn]."
2163,CAND_1642,APPAREL,0.09,0.0,0.05,,"AWS, Docker, Git, Machine Learning, NLP, NumPy, Pandas, Python, SQL, Scikit-learn","Candidate CAND_1642 shows weak overall alignment (0.09% text similarity, 0.0% skill match). Missing critical requirements: [AWS, Docker, Git, Machine Learning, NLP, NumPy, Pandas, Python, SQL, Scikit-learn]."
2164,CAND_2410,AVIATION,0.08,0.0,0.05,,"AWS, Docker, Git, Machine Learning, NLP, NumPy, Pandas, Python, SQL, Scikit-learn","Candidate CAND_2410 shows weak overall alignment (0.08% text similarity, 0.0% skill match). Missing critical requirements: [AWS, Docker, Git, Machine Learning, NLP, NumPy, Pandas, Python, SQL, Scikit-learn]."
2165,CAND_1870,ACCOUNTANT,0.08,0.0,0.05,,"AWS, Docker, Git, Machine Learning, NLP, NumPy, Pandas, Python, SQL, Scikit-learn","Candidate CAND_1870 shows weak overall alignment (0.08% text similarity, 0.0% skill match). Missing critical requirements: [AWS, Docker, Git, Machine Learning, NLP, NumPy, Pandas, Python, SQL, Scikit-learn]."
2166,CAND_1288,DIGITAL-MEDIA,0.08,0.0,0.05,,"AWS, Docker, Git, Machine Learning, NLP, NumPy, Pandas, Python, SQL, Scikit-learn","Candidate CAND_1288 shows weak overall alignment (0.08% text similarity, 0.0% skill match). Missing critical requirements: [AWS, Docker, Git, Machine Learning, NLP, NumPy, Pandas, Python, SQL, Scikit-learn]."
2167,CAND_787,HEALTHCARE,0.08,0.0,0.05,,"AWS, Docker, Git, Machine Learning, NLP, NumPy, Pandas, Python, SQL, Scikit-learn","Candidate CAND_787 shows weak overall alignment (0.08% text similarity, 0.0% skill match). Missing critical requirements: [AWS, Docker, Git, Machine Learning, NLP, NumPy, Pandas, Python, SQL, Scikit-learn]."
2168,CAND_2246,BANKING,0.08,0.0,0.05,,"AWS, Docker, Git, Machine Learning, NLP, NumPy, Pandas, Python, SQL, Scikit-learn","Candidate CAND_2246 shows weak overall alignment (0.08% text similarity, 0.0% skill match). Missing critical requirements: [AWS, Docker, Git, Machine Learning, NLP, NumPy, Pandas, Python, SQL, Scikit-learn]."
2169,CAND_051,HR,0.09,0.0,0.05,,"AWS, Docker, Git, Machine Learning, NLP, NumPy, Pandas, Python, SQL, Scikit-learn","Candidate CAND_051 shows weak overall alignment (0.09% text similarity, 0.0% skill match). Missing critical requirements: [AWS, Docker, Git, Machine Learning, NLP, NumPy, Pandas, Python, SQL, Scikit-learn]."
2170,CAND_2365,ARTS,0.08,0.0,0.05,,"AWS, Docker, Git, Machine Learning, NLP, NumPy, Pandas, Python, SQL, Scikit-learn","Candidate CAND_2365 shows weak overall alignment (0.08% text similarity, 0.0% skill match). Missing critical requirements: [AWS, Docker, Git, Machine Learning, NLP, NumPy, Pandas, Python, SQL, Scikit-learn]."
2171,CAND_844,FITNESS,0.09,0.0,0.05,,"AWS, Docker, Git, Machine Learning, NLP, NumPy, Pandas, Python, SQL, Scikit-learn","Candidate CAND_844 shows weak overall alignment (0.09% text similarity, 0.0% skill match). Missing critical requirements: [AWS, Docker, Git, Machine Learning, NLP, NumPy, Pandas, Python, SQL, Scikit-learn]."
2172,CAND_768,HEALTHCARE,0.08,0.0,0.05,,"AWS, Docker, Git, Machine Learning, NLP, NumPy, Pandas, Python, SQL, Scikit-learn","Candidate CAND_768 shows weak overall alignment (0.08% text similarity, 0.0% skill match). Missing critical requirements: [AWS, Docker, Git, Machine Learning, NLP, NumPy, Pandas, Python, SQL, Scikit-learn]."
2173,CAND_090,HR,0.09,0.0,0.05,,"AWS, Docker, Git, Machine Learning, NLP, NumPy, Pandas, Python, SQL, Scikit-learn","Candidate CAND_090 shows weak overall alignment (0.09% text similarity, 0.0% skill match). Missing critical requirements: [AWS, Docker, Git, Machine Learning, NLP, NumPy, Pandas, Python, SQL, Scikit-learn]."
2174,CAND_269,INFORMATION-TECHNOLOGY,0.08,0.0,0.05,,"AWS, Docker, Git, Machine Learning, NLP, NumPy, Pandas, Python, SQL, Scikit-learn","Candidate CAND_269 shows weak overall alignment (0.08% text similarity, 0.0% skill match). Missing critical requirements: [AWS, Docker, Git, Machine Learning, NLP, NumPy, Pandas, Python, SQL, Scikit-learn]."
2175,CAND_1860,ACCOUNTANT,0.09,0.0,0.05,,"AWS, Docker, Git, Machine Learning, NLP, NumPy, Pandas, Python, SQL, Scikit-learn","Candidate CAND_1860 shows weak overall alignment (0.09% text similarity, 0.0% skill match). Missing critical requirements: [AWS, Docker, Git, Machine Learning, NLP, NumPy, Pandas, Python, SQL, Scikit-learn]."
2176,CAND_1674,APPAREL,0.09,0.0,0.05,,"AWS, Docker, Git, Machine Learning, NLP, NumPy, Pandas, Python, SQL, Scikit-learn","Candidate CAND_1674 shows weak overall alignment (0.09% text similarity, 0.0% skill match). Missing critical requirements: [AWS, Docker, Git, Machine Learning, NLP, NumPy, Pandas, Python, SQL, Scikit-learn]."
2177,CAND_839,FITNESS,0.08,0.0,0.05,,"AWS, Docker, Git, Machine Learning, NLP, NumPy, Pandas, Python, SQL, Scikit-learn","Candidate CAND_839 shows weak overall alignment (0.08% text similarity, 0.0% skill match). Missing critical requirements: [AWS, Docker, Git, Machine Learning, NLP, NumPy, Pandas, Python, SQL, Scikit-learn]."
2178,CAND_772,HEALTHCARE,0.08,0.0,0.05,,"AWS, Docker, Git, Machine Learning, NLP, NumPy, Pandas, Python, SQL, Scikit-learn","Candidate CAND_772 shows weak overall alignment (0.08% text similarity, 0.0% skill match). Missing critical requirements: [AWS, Docker, Git, Machine Learning, NLP, NumPy, Pandas, Python, SQL, Scikit-learn]."
2179,CAND_1122,CONSULTANT,0.08,0.0,0.05,,"AWS, Docker, Git, Machine Learning, NLP, NumPy, Pandas, Python, SQL, Scikit-learn","Candidate CAND_1122 shows weak overall alignment (0.08% text similarity, 0.0% skill match). Missing critical requirements: [AWS, Docker, Git, Machine Learning, NLP, NumPy, Pandas, Python, SQL, Scikit-learn]."
2180,CAND_2335,ARTS,0.08,0.0,0.05,,"AWS, Docker, Git, Machine Learning, NLP, NumPy, Pandas, Python, SQL, Scikit-learn","Candidate CAND_2335 shows weak overall alignment (0.08% text similarity, 0.0% skill match). Missing critical requirements: [AWS, Docker, Git, Machine Learning, NLP, NumPy, Pandas, Python, SQL, Scikit-learn]."
2181,CAND_2290,ARTS,0.09,0.0,0.05,,"AWS, Docker, Git, Machine Learning, NLP, NumPy, Pandas, Python, SQL, Scikit-learn","Candidate CAND_2290 shows weak overall alignment (0.09% text similarity, 0.0% skill match). Missing critical requirements: [AWS, Docker, Git, Machine Learning, NLP, NumPy, Pandas, Python, SQL, Scikit-learn]."
2182,CAND_235,INFORMATION-TECHNOLOGY,0.09,0.0,0.05,,"AWS, Docker, Git, Machine Learning, NLP, NumPy, Pandas, Python, SQL, Scikit-learn","Candidate CAND_235 shows weak overall alignment (0.09% text similarity, 0.0% skill match). Missing critical requirements: [AWS, Docker, Git, Machine Learning, NLP, NumPy, Pandas, Python, SQL, Scikit-learn]."
2183,CAND_2263,BANKING,0.08,0.0,0.05,,"AWS, Docker, Git, Machine Learning, NLP, NumPy, Pandas, Python, SQL, Scikit-learn","Candidate CAND_2263 shows weak overall alignment (0.08% text similarity, 0.0% skill match). Missing critical requirements: [AWS, Docker, Git, Machine Learning, NLP, NumPy, Pandas, Python, SQL, Scikit-learn]."
2184,CAND_185,DESIGNER,0.09,0.0,0.05,,"AWS, Docker, Git, Machine Learning, NLP, NumPy, Pandas, Python, SQL, Scikit-learn","Candidate CAND_185 shows weak overall alignment (0.09% text similarity, 0.0% skill match). Missing critical requirements: [AWS, Docker, Git, Machine Learning, NLP, NumPy, Pandas, Python, SQL, Scikit-learn]."
2185,CAND_773,HEALTHCARE,0.09,0.0,0.05,,"AWS, Docker, Git, Machine Learning, NLP, NumPy, Pandas, Python, SQL, Scikit-learn","Candidate CAND_773 shows weak overall alignment (0.09% text similarity, 0.0% skill match). Missing critical requirements: [AWS, Docker, Git, Machine Learning, NLP, NumPy, Pandas, Python, SQL, Scikit-learn]."
2186,CAND_1668,APPAREL,0.08,0.0,0.05,,"AWS, Docker, Git, Machine Learning, NLP, NumPy, Pandas, Python, SQL, Scikit-learn","Candidate CAND_1668 shows weak overall alignment (0.08% text similarity, 0.0% skill match). Missing critical requirements: [AWS, Docker, Git, Machine Learning, NLP, NumPy, Pandas, Python, SQL, Scikit-learn]."
2187,CAND_1922,ACCOUNTANT,0.08,0.0,0.05,,"AWS, Docker, Git, Machine Learning, NLP, NumPy, Pandas, Python, SQL, Scikit-learn","Candidate CAND_1922 shows weak overall alignment (0.08% text similarity, 0.0% skill match). Missing critical requirements: [AWS, Docker, Git, Machine Learning, NLP, NumPy, Pandas, Python, SQL, Scikit-learn]."
2188,CAND_2330,ARTS,0.09,0.0,0.05,,"AWS, Docker, Git, Machine Learning, NLP, NumPy, Pandas, Python, SQL, Scikit-learn","Candidate CAND_2330 shows weak overall alignment (0.09% text similarity, 0.0% skill match). Missing critical requirements: [AWS, Docker, Git, Machine Learning, NLP, NumPy, Pandas, Python, SQL, Scikit-learn]."
2189,CAND_1124,CONSULTANT,0.09,0.0,0.05,,"AWS, Docker, Git, Machine Learning, NLP, NumPy, Pandas, Python, SQL, Scikit-learn","Candidate CAND_1124 shows weak overall alignment (0.09% text similarity, 0.0% skill match). Missing critical requirements: [AWS, Docker, Git, Machine Learning, NLP, NumPy, Pandas, Python, SQL, Scikit-learn]."
2190,CAND_144,DESIGNER,0.09,0.0,0.05,,"AWS, Docker, Git, Machine Learning, NLP, NumPy, Pandas, Python, SQL, Scikit-learn","Candidate CAND_144 shows weak overall alignment (0.09% text similarity, 0.0% skill match). Missing critical requirements: [AWS, Docker, Git, Machine Learning, NLP, NumPy, Pandas, Python, SQL, Scikit-learn]."
2191,CAND_074,HR,0.08,0.0,0.05,,"AWS, Docker, Git, Machine Learning, NLP, NumPy, Pandas, Python, SQL, Scikit-learn","Candidate CAND_074 shows weak overall alignment (0.08% text similarity, 0.0% skill match). Missing critical requirements: [AWS, Docker, Git, Machine Learning, NLP, NumPy, Pandas, Python, SQL, Scikit-learn]."
2192,CAND_1885,ACCOUNTANT,0.08,0.0,0.05,,"AWS, Docker, Git, Machine Learning, NLP, NumPy, Pandas, Python, SQL, Scikit-learn","Candidate CAND_1885 shows weak overall alignment (0.08% text similarity, 0.0% skill match). Missing critical requirements: [AWS, Docker, Git, Machine Learning, NLP, NumPy, Pandas, Python, SQL, Scikit-learn]."
2193,CAND_2236,BANKING,0.09,0.0,0.05,,"AWS, Docker, Git, Machine Learning, NLP, NumPy, Pandas, Python, SQL, Scikit-learn","Candidate CAND_2236 shows weak overall alignment (0.09% text similarity, 0.0% skill match). Missing critical requirements: [AWS, Docker, Git, Machine Learning, NLP, NumPy, Pandas, Python, SQL, Scikit-learn]."
2194,CAND_1659,APPAREL,0.08,0.0,0.05,,"AWS, Docker, Git, Machine Learning, NLP, NumPy, Pandas, Python, SQL, Scikit-learn","Candidate CAND_1659 shows weak overall alignment (0.08% text similarity, 0.0% skill match). Missing critical requirements: [AWS, Docker, Git, Machine Learning, NLP, NumPy, Pandas, Python, SQL, Scikit-learn]."
2195,CAND_610,BUSINESS-DEVELOPMENT,0.08,0.0,0.05,,"AWS, Docker, Git, Machine Learning, NLP, NumPy, Pandas, Python, SQL, Scikit-learn","Candidate CAND_610 shows weak overall alignment (0.08% text similarity, 0.0% skill match). Missing critical requirements: [AWS, Docker, Git, Machine Learning, NLP, NumPy, Pandas, Python, SQL, Scikit-learn]."
2196,CAND_1657,APPAREL,0.08,0.0,0.05,,"AWS, Docker, Git, Machine Learning, NLP, NumPy, Pandas, Python, SQL, Scikit-learn","Candidate CAND_1657 shows weak overall alignment (0.08% text similarity, 0.0% skill match). Missing critical requirements: [AWS, Docker, Git, Machine Learning, NLP, NumPy, Pandas, Python, SQL, Scikit-learn]."
2197,CAND_1311,DIGITAL-MEDIA,0.08,0.0,0.05,,"AWS, Docker, Git, Machine Learning, NLP, NumPy, Pandas, Python, SQL, Scikit-learn","Candidate CAND_1311 shows weak overall alignment (0.08% text similarity, 0.0% skill match). Missing critical requirements: [AWS, Docker, Git, Machine Learning, NLP, NumPy, Pandas, Python, SQL, Scikit-learn]."
2198,CAND_1393,CHEF,0.08,0.0,0.05,,"AWS, Docker, Git, Machine Learning, NLP, NumPy, Pandas, Python, SQL, Scikit-learn","Candidate CAND_1393 shows weak overall alignment (0.08% text similarity, 0.0% skill match). Missing critical requirements: [AWS, Docker, Git, Machine Learning, NLP, NumPy, Pandas, Python, SQL, Scikit-learn]."
2199,CAND_049,HR,0.08,0.0,0.05,,"AWS, Docker, Git, Machine Learning, NLP, NumPy, Pandas, Python, SQL, Scikit-learn","Candidate CAND_049 shows weak overall alignment (0.08% text similarity, 0.0% skill match). Missing critical requirements: [AWS, Docker, Git, Machine Learning, NLP, NumPy, Pandas, Python, SQL, Scikit-learn]."
2200,CAND_1492,FINANCE,0.08,0.0,0.05,,"AWS, Docker, Git, Machine Learning, NLP, NumPy, Pandas, Python, SQL, Scikit-learn","Candidate CAND_1492 shows weak overall alignment (0.08% text similarity, 0.0% skill match). Missing critical requirements: [AWS, Docker, Git, Machine Learning, NLP, NumPy, Pandas, Python, SQL, Scikit-learn]."
2201,CAND_1520,FINANCE,0.08,0.0,0.05,,"AWS, Docker, Git, Machine Learning, NLP, NumPy, Pandas, Python, SQL, Scikit-learn","Candidate CAND_1520 shows weak overall alignment (0.08% text similarity, 0.0% skill match). Missing critical requirements: [AWS, Docker, Git, Machine Learning, NLP, NumPy, Pandas, Python, SQL, Scikit-learn]."
2202,CAND_923,AGRICULTURE,0.08,0.0,0.05,,"AWS, Docker, Git, Machine Learning, NLP, NumPy, Pandas, Python, SQL, Scikit-learn","Candidate CAND_923 shows weak overall alignment (0.08% text similarity, 0.0% skill match). Missing critical requirements: [AWS, Docker, Git, Machine Learning, NLP, NumPy, Pandas, Python, SQL, Scikit-learn]."
2203,CAND_520,ADVOCATE,0.08,0.0,0.05,,"AWS, Docker, Git, Machine Learning, NLP, NumPy, Pandas, Python, SQL, Scikit-learn","Candidate CAND_520 shows weak overall alignment (0.08% text similarity, 0.0% skill match). Missing critical requirements: [AWS, Docker, Git, Machine Learning, NLP, NumPy, Pandas, Python, SQL, Scikit-learn]."
2204,CAND_2119,PUBLIC-RELATIONS,0.09,0.0,0.05,,"AWS, Docker, Git, Machine Learning, NLP, NumPy, Pandas, Python, SQL, Scikit-learn","Candidate CAND_2119 shows weak overall alignment (0.09% text similarity, 0.0% skill match). Missing critical requirements: [AWS, Docker, Git, Machine Learning, NLP, NumPy, Pandas, Python, SQL, Scikit-learn]."
2205,CAND_1238,DIGITAL-MEDIA,0.09,0.0,0.05,,"AWS, Docker, Git, Machine Learning, NLP, NumPy, Pandas, Python, SQL, Scikit-learn","Candidate CAND_1238 shows weak overall alignment (0.09% text similarity, 0.0% skill match). Missing critical requirements: [AWS, Docker, Git, Machine Learning, NLP, NumPy, Pandas, Python, SQL, Scikit-learn]."
2206,CAND_2123,PUBLIC-RELATIONS,0.08,0.0,0.05,,"AWS, Docker, Git, Machine Learning, NLP, NumPy, Pandas, Python, SQL, Scikit-learn","Candidate CAND_2123 shows weak overall alignment (0.08% text similarity, 0.0% skill match). Missing critical requirements: [AWS, Docker, Git, Machine Learning, NLP, NumPy, Pandas, Python, SQL, Scikit-learn]."
2207,CAND_1503,FINANCE,0.08,0.0,0.05,,"AWS, Docker, Git, Machine Learning, NLP, NumPy, Pandas, Python, SQL, Scikit-learn","Candidate CAND_1503 shows weak overall alignment (0.08% text similarity, 0.0% skill match). Missing critical requirements: [AWS, Docker, Git, Machine Learning, NLP, NumPy, Pandas, Python, SQL, Scikit-learn]."
2208,CAND_2125,PUBLIC-RELATIONS,0.09,0.0,0.05,,"AWS, Docker, Git, Machine Learning, NLP, NumPy, Pandas, Python, SQL, Scikit-learn","Candidate CAND_2125 shows weak overall alignment (0.09% text similarity, 0.0% skill match). Missing critical requirements: [AWS, Docker, Git, Machine Learning, NLP, NumPy, Pandas, Python, SQL, Scikit-learn]."
2209,CAND_460,ADVOCATE,0.08,0.0,0.05,,"AWS, Docker, Git, Machine Learning, NLP, NumPy, Pandas, Python, SQL, Scikit-learn","Candidate CAND_460 shows weak overall alignment (0.08% text similarity, 0.0% skill match). Missing critical requirements: [AWS, Docker, Git, Machine Learning, NLP, NumPy, Pandas, Python, SQL, Scikit-learn]."
2210,CAND_021,HR,0.08,0.0,0.05,,"AWS, Docker, Git, Machine Learning, NLP, NumPy, Pandas, Python, SQL, Scikit-learn","Candidate CAND_021 shows weak overall alignment (0.08% text similarity, 0.0% skill match). Missing critical requirements: [AWS, Docker, Git, Machine Learning, NLP, NumPy, Pandas, Python, SQL, Scikit-learn]."
2211,CAND_2133,PUBLIC-RELATIONS,0.09,0.0,0.05,,"AWS, Docker, Git, Machine Learning, NLP, NumPy, Pandas, Python, SQL, Scikit-learn","Candidate CAND_2133 shows weak overall alignment (0.09% text similarity, 0.0% skill match). Missing critical requirements: [AWS, Docker, Git, Machine Learning, NLP, NumPy, Pandas, Python, SQL, Scikit-learn]."
2212,CAND_1169,CONSULTANT,0.09,0.0,0.05,,"AWS, Docker, Git, Machine Learning, NLP, NumPy, Pandas, Python, SQL, Scikit-learn","Candidate CAND_1169 shows weak overall alignment (0.09% text similarity, 0.0% skill match). Missing critical requirements: [AWS, Docker, Git, Machine Learning, NLP, NumPy, Pandas, Python, SQL, Scikit-learn]."
2213,CAND_919,AGRICULTURE,0.08,0.0,0.05,,"AWS, Docker, Git, Machine Learning, NLP, NumPy, Pandas, Python, SQL, Scikit-learn","Candidate CAND_919 shows weak overall alignment (0.08% text similarity, 0.0% skill match). Missing critical requirements: [AWS, Docker, Git, Machine Learning, NLP, NumPy, Pandas, Python, SQL, Scikit-learn]."
2214,CAND_2139,PUBLIC-RELATIONS,0.09,0.0,0.05,,"AWS, Docker, Git, Machine Learning, NLP, NumPy, Pandas, Python, SQL, Scikit-learn","Candidate CAND_2139 shows weak overall alignment (0.09% text similarity, 0.0% skill match). Missing critical requirements: [AWS, Docker, Git, Machine Learning, NLP, NumPy, Pandas, Python, SQL, Scikit-learn]."
2215,CAND_533,ADVOCATE,0.09,0.0,0.05,,"AWS, Docker, Git, Machine Learning, NLP, NumPy, Pandas, Python, SQL, Scikit-learn","Candidate CAND_533 shows weak overall alignment (0.09% text similarity, 0.0% skill match). Missing critical requirements: [AWS, Docker, Git, Machine Learning, NLP, NumPy, Pandas, Python, SQL, Scikit-learn]."
2216,CAND_1248,DIGITAL-MEDIA,0.08,0.0,0.05,,"AWS, Docker, Git, Machine Learning, NLP, NumPy, Pandas, Python, SQL, Scikit-learn","Candidate CAND_1248 shows weak overall alignment (0.08% text similarity, 0.0% skill match). Missing critical requirements: [AWS, Docker, Git, Machine Learning, NLP, NumPy, Pandas, Python, SQL, Scikit-learn]."
2217,CAND_1249,DIGITAL-MEDIA,0.08,0.0,0.05,,"AWS, Docker, Git, Machine Learning, NLP, NumPy, Pandas, Python, SQL, Scikit-learn","Candidate CAND_1249 shows weak overall alignment (0.08% text similarity, 0.0% skill match). Missing critical requirements: [AWS, Docker, Git, Machine Learning, NLP, NumPy, Pandas, Python, SQL, Scikit-learn]."
2218,CAND_2148,PUBLIC-RELATIONS,0.08,0.0,0.05,,"AWS, Docker, Git, Machine Learning, NLP, NumPy, Pandas, Python, SQL, Scikit-learn","Candidate CAND_2148 shows weak overall alignment (0.08% text similarity, 0.0% skill match). Missing critical requirements: [AWS, Docker, Git, Machine Learning, NLP, NumPy, Pandas, Python, SQL, Scikit-learn]."
2219,CAND_2149,BANKING,0.09,0.0,0.05,,"AWS, Docker, Git, Machine Learning, NLP, NumPy, Pandas, Python, SQL, Scikit-learn","Candidate CAND_2149 shows weak overall alignment (0.09% text similarity, 0.0% skill match). Missing critical requirements: [AWS, Docker, Git, Machine Learning, NLP, NumPy, Pandas, Python, SQL, Scikit-learn]."
2220,CAND_1232,DIGITAL-MEDIA,0.08,0.0,0.05,,"AWS, Docker, Git, Machine Learning, NLP, NumPy, Pandas, Python, SQL, Scikit-learn","Candidate CAND_1232 shows weak overall alignment (0.08% text similarity, 0.0% skill match). Missing critical requirements: [AWS, Docker, Git, Machine Learning, NLP, NumPy, Pandas, Python, SQL, Scikit-learn]."
2221,CAND_2108,PUBLIC-RELATIONS,0.08,0.0,0.05,,"AWS, Docker, Git, Machine Learning, NLP, NumPy, Pandas, Python, SQL, Scikit-learn","Candidate CAND_2108 shows weak overall alignment (0.08% text similarity, 0.0% skill match). Missing critical requirements: [AWS, Docker, Git, Machine Learning, NLP, NumPy, Pandas, Python, SQL, Scikit-learn]."
2222,CAND_478,ADVOCATE,0.08,0.0,0.05,,"AWS, Docker, Git, Machine Learning, NLP, NumPy, Pandas, Python, SQL, Scikit-learn","Candidate CAND_478 shows weak overall alignment (0.08% text similarity, 0.0% skill match). Missing critical requirements: [AWS, Docker, Git, Machine Learning, NLP, NumPy, Pandas, Python, SQL, Scikit-learn]."
2223,CAND_1568,FINANCE,0.09,0.0,0.05,,"AWS, Docker, Git, Machine Learning, NLP, NumPy, Pandas, Python, SQL, Scikit-learn","Candidate CAND_1568 shows weak overall alignment (0.09% text similarity, 0.0% skill match). Missing critical requirements: [AWS, Docker, Git, Machine Learning, NLP, NumPy, Pandas, Python, SQL, Scikit-learn]."
2224,CAND_1564,FINANCE,0.09,0.0,0.05,,"AWS, Docker, Git, Machine Learning, NLP, NumPy, Pandas, Python, SQL, Scikit-learn","Candidate CAND_1564 shows weak overall alignment (0.09% text similarity, 0.0% skill match). Missing critical requirements: [AWS, Docker, Git, Machine Learning, NLP, NumPy, Pandas, Python, SQL, Scikit-learn]."
2225,CAND_719,HEALTHCARE,0.08,0.0,0.05,,"AWS, Docker, Git, Machine Learning, NLP, NumPy, Pandas, Python, SQL, Scikit-learn","Candidate CAND_719 shows weak overall alignment (0.08% text similarity, 0.0% skill match). Missing critical requirements: [AWS, Docker, Git, Machine Learning, NLP, NumPy, Pandas, Python, SQL, Scikit-learn]."
2226,CAND_2062,PUBLIC-RELATIONS,0.08,0.0,0.05,,"AWS, Docker, Git, Machine Learning, NLP, NumPy, Pandas, Python, SQL, Scikit-learn","Candidate CAND_2062 shows weak overall alignment (0.08% text similarity, 0.0% skill match). Missing critical requirements: [AWS, Docker, Git, Machine Learning, NLP, NumPy, Pandas, Python, SQL, Scikit-learn]."
2227,CAND_1552,FINANCE,0.08,0.0,0.05,,"AWS, Docker, Git, Machine Learning, NLP, NumPy, Pandas, Python, SQL, Scikit-learn","Candidate CAND_1552 shows weak overall alignment (0.08% text similarity, 0.0% skill match). Missing critical requirements: [AWS, Docker, Git, Machine Learning, NLP, NumPy, Pandas, Python, SQL, Scikit-learn]."
2228,CAND_006,HR,0.09,0.0,0.05,,"AWS, Docker, Git, Machine Learning, NLP, NumPy, Pandas, Python, SQL, Scikit-learn","Candidate CAND_006 shows weak overall alignment (0.09% text similarity, 0.0% skill match). Missing critical requirements: [AWS, Docker, Git, Machine Learning, NLP, NumPy, Pandas, Python, SQL, Scikit-learn]."
2229,CAND_2472,AVIATION,0.08,0.0,0.05,,"AWS, Docker, Git, Machine Learning, NLP, NumPy, Pandas, Python, SQL, Scikit-learn","Candidate CAND_2472 shows weak overall alignment (0.08% text similarity, 0.0% skill match). Missing critical requirements: [AWS, Docker, Git, Machine Learning, NLP, NumPy, Pandas, Python, SQL, Scikit-learn]."
2230,CAND_508,ADVOCATE,0.08,0.0,0.05,,"AWS, Docker, Git, Machine Learning, NLP, NumPy, Pandas, Python, SQL, Scikit-learn","Candidate CAND_508 shows weak overall alignment (0.08% text similarity, 0.0% skill match). Missing critical requirements: [AWS, Docker, Git, Machine Learning, NLP, NumPy, Pandas, Python, SQL, Scikit-learn]."
2231,CAND_2465,AVIATION,0.08,0.0,0.05,,"AWS, Docker, Git, Machine Learning, NLP, NumPy, Pandas, Python, SQL, Scikit-learn","Candidate CAND_2465 shows weak overall alignment (0.08% text similarity, 0.0% skill match). Missing critical requirements: [AWS, Docker, Git, Machine Learning, NLP, NumPy, Pandas, Python, SQL, Scikit-learn]."
2232,CAND_950,AGRICULTURE,0.08,0.0,0.05,,"AWS, Docker, Git, Machine Learning, NLP, NumPy, Pandas, Python, SQL, Scikit-learn","Candidate CAND_950 shows weak overall alignment (0.08% text similarity, 0.0% skill match). Missing critical requirements: [AWS, Docker, Git, Machine Learning, NLP, NumPy, Pandas, Python, SQL, Scikit-learn]."
2233,CAND_2455,AVIATION,0.09,0.0,0.05,,"AWS, Docker, Git, Machine Learning, NLP, NumPy, Pandas, Python, SQL, Scikit-learn","Candidate CAND_2455 shows weak overall alignment (0.09% text similarity, 0.0% skill match). Missing critical requirements: [AWS, Docker, Git, Machine Learning, NLP, NumPy, Pandas, Python, SQL, Scikit-learn]."
2234,CAND_487,ADVOCATE,0.08,0.0,0.05,,"AWS, Docker, Git, Machine Learning, NLP, NumPy, Pandas, Python, SQL, Scikit-learn","Candidate CAND_487 shows weak overall alignment (0.08% text similarity, 0.0% skill match). Missing critical requirements: [AWS, Docker, Git, Machine Learning, NLP, NumPy, Pandas, Python, SQL, Scikit-learn]."
2235,CAND_732,HEALTHCARE,0.09,0.0,0.05,,"AWS, Docker, Git, Machine Learning, NLP, NumPy, Pandas, Python, SQL, Scikit-learn","Candidate CAND_732 shows weak overall alignment (0.09% text similarity, 0.0% skill match). Missing critical requirements: [AWS, Docker, Git, Machine Learning, NLP, NumPy, Pandas, Python, SQL, Scikit-learn]."
2236,CAND_1814,ACCOUNTANT,0.09,0.0,0.05,,"AWS, Docker, Git, Machine Learning, NLP, NumPy, Pandas, Python, SQL, Scikit-learn","Candidate CAND_1814 shows weak overall alignment (0.09% text similarity, 0.0% skill match). Missing critical requirements: [AWS, Docker, Git, Machine Learning, NLP, NumPy, Pandas, Python, SQL, Scikit-learn]."
2237,CAND_2048,PUBLIC-RELATIONS,0.09,0.0,0.05,,"AWS, Docker, Git, Machine Learning, NLP, NumPy, Pandas, Python, SQL, Scikit-learn","Candidate CAND_2048 shows weak overall alignment (0.09% text similarity, 0.0% skill match). Missing critical requirements: [AWS, Docker, Git, Machine Learning, NLP, NumPy, Pandas, Python, SQL, Scikit-learn]."
2238,CAND_1583,FINANCE,0.08,0.0,0.05,,"AWS, Docker, Git, Machine Learning, NLP, NumPy, Pandas, Python, SQL, Scikit-learn","Candidate CAND_1583 shows weak overall alignment (0.08% text similarity, 0.0% skill match). Missing critical requirements: [AWS, Docker, Git, Machine Learning, NLP, NumPy, Pandas, Python, SQL, Scikit-learn]."
2239,CAND_956,AGRICULTURE,0.09,0.0,0.05,,"AWS, Docker, Git, Machine Learning, NLP, NumPy, Pandas, Python, SQL, Scikit-learn","Candidate CAND_956 shows weak overall alignment (0.09% text similarity, 0.0% skill match). Missing critical requirements: [AWS, Docker, Git, Machine Learning, NLP, NumPy, Pandas, Python, SQL, Scikit-learn]."
2240,CAND_2103,PUBLIC-RELATIONS,0.09,0.0,0.05,,"AWS, Docker, Git, Machine Learning, NLP, NumPy, Pandas, Python, SQL, Scikit-learn","Candidate CAND_2103 shows weak overall alignment (0.09% text similarity, 0.0% skill match). Missing critical requirements: [AWS, Docker, Git, Machine Learning, NLP, NumPy, Pandas, Python, SQL, Scikit-learn]."
2241,CAND_2105,PUBLIC-RELATIONS,0.08,0.0,0.05,,"AWS, Docker, Git, Machine Learning, NLP, NumPy, Pandas, Python, SQL, Scikit-learn","Candidate CAND_2105 shows weak overall alignment (0.08% text similarity, 0.0% skill match). Missing critical requirements: [AWS, Docker, Git, Machine Learning, NLP, NumPy, Pandas, Python, SQL, Scikit-learn]."
2242,CAND_2435,AVIATION,0.09,0.0,0.05,,"AWS, Docker, Git, Machine Learning, NLP, NumPy, Pandas, Python, SQL, Scikit-learn","Candidate CAND_2435 shows weak overall alignment (0.09% text similarity, 0.0% skill match). Missing critical requirements: [AWS, Docker, Git, Machine Learning, NLP, NumPy, Pandas, Python, SQL, Scikit-learn]."
2243,CAND_2439,AVIATION,0.08,0.0,0.05,,"AWS, Docker, Git, Machine Learning, NLP, NumPy, Pandas, Python, SQL, Scikit-learn","Candidate CAND_2439 shows weak overall alignment (0.08% text similarity, 0.0% skill match). Missing critical requirements: [AWS, Docker, Git, Machine Learning, NLP, NumPy, Pandas, Python, SQL, Scikit-learn]."
2244,CAND_1474,CHEF,0.08,0.0,0.05,,"AWS, Docker, Git, Machine Learning, NLP, NumPy, Pandas, Python, SQL, Scikit-learn","Candidate CAND_1474 shows weak overall alignment (0.08% text similarity, 0.0% skill match). Missing critical requirements: [AWS, Docker, Git, Machine Learning, NLP, NumPy, Pandas, Python, SQL, Scikit-learn]."
2245,CAND_994,BPO,0.08,0.0,0.05,,"AWS, Docker, Git, Machine Learning, NLP, NumPy, Pandas, Python, SQL, Scikit-learn","Candidate CAND_994 shows weak overall alignment (0.08% text similarity, 0.0% skill match). Missing critical requirements: [AWS, Docker, Git, Machine Learning, NLP, NumPy, Pandas, Python, SQL, Scikit-learn]."
2246,CAND_1839,ACCOUNTANT,0.08,0.0,0.05,,"AWS, Docker, Git, Machine Learning, NLP, NumPy, Pandas, Python, SQL, Scikit-learn","Candidate CAND_1839 shows weak overall alignment (0.08% text similarity, 0.0% skill match). Missing critical requirements: [AWS, Docker, Git, Machine Learning, NLP, NumPy, Pandas, Python, SQL, Scikit-learn]."
2247,CAND_2422,AVIATION,0.09,0.0,0.05,,"AWS, Docker, Git, Machine Learning, NLP, NumPy, Pandas, Python, SQL, Scikit-learn","Candidate CAND_2422 shows weak overall alignment (0.09% text similarity, 0.0% skill match). Missing critical requirements: [AWS, Docker, Git, Machine Learning, NLP, NumPy, Pandas, Python, SQL, Scikit-learn]."
2248,CAND_2180,BANKING,0.09,0.0,0.05,,"AWS, Docker, Git, Machine Learning, NLP, NumPy, Pandas, Python, SQL, Scikit-learn","Candidate CAND_2180 shows weak overall alignment (0.09% text similarity, 0.0% skill match). Missing critical requirements: [AWS, Docker, Git, Machine Learning, NLP, NumPy, Pandas, Python, SQL, Scikit-learn]."
2249,CAND_900,FITNESS,0.08,0.0,0.05,,"AWS, Docker, Git, Machine Learning, NLP, NumPy, Pandas, Python, SQL, Scikit-learn","Candidate CAND_900 shows weak overall alignment (0.08% text similarity, 0.0% skill match). Missing critical requirements: [AWS, Docker, Git, Machine Learning, NLP, NumPy, Pandas, Python, SQL, Scikit-learn]."
2250,CAND_899,FITNESS,0.08,0.0,0.05,,"AWS, Docker, Git, Machine Learning, NLP, NumPy, Pandas, Python, SQL, Scikit-learn","Candidate CAND_899 shows weak overall alignment (0.08% text similarity, 0.0% skill match). Missing critical requirements: [AWS, Docker, Git, Machine Learning, NLP, NumPy, Pandas, Python, SQL, Scikit-learn]."
2251,CAND_2423,AVIATION,0.08,0.0,0.05,,"AWS, Docker, Git, Machine Learning, NLP, NumPy, Pandas, Python, SQL, Scikit-learn","Candidate CAND_2423 shows weak overall alignment (0.08% text similarity, 0.0% skill match). Missing critical requirements: [AWS, Docker, Git, Machine Learning, NLP, NumPy, Pandas, Python, SQL, Scikit-learn]."
2252,CAND_045,HR,0.08,0.0,0.05,,"AWS, Docker, Git, Machine Learning, NLP, NumPy, Pandas, Python, SQL, Scikit-learn","Candidate CAND_045 shows weak overall alignment (0.08% text similarity, 0.0% skill match). Missing critical requirements: [AWS, Docker, Git, Machine Learning, NLP, NumPy, Pandas, Python, SQL, Scikit-learn]."
2253,CAND_2415,AVIATION,0.08,0.0,0.05,,"AWS, Docker, Git, Machine Learning, NLP, NumPy, Pandas, Python, SQL, Scikit-learn","Candidate CAND_2415 shows weak overall alignment (0.08% text similarity, 0.0% skill match). Missing critical requirements: [AWS, Docker, Git, Machine Learning, NLP, NumPy, Pandas, Python, SQL, Scikit-learn]."
2254,CAND_2189,BANKING,0.08,0.0,0.05,,"AWS, Docker, Git, Machine Learning, NLP, NumPy, Pandas, Python, SQL, Scikit-learn","Candidate CAND_2189 shows weak overall alignment (0.08% text similarity, 0.0% skill match). Missing critical requirements: [AWS, Docker, Git, Machine Learning, NLP, NumPy, Pandas, Python, SQL, Scikit-learn]."
2255,CAND_1628,APPAREL,0.08,0.0,0.05,,"AWS, Docker, Git, Machine Learning, NLP, NumPy, Pandas, Python, SQL, Scikit-learn","Candidate CAND_1628 shows weak overall alignment (0.08% text similarity, 0.0% skill match). Missing critical requirements: [AWS, Docker, Git, Machine Learning, NLP, NumPy, Pandas, Python, SQL, Scikit-learn]."
2256,CAND_1613,APPAREL,0.09,0.0,0.05,,"AWS, Docker, Git, Machine Learning, NLP, NumPy, Pandas, Python, SQL, Scikit-learn","Candidate CAND_1613 shows weak overall alignment (0.09% text similarity, 0.0% skill match). Missing critical requirements: [AWS, Docker, Git, Machine Learning, NLP, NumPy, Pandas, Python, SQL, Scikit-learn]."
2257,CAND_2315,ARTS,0.09,0.0,0.05,,"AWS, Docker, Git, Machine Learning, NLP, NumPy, Pandas, Python, SQL, Scikit-learn","Candidate CAND_2315 shows weak overall alignment (0.09% text similarity, 0.0% skill match). Missing critical requirements: [AWS, Docker, Git, Machine Learning, NLP, NumPy, Pandas, Python, SQL, Scikit-learn]."
2258,CAND_2162,BANKING,0.08,0.0,0.05,,"AWS, Docker, Git, Machine Learning, NLP, NumPy, Pandas, Python, SQL, Scikit-learn","Candidate CAND_2162 shows weak overall alignment (0.08% text similarity, 0.0% skill match). Missing critical requirements: [AWS, Docker, Git, Machine Learning, NLP, NumPy, Pandas, Python, SQL, Scikit-learn]."
2259,CAND_410,TEACHER,0.08,0.0,0.05,,"AWS, Docker, Git, Machine Learning, NLP, NumPy, Pandas, Python, SQL, Scikit-learn","Candidate CAND_410 shows weak overall alignment (0.08% text similarity, 0.0% skill match). Missing critical requirements: [AWS, Docker, Git, Machine Learning, NLP, NumPy, Pandas, Python, SQL, Scikit-learn]."
2260,CAND_894,FITNESS,0.08,0.0,0.05,,"AWS, Docker, Git, Machine Learning, NLP, NumPy, Pandas, Python, SQL, Scikit-learn","Candidate CAND_894 shows weak overall alignment (0.08% text similarity, 0.0% skill match). Missing critical requirements: [AWS, Docker, Git, Machine Learning, NLP, NumPy, Pandas, Python, SQL, Scikit-learn]."
2261,CAND_1834,ACCOUNTANT,0.08,0.0,0.05,,"AWS, Docker, Git, Machine Learning, NLP, NumPy, Pandas, Python, SQL, Scikit-learn","Candidate CAND_1834 shows weak overall alignment (0.08% text similarity, 0.0% skill match). Missing critical requirements: [AWS, Docker, Git, Machine Learning, NLP, NumPy, Pandas, Python, SQL, Scikit-learn]."
2262,CAND_1610,APPAREL,0.08,0.0,0.05,,"AWS, Docker, Git, Machine Learning, NLP, NumPy, Pandas, Python, SQL, Scikit-learn","Candidate CAND_1610 shows weak overall alignment (0.08% text similarity, 0.0% skill match). Missing critical requirements: [AWS, Docker, Git, Machine Learning, NLP, NumPy, Pandas, Python, SQL, Scikit-learn]."
2263,CAND_2159,BANKING,0.08,0.0,0.05,,"AWS, Docker, Git, Machine Learning, NLP, NumPy, Pandas, Python, SQL, Scikit-learn","Candidate CAND_2159 shows weak overall alignment (0.08% text similarity, 0.0% skill match). Missing critical requirements: [AWS, Docker, Git, Machine Learning, NLP, NumPy, Pandas, Python, SQL, Scikit-learn]."
2264,CAND_1883,ACCOUNTANT,0.07,0.0,0.04,,"AWS, Docker, Git, Machine Learning, NLP, NumPy, Pandas, Python, SQL, Scikit-learn","Candidate CAND_1883 shows weak overall alignment (0.07% text similarity, 0.0% skill match). Missing critical requirements: [AWS, Docker, Git, Machine Learning, NLP, NumPy, Pandas, Python, SQL, Scikit-learn]."
2265,CAND_811,FITNESS,0.06,0.0,0.04,,"AWS, Docker, Git, Machine Learning, NLP, NumPy, Pandas, Python, SQL, Scikit-learn","Candidate CAND_811 shows weak overall alignment (0.06% text similarity, 0.0% skill match). Missing critical requirements: [AWS, Docker, Git, Machine Learning, NLP, NumPy, Pandas, Python, SQL, Scikit-learn]."
2266,CAND_1844,ACCOUNTANT,0.07,0.0,0.04,,"AWS, Docker, Git, Machine Learning, NLP, NumPy, Pandas, Python, SQL, Scikit-learn","Candidate CAND_1844 shows weak overall alignment (0.07% text similarity, 0.0% skill match). Missing critical requirements: [AWS, Docker, Git, Machine Learning, NLP, NumPy, Pandas, Python, SQL, Scikit-learn]."
2267,CAND_2320,ARTS,0.07,0.0,0.04,,"AWS, Docker, Git, Machine Learning, NLP, NumPy, Pandas, Python, SQL, Scikit-learn","Candidate CAND_2320 shows weak overall alignment (0.07% text similarity, 0.0% skill match). Missing critical requirements: [AWS, Docker, Git, Machine Learning, NLP, NumPy, Pandas, Python, SQL, Scikit-learn]."
2268,CAND_808,FITNESS,0.07,0.0,0.04,,"AWS, Docker, Git, Machine Learning, NLP, NumPy, Pandas, Python, SQL, Scikit-learn","Candidate CAND_808 shows weak overall alignment (0.07% text similarity, 0.0% skill match). Missing critical requirements: [AWS, Docker, Git, Machine Learning, NLP, NumPy, Pandas, Python, SQL, Scikit-learn]."
2269,CAND_015,HR,0.07,0.0,0.04,,"AWS, Docker, Git, Machine Learning, NLP, NumPy, Pandas, Python, SQL, Scikit-learn","Candidate CAND_015 shows weak overall alignment (0.07% text similarity, 0.0% skill match). Missing critical requirements: [AWS, Docker, Git, Machine Learning, NLP, NumPy, Pandas, Python, SQL, Scikit-learn]."
2270,CAND_1147,CONSULTANT,0.06,0.0,0.04,,"AWS, Docker, Git, Machine Learning, NLP, NumPy, Pandas, Python, SQL, Scikit-learn","Candidate CAND_1147 shows weak overall alignment (0.06% text similarity, 0.0% skill match). Missing critical requirements: [AWS, Docker, Git, Machine Learning, NLP, NumPy, Pandas, Python, SQL, Scikit-learn]."
2271,CAND_755,HEALTHCARE,0.06,0.0,0.04,,"AWS, Docker, Git, Machine Learning, NLP, NumPy, Pandas, Python, SQL, Scikit-learn","Candidate CAND_755 shows weak overall alignment (0.06% text similarity, 0.0% skill match). Missing critical requirements: [AWS, Docker, Git, Machine Learning, NLP, NumPy, Pandas, Python, SQL, Scikit-learn]."
2272,CAND_751,HEALTHCARE,0.06,0.0,0.04,,"AWS, Docker, Git, Machine Learning, NLP, NumPy, Pandas, Python, SQL, Scikit-learn","Candidate CAND_751 shows weak overall alignment (0.06% text similarity, 0.0% skill match). Missing critical requirements: [AWS, Docker, Git, Machine Learning, NLP, NumPy, Pandas, Python, SQL, Scikit-learn]."
2273,CAND_724,HEALTHCARE,0.06,0.0,0.04,,"AWS, Docker, Git, Machine Learning, NLP, NumPy, Pandas, Python, SQL, Scikit-learn","Candidate CAND_724 shows weak overall alignment (0.06% text similarity, 0.0% skill match). Missing critical requirements: [AWS, Docker, Git, Machine Learning, NLP, NumPy, Pandas, Python, SQL, Scikit-learn]."
2274,CAND_1350,AUTOMOBILE,0.06,0.0,0.04,,"AWS, Docker, Git, Machine Learning, NLP, NumPy, Pandas, Python, SQL, Scikit-learn","Candidate CAND_1350 shows weak overall alignment (0.06% text similarity, 0.0% skill match). Missing critical requirements: [AWS, Docker, Git, Machine Learning, NLP, NumPy, Pandas, Python, SQL, Scikit-learn]."
2275,CAND_1884,ACCOUNTANT,0.06,0.0,0.04,,"AWS, Docker, Git, Machine Learning, NLP, NumPy, Pandas, Python, SQL, Scikit-learn","Candidate CAND_1884 shows weak overall alignment (0.06% text similarity, 0.0% skill match). Missing critical requirements: [AWS, Docker, Git, Machine Learning, NLP, NumPy, Pandas, Python, SQL, Scikit-learn]."
2276,CAND_788,HEALTHCARE,0.07,0.0,0.04,,"AWS, Docker, Git, Machine Learning, NLP, NumPy, Pandas, Python, SQL, Scikit-learn","Candidate CAND_788 shows weak overall alignment (0.07% text similarity, 0.0% skill match). Missing critical requirements: [AWS, Docker, Git, Machine Learning, NLP, NumPy, Pandas, Python, SQL, Scikit-learn]."
2277,CAND_1277,DIGITAL-MEDIA,0.07,0.0,0.04,,"AWS, Docker, Git, Machine Learning, NLP, NumPy, Pandas, Python, SQL, Scikit-learn","Candidate CAND_1277 shows weak overall alignment (0.07% text similarity, 0.0% skill match). Missing critical requirements: [AWS, Docker, Git, Machine Learning, NLP, NumPy, Pandas, Python, SQL, Scikit-learn]."
2278,CAND_1845,ACCOUNTANT,0.07,0.0,0.04,,"AWS, Docker, Git, Machine Learning, NLP, NumPy, Pandas, Python, SQL, Scikit-learn","Candidate CAND_1845 shows weak overall alignment (0.07% text similarity, 0.0% skill match). Missing critical requirements: [AWS, Docker, Git, Machine Learning, NLP, NumPy, Pandas, Python, SQL, Scikit-learn]."
2279,CAND_1275,DIGITAL-MEDIA,0.06,0.0,0.04,,"AWS, Docker, Git, Machine Learning, NLP, NumPy, Pandas, Python, SQL, Scikit-learn","Candidate CAND_1275 shows weak overall alignment (0.06% text similarity, 0.0% skill match). Missing critical requirements: [AWS, Docker, Git, Machine Learning, NLP, NumPy, Pandas, Python, SQL, Scikit-learn]."
2280,CAND_1224,CONSULTANT,0.06,0.0,0.04,,"AWS, Docker, Git, Machine Learning, NLP, NumPy, Pandas, Python, SQL, Scikit-learn","Candidate CAND_1224 shows weak overall alignment (0.06% text similarity, 0.0% skill match). Missing critical requirements: [AWS, Docker, Git, Machine Learning, NLP, NumPy, Pandas, Python, SQL, Scikit-learn]."
2281,CAND_2394,AVIATION,0.07,0.0,0.04,,"AWS, Docker, Git, Machine Learning, NLP, NumPy, Pandas, Python, SQL, Scikit-learn","Candidate CAND_2394 shows weak overall alignment (0.07% text similarity, 0.0% skill match). Missing critical requirements: [AWS, Docker, Git, Machine Learning, NLP, NumPy, Pandas, Python, SQL, Scikit-learn]."
2282,CAND_1209,CONSULTANT,0.07,0.0,0.04,,"AWS, Docker, Git, Machine Learning, NLP, NumPy, Pandas, Python, SQL, Scikit-learn","Candidate CAND_1209 shows weak overall alignment (0.07% text similarity, 0.0% skill match). Missing critical requirements: [AWS, Docker, Git, Machine Learning, NLP, NumPy, Pandas, Python, SQL, Scikit-learn]."
2283,CAND_1223,CONSULTANT,0.06,0.0,0.04,,"AWS, Docker, Git, Machine Learning, NLP, NumPy, Pandas, Python, SQL, Scikit-learn","Candidate CAND_1223 shows weak overall alignment (0.06% text similarity, 0.0% skill match). Missing critical requirements: [AWS, Docker, Git, Machine Learning, NLP, NumPy, Pandas, Python, SQL, Scikit-learn]."
2284,CAND_1295,DIGITAL-MEDIA,0.07,0.0,0.04,,"AWS, Docker, Git, Machine Learning, NLP, NumPy, Pandas, Python, SQL, Scikit-learn","Candidate CAND_1295 shows weak overall alignment (0.07% text similarity, 0.0% skill match). Missing critical requirements: [AWS, Docker, Git, Machine Learning, NLP, NumPy, Pandas, Python, SQL, Scikit-learn]."
2285,CAND_1329,AUTOMOBILE,0.06,0.0,0.04,,"AWS, Docker, Git, Machine Learning, NLP, NumPy, Pandas, Python, SQL, Scikit-learn","Candidate CAND_1329 shows weak overall alignment (0.06% text similarity, 0.0% skill match). Missing critical requirements: [AWS, Docker, Git, Machine Learning, NLP, NumPy, Pandas, Python, SQL, Scikit-learn]."
2286,CAND_1817,ACCOUNTANT,0.06,0.0,0.04,,"AWS, Docker, Git, Machine Learning, NLP, NumPy, Pandas, Python, SQL, Scikit-learn","Candidate CAND_1817 shows weak overall alignment (0.06% text similarity, 0.0% skill match). Missing critical requirements: [AWS, Docker, Git, Machine Learning, NLP, NumPy, Pandas, Python, SQL, Scikit-learn]."
2287,CAND_076,HR,0.07,0.0,0.04,,"AWS, Docker, Git, Machine Learning, NLP, NumPy, Pandas, Python, SQL, Scikit-learn","Candidate CAND_076 shows weak overall alignment (0.07% text similarity, 0.0% skill match). Missing critical requirements: [AWS, Docker, Git, Machine Learning, NLP, NumPy, Pandas, Python, SQL, Scikit-learn]."
2288,CAND_2382,AVIATION,0.07,0.0,0.04,,"AWS, Docker, Git, Machine Learning, NLP, NumPy, Pandas, Python, SQL, Scikit-learn","Candidate CAND_2382 shows weak overall alignment (0.07% text similarity, 0.0% skill match). Missing critical requirements: [AWS, Docker, Git, Machine Learning, NLP, NumPy, Pandas, Python, SQL, Scikit-learn]."
2289,CAND_1831,ACCOUNTANT,0.06,0.0,0.04,,"AWS, Docker, Git, Machine Learning, NLP, NumPy, Pandas, Python, SQL, Scikit-learn","Candidate CAND_1831 shows weak overall alignment (0.06% text similarity, 0.0% skill match). Missing critical requirements: [AWS, Docker, Git, Machine Learning, NLP, NumPy, Pandas, Python, SQL, Scikit-learn]."
2290,CAND_084,HR,0.06,0.0,0.04,,"AWS, Docker, Git, Machine Learning, NLP, NumPy, Pandas, Python, SQL, Scikit-learn","Candidate CAND_084 shows weak overall alignment (0.06% text similarity, 0.0% skill match). Missing critical requirements: [AWS, Docker, Git, Machine Learning, NLP, NumPy, Pandas, Python, SQL, Scikit-learn]."
2291,CAND_1121,CONSULTANT,0.06,0.0,0.04,,"AWS, Docker, Git, Machine Learning, NLP, NumPy, Pandas, Python, SQL, Scikit-learn","Candidate CAND_1121 shows weak overall alignment (0.06% text similarity, 0.0% skill match). Missing critical requirements: [AWS, Docker, Git, Machine Learning, NLP, NumPy, Pandas, Python, SQL, Scikit-learn]."
2292,CAND_2375,AVIATION,0.06,0.0,0.04,,"AWS, Docker, Git, Machine Learning, NLP, NumPy, Pandas, Python, SQL, Scikit-learn","Candidate CAND_2375 shows weak overall alignment (0.06% text similarity, 0.0% skill match). Missing critical requirements: [AWS, Docker, Git, Machine Learning, NLP, NumPy, Pandas, Python, SQL, Scikit-learn]."
2293,CAND_745,HEALTHCARE,0.06,0.0,0.04,,"AWS, Docker, Git, Machine Learning, NLP, NumPy, Pandas, Python, SQL, Scikit-learn","Candidate CAND_745 shows weak overall alignment (0.06% text similarity, 0.0% skill match). Missing critical requirements: [AWS, Docker, Git, Machine Learning, NLP, NumPy, Pandas, Python, SQL, Scikit-learn]."
2294,CAND_1857,ACCOUNTANT,0.07,0.0,0.04,,"AWS, Docker, Git, Machine Learning, NLP, NumPy, Pandas, Python, SQL, Scikit-learn","Candidate CAND_1857 shows weak overall alignment (0.07% text similarity, 0.0% skill match). Missing critical requirements: [AWS, Docker, Git, Machine Learning, NLP, NumPy, Pandas, Python, SQL, Scikit-learn]."
2295,CAND_1303,DIGITAL-MEDIA,0.07,0.0,0.04,,"AWS, Docker, Git, Machine Learning, NLP, NumPy, Pandas, Python, SQL, Scikit-learn","Candidate CAND_1303 shows weak overall alignment (0.07% text similarity, 0.0% skill match). Missing critical requirements: [AWS, Docker, Git, Machine Learning, NLP, NumPy, Pandas, Python, SQL, Scikit-learn]."
2296,CAND_2408,AVIATION,0.06,0.0,0.04,,"AWS, Docker, Git, Machine Learning, NLP, NumPy, Pandas, Python, SQL, Scikit-learn","Candidate CAND_2408 shows weak overall alignment (0.06% text similarity, 0.0% skill match). Missing critical requirements: [AWS, Docker, Git, Machine Learning, NLP, NumPy, Pandas, Python, SQL, Scikit-learn]."
2297,CAND_1828,ACCOUNTANT,0.07,0.0,0.04,,"AWS, Docker, Git, Machine Learning, NLP, NumPy, Pandas, Python, SQL, Scikit-learn","Candidate CAND_1828 shows weak overall alignment (0.07% text similarity, 0.0% skill match). Missing critical requirements: [AWS, Docker, Git, Machine Learning, NLP, NumPy, Pandas, Python, SQL, Scikit-learn]."
2298,CAND_1863,ACCOUNTANT,0.06,0.0,0.04,,"AWS, Docker, Git, Machine Learning, NLP, NumPy, Pandas, Python, SQL, Scikit-learn","Candidate CAND_1863 shows weak overall alignment (0.06% text similarity, 0.0% skill match). Missing critical requirements: [AWS, Docker, Git, Machine Learning, NLP, NumPy, Pandas, Python, SQL, Scikit-learn]."
2299,CAND_036,HR,0.06,0.0,0.04,,"AWS, Docker, Git, Machine Learning, NLP, NumPy, Pandas, Python, SQL, Scikit-learn","Candidate CAND_036 shows weak overall alignment (0.06% text similarity, 0.0% skill match). Missing critical requirements: [AWS, Docker, Git, Machine Learning, NLP, NumPy, Pandas, Python, SQL, Scikit-learn]."
2300,CAND_1854,ACCOUNTANT,0.07,0.0,0.04,,"AWS, Docker, Git, Machine Learning, NLP, NumPy, Pandas, Python, SQL, Scikit-learn","Candidate CAND_1854 shows weak overall alignment (0.07% text similarity, 0.0% skill match). Missing critical requirements: [AWS, Docker, Git, Machine Learning, NLP, NumPy, Pandas, Python, SQL, Scikit-learn]."
2301,CAND_1170,CONSULTANT,0.07,0.0,0.04,,"AWS, Docker, Git, Machine Learning, NLP, NumPy, Pandas, Python, SQL, Scikit-learn","Candidate CAND_1170 shows weak overall alignment (0.07% text similarity, 0.0% skill match). Missing critical requirements: [AWS, Docker, Git, Machine Learning, NLP, NumPy, Pandas, Python, SQL, Scikit-learn]."
2302,CAND_1827,ACCOUNTANT,0.07,0.0,0.04,,"AWS, Docker, Git, Machine Learning, NLP, NumPy, Pandas, Python, SQL, Scikit-learn","Candidate CAND_1827 shows weak overall alignment (0.07% text similarity, 0.0% skill match). Missing critical requirements: [AWS, Docker, Git, Machine Learning, NLP, NumPy, Pandas, Python, SQL, Scikit-learn]."
2303,CAND_2429,AVIATION,0.06,0.0,0.04,,"AWS, Docker, Git, Machine Learning, NLP, NumPy, Pandas, Python, SQL, Scikit-learn","Candidate CAND_2429 shows weak overall alignment (0.06% text similarity, 0.0% skill match). Missing critical requirements: [AWS, Docker, Git, Machine Learning, NLP, NumPy, Pandas, Python, SQL, Scikit-learn]."
2304,CAND_068,HR,0.06,0.0,0.04,,"AWS, Docker, Git, Machine Learning, NLP, NumPy, Pandas, Python, SQL, Scikit-learn","Candidate CAND_068 shows weak overall alignment (0.06% text similarity, 0.0% skill match). Missing critical requirements: [AWS, Docker, Git, Machine Learning, NLP, NumPy, Pandas, Python, SQL, Scikit-learn]."
2305,CAND_1290,DIGITAL-MEDIA,0.07,0.0,0.04,,"AWS, Docker, Git, Machine Learning, NLP, NumPy, Pandas, Python, SQL, Scikit-learn","Candidate CAND_1290 shows weak overall alignment (0.07% text similarity, 0.0% skill match). Missing critical requirements: [AWS, Docker, Git, Machine Learning, NLP, NumPy, Pandas, Python, SQL, Scikit-learn]."
2306,CAND_1101,SALES,0.06,0.0,0.04,,"AWS, Docker, Git, Machine Learning, NLP, NumPy, Pandas, Python, SQL, Scikit-learn","Candidate CAND_1101 shows weak overall alignment (0.06% text similarity, 0.0% skill match). Missing critical requirements: [AWS, Docker, Git, Machine Learning, NLP, NumPy, Pandas, Python, SQL, Scikit-learn]."
2307,CAND_1835,ACCOUNTANT,0.06,0.0,0.04,,"AWS, Docker, Git, Machine Learning, NLP, NumPy, Pandas, Python, SQL, Scikit-learn","Candidate CAND_1835 shows weak overall alignment (0.06% text similarity, 0.0% skill match). Missing critical requirements: [AWS, Docker, Git, Machine Learning, NLP, NumPy, Pandas, Python, SQL, Scikit-learn]."
2308,CAND_1157,CONSULTANT,0.07,0.0,0.04,,"AWS, Docker, Git, Machine Learning, NLP, NumPy, Pandas, Python, SQL, Scikit-learn","Candidate CAND_1157 shows weak overall alignment (0.07% text similarity, 0.0% skill match). Missing critical requirements: [AWS, Docker, Git, Machine Learning, NLP, NumPy, Pandas, Python, SQL, Scikit-learn]."
2309,CAND_041,HR,0.07,0.0,0.04,,"AWS, Docker, Git, Machine Learning, NLP, NumPy, Pandas, Python, SQL, Scikit-learn","Candidate CAND_041 shows weak overall alignment (0.07% text similarity, 0.0% skill match). Missing critical requirements: [AWS, Docker, Git, Machine Learning, NLP, NumPy, Pandas, Python, SQL, Scikit-learn]."
2310,CAND_1821,ACCOUNTANT,0.07,0.0,0.04,,"AWS, Docker, Git, Machine Learning, NLP, NumPy, Pandas, Python, SQL, Scikit-learn","Candidate CAND_1821 shows weak overall alignment (0.07% text similarity, 0.0% skill match). Missing critical requirements: [AWS, Docker, Git, Machine Learning, NLP, NumPy, Pandas, Python, SQL, Scikit-learn]."
2311,CAND_1819,ACCOUNTANT,0.06,0.0,0.04,,"AWS, Docker, Git, Machine Learning, NLP, NumPy, Pandas, Python, SQL, Scikit-learn","Candidate CAND_1819 shows weak overall alignment (0.06% text similarity, 0.0% skill match). Missing critical requirements: [AWS, Docker, Git, Machine Learning, NLP, NumPy, Pandas, Python, SQL, Scikit-learn]."
2312,CAND_105,HR,0.06,0.0,0.04,,"AWS, Docker, Git, Machine Learning, NLP, NumPy, Pandas, Python, SQL, Scikit-learn","Candidate CAND_105 shows weak overall alignment (0.06% text similarity, 0.0% skill match). Missing critical requirements: [AWS, Docker, Git, Machine Learning, NLP, NumPy, Pandas, Python, SQL, Scikit-learn]."
2313,CAND_1250,DIGITAL-MEDIA,0.06,0.0,0.04,,"AWS, Docker, Git, Machine Learning, NLP, NumPy, Pandas, Python, SQL, Scikit-learn","Candidate CAND_1250 shows weak overall alignment (0.06% text similarity, 0.0% skill match). Missing critical requirements: [AWS, Docker, Git, Machine Learning, NLP, NumPy, Pandas, Python, SQL, Scikit-learn]."
2314,CAND_1841,ACCOUNTANT,0.07,0.0,0.04,,"AWS, Docker, Git, Machine Learning, NLP, NumPy, Pandas, Python, SQL, Scikit-learn","Candidate CAND_1841 shows weak overall alignment (0.07% text similarity, 0.0% skill match). Missing critical requirements: [AWS, Docker, Git, Machine Learning, NLP, NumPy, Pandas, Python, SQL, Scikit-learn]."
2315,CAND_694,HEALTHCARE,0.06,0.0,0.04,,"AWS, Docker, Git, Machine Learning, NLP, NumPy, Pandas, Python, SQL, Scikit-learn","Candidate CAND_694 shows weak overall alignment (0.06% text similarity, 0.0% skill match). Missing critical requirements: [AWS, Docker, Git, Machine Learning, NLP, NumPy, Pandas, Python, SQL, Scikit-learn]."
2316,CAND_1893,ACCOUNTANT,0.06,0.0,0.04,,"AWS, Docker, Git, Machine Learning, NLP, NumPy, Pandas, Python, SQL, Scikit-learn","Candidate CAND_1893 shows weak overall alignment (0.06% text similarity, 0.0% skill match). Missing critical requirements: [AWS, Docker, Git, Machine Learning, NLP, NumPy, Pandas, Python, SQL, Scikit-learn]."
2317,CAND_618,BUSINESS-DEVELOPMENT,0.07,0.0,0.04,,"AWS, Docker, Git, Machine Learning, NLP, NumPy, Pandas, Python, SQL, Scikit-learn","Candidate CAND_618 shows weak overall alignment (0.07% text similarity, 0.0% skill match). Missing critical requirements: [AWS, Docker, Git, Machine Learning, NLP, NumPy, Pandas, Python, SQL, Scikit-learn]."
2318,CAND_2232,BANKING,0.07,0.0,0.04,,"AWS, Docker, Git, Machine Learning, NLP, NumPy, Pandas, Python, SQL, Scikit-learn","Candidate CAND_2232 shows weak overall alignment (0.07% text similarity, 0.0% skill match). Missing critical requirements: [AWS, Docker, Git, Machine Learning, NLP, NumPy, Pandas, Python, SQL, Scikit-learn]."
2319,CAND_979,BPO,0.06,0.0,0.04,,"AWS, Docker, Git, Machine Learning, NLP, NumPy, Pandas, Python, SQL, Scikit-learn","Candidate CAND_979 shows weak overall alignment (0.06% text similarity, 0.0% skill match). Missing critical requirements: [AWS, Docker, Git, Machine Learning, NLP, NumPy, Pandas, Python, SQL, Scikit-learn]."
2320,CAND_553,ADVOCATE,0.06,0.0,0.04,,"AWS, Docker, Git, Machine Learning, NLP, NumPy, Pandas, Python, SQL, Scikit-learn","Candidate CAND_553 shows weak overall alignment (0.06% text similarity, 0.0% skill match). Missing critical requirements: [AWS, Docker, Git, Machine Learning, NLP, NumPy, Pandas, Python, SQL, Scikit-learn]."
2321,CAND_2157,BANKING,0.07,0.0,0.04,,"AWS, Docker, Git, Machine Learning, NLP, NumPy, Pandas, Python, SQL, Scikit-learn","Candidate CAND_2157 shows weak overall alignment (0.07% text similarity, 0.0% skill match). Missing critical requirements: [AWS, Docker, Git, Machine Learning, NLP, NumPy, Pandas, Python, SQL, Scikit-learn]."
2322,CAND_1662,APPAREL,0.07,0.0,0.04,,"AWS, Docker, Git, Machine Learning, NLP, NumPy, Pandas, Python, SQL, Scikit-learn","Candidate CAND_1662 shows weak overall alignment (0.07% text similarity, 0.0% skill match). Missing critical requirements: [AWS, Docker, Git, Machine Learning, NLP, NumPy, Pandas, Python, SQL, Scikit-learn]."
2323,CAND_1664,APPAREL,0.07,0.0,0.04,,"AWS, Docker, Git, Machine Learning, NLP, NumPy, Pandas, Python, SQL, Scikit-learn","Candidate CAND_1664 shows weak overall alignment (0.07% text similarity, 0.0% skill match). Missing critical requirements: [AWS, Docker, Git, Machine Learning, NLP, NumPy, Pandas, Python, SQL, Scikit-learn]."
2324,CAND_1428,CHEF,0.07,0.0,0.04,,"AWS, Docker, Git, Machine Learning, NLP, NumPy, Pandas, Python, SQL, Scikit-learn","Candidate CAND_1428 shows weak overall alignment (0.07% text similarity, 0.0% skill match). Missing critical requirements: [AWS, Docker, Git, Machine Learning, NLP, NumPy, Pandas, Python, SQL, Scikit-learn]."
2325,CAND_613,BUSINESS-DEVELOPMENT,0.07,0.0,0.04,,"AWS, Docker, Git, Machine Learning, NLP, NumPy, Pandas, Python, SQL, Scikit-learn","Candidate CAND_613 shows weak overall alignment (0.07% text similarity, 0.0% skill match). Missing critical requirements: [AWS, Docker, Git, Machine Learning, NLP, NumPy, Pandas, Python, SQL, Scikit-learn]."
2326,CAND_2248,BANKING,0.06,0.0,0.04,,"AWS, Docker, Git, Machine Learning, NLP, NumPy, Pandas, Python, SQL, Scikit-learn","Candidate CAND_2248 shows weak overall alignment (0.06% text similarity, 0.0% skill match). Missing critical requirements: [AWS, Docker, Git, Machine Learning, NLP, NumPy, Pandas, Python, SQL, Scikit-learn]."
2327,CAND_1672,APPAREL,0.06,0.0,0.04,,"AWS, Docker, Git, Machine Learning, NLP, NumPy, Pandas, Python, SQL, Scikit-learn","Candidate CAND_1672 shows weak overall alignment (0.06% text similarity, 0.0% skill match). Missing critical requirements: [AWS, Docker, Git, Machine Learning, NLP, NumPy, Pandas, Python, SQL, Scikit-learn]."
2328,CAND_450,ADVOCATE,0.06,0.0,0.04,,"AWS, Docker, Git, Machine Learning, NLP, NumPy, Pandas, Python, SQL, Scikit-learn","Candidate CAND_450 shows weak overall alignment (0.06% text similarity, 0.0% skill match). Missing critical requirements: [AWS, Docker, Git, Machine Learning, NLP, NumPy, Pandas, Python, SQL, Scikit-learn]."
2329,CAND_2254,BANKING,0.07,0.0,0.04,,"AWS, Docker, Git, Machine Learning, NLP, NumPy, Pandas, Python, SQL, Scikit-learn","Candidate CAND_2254 shows weak overall alignment (0.07% text similarity, 0.0% skill match). Missing critical requirements: [AWS, Docker, Git, Machine Learning, NLP, NumPy, Pandas, Python, SQL, Scikit-learn]."
2330,CAND_1419,CHEF,0.06,0.0,0.04,,"AWS, Docker, Git, Machine Learning, NLP, NumPy, Pandas, Python, SQL, Scikit-learn","Candidate CAND_1419 shows weak overall alignment (0.06% text similarity, 0.0% skill match). Missing critical requirements: [AWS, Docker, Git, Machine Learning, NLP, NumPy, Pandas, Python, SQL, Scikit-learn]."
2331,CAND_2146,PUBLIC-RELATIONS,0.07,0.0,0.04,,"AWS, Docker, Git, Machine Learning, NLP, NumPy, Pandas, Python, SQL, Scikit-learn","Candidate CAND_2146 shows weak overall alignment (0.07% text similarity, 0.0% skill match). Missing critical requirements: [AWS, Docker, Git, Machine Learning, NLP, NumPy, Pandas, Python, SQL, Scikit-learn]."
2332,CAND_622,BUSINESS-DEVELOPMENT,0.07,0.0,0.04,,"AWS, Docker, Git, Machine Learning, NLP, NumPy, Pandas, Python, SQL, Scikit-learn","Candidate CAND_622 shows weak overall alignment (0.07% text similarity, 0.0% skill match). Missing critical requirements: [AWS, Docker, Git, Machine Learning, NLP, NumPy, Pandas, Python, SQL, Scikit-learn]."
2333,CAND_626,BUSINESS-DEVELOPMENT,0.07,0.0,0.04,,"AWS, Docker, Git, Machine Learning, NLP, NumPy, Pandas, Python, SQL, Scikit-learn","Candidate CAND_626 shows weak overall alignment (0.07% text similarity, 0.0% skill match). Missing critical requirements: [AWS, Docker, Git, Machine Learning, NLP, NumPy, Pandas, Python, SQL, Scikit-learn]."
2334,CAND_267,INFORMATION-TECHNOLOGY,0.07,0.0,0.04,,"AWS, Docker, Git, Machine Learning, NLP, NumPy, Pandas, Python, SQL, Scikit-learn","Candidate CAND_267 shows weak overall alignment (0.07% text similarity, 0.0% skill match). Missing critical requirements: [AWS, Docker, Git, Machine Learning, NLP, NumPy, Pandas, Python, SQL, Scikit-learn]."
2335,CAND_539,ADVOCATE,0.07,0.0,0.04,,"AWS, Docker, Git, Machine Learning, NLP, NumPy, Pandas, Python, SQL, Scikit-learn","Candidate CAND_539 shows weak overall alignment (0.07% text similarity, 0.0% skill match). Missing critical requirements: [AWS, Docker, Git, Machine Learning, NLP, NumPy, Pandas, Python, SQL, Scikit-learn]."
2336,CAND_1677,APPAREL,0.07,0.0,0.04,,"AWS, Docker, Git, Machine Learning, NLP, NumPy, Pandas, Python, SQL, Scikit-learn","Candidate CAND_1677 shows weak overall alignment (0.07% text similarity, 0.0% skill match). Missing critical requirements: [AWS, Docker, Git, Machine Learning, NLP, NumPy, Pandas, Python, SQL, Scikit-learn]."
2337,CAND_1497,FINANCE,0.06,0.0,0.04,,"AWS, Docker, Git, Machine Learning, NLP, NumPy, Pandas, Python, SQL, Scikit-learn","Candidate CAND_1497 shows weak overall alignment (0.06% text similarity, 0.0% skill match). Missing critical requirements: [AWS, Docker, Git, Machine Learning, NLP, NumPy, Pandas, Python, SQL, Scikit-learn]."
2338,CAND_2230,BANKING,0.07,0.0,0.04,,"AWS, Docker, Git, Machine Learning, NLP, NumPy, Pandas, Python, SQL, Scikit-learn","Candidate CAND_2230 shows weak overall alignment (0.07% text similarity, 0.0% skill match). Missing critical requirements: [AWS, Docker, Git, Machine Learning, NLP, NumPy, Pandas, Python, SQL, Scikit-learn]."
2339,CAND_608,BUSINESS-DEVELOPMENT,0.06,0.0,0.04,,"AWS, Docker, Git, Machine Learning, NLP, NumPy, Pandas, Python, SQL, Scikit-learn","Candidate CAND_608 shows weak overall alignment (0.06% text similarity, 0.0% skill match). Missing critical requirements: [AWS, Docker, Git, Machine Learning, NLP, NumPy, Pandas, Python, SQL, Scikit-learn]."
2340,CAND_2228,BANKING,0.06,0.0,0.04,,"AWS, Docker, Git, Machine Learning, NLP, NumPy, Pandas, Python, SQL, Scikit-learn","Candidate CAND_2228 shows weak overall alignment (0.06% text similarity, 0.0% skill match). Missing critical requirements: [AWS, Docker, Git, Machine Learning, NLP, NumPy, Pandas, Python, SQL, Scikit-learn]."
2341,CAND_2226,BANKING,0.06,0.0,0.04,,"AWS, Docker, Git, Machine Learning, NLP, NumPy, Pandas, Python, SQL, Scikit-learn","Candidate CAND_2226 shows weak overall alignment (0.06% text similarity, 0.0% skill match). Missing critical requirements: [AWS, Docker, Git, Machine Learning, NLP, NumPy, Pandas, Python, SQL, Scikit-learn]."
2342,CAND_998,SALES,0.07,0.0,0.04,,"AWS, Docker, Git, Machine Learning, NLP, NumPy, Pandas, Python, SQL, Scikit-learn","Candidate CAND_998 shows weak overall alignment (0.07% text similarity, 0.0% skill match). Missing critical requirements: [AWS, Docker, Git, Machine Learning, NLP, NumPy, Pandas, Python, SQL, Scikit-learn]."
2343,CAND_361,TEACHER,0.07,0.0,0.04,,"AWS, Docker, Git, Machine Learning, NLP, NumPy, Pandas, Python, SQL, Scikit-learn","Candidate CAND_361 shows weak overall alignment (0.07% text similarity, 0.0% skill match). Missing critical requirements: [AWS, Docker, Git, Machine Learning, NLP, NumPy, Pandas, Python, SQL, Scikit-learn]."
2344,CAND_898,FITNESS,0.06,0.0,0.04,,"AWS, Docker, Git, Machine Learning, NLP, NumPy, Pandas, Python, SQL, Scikit-learn","Candidate CAND_898 shows weak overall alignment (0.06% text similarity, 0.0% skill match). Missing critical requirements: [AWS, Docker, Git, Machine Learning, NLP, NumPy, Pandas, Python, SQL, Scikit-learn]."
2345,CAND_335,INFORMATION-TECHNOLOGY,0.06,0.0,0.04,,"AWS, Docker, Git, Machine Learning, NLP, NumPy, Pandas, Python, SQL, Scikit-learn","Candidate CAND_335 shows weak overall alignment (0.06% text similarity, 0.0% skill match). Missing critical requirements: [AWS, Docker, Git, Machine Learning, NLP, NumPy, Pandas, Python, SQL, Scikit-learn]."
2346,CAND_2181,BANKING,0.07,0.0,0.04,,"AWS, Docker, Git, Machine Learning, NLP, NumPy, Pandas, Python, SQL, Scikit-learn","Candidate CAND_2181 shows weak overall alignment (0.07% text similarity, 0.0% skill match). Missing critical requirements: [AWS, Docker, Git, Machine Learning, NLP, NumPy, Pandas, Python, SQL, Scikit-learn]."
2347,CAND_583,BUSINESS-DEVELOPMENT,0.07,0.0,0.04,,"AWS, Docker, Git, Machine Learning, NLP, NumPy, Pandas, Python, SQL, Scikit-learn","Candidate CAND_583 shows weak overall alignment (0.07% text similarity, 0.0% skill match). Missing critical requirements: [AWS, Docker, Git, Machine Learning, NLP, NumPy, Pandas, Python, SQL, Scikit-learn]."
2348,CAND_1976,CONSTRUCTION,0.07,0.0,0.04,,"AWS, Docker, Git, Machine Learning, NLP, NumPy, Pandas, Python, SQL, Scikit-learn","Candidate CAND_1976 shows weak overall alignment (0.07% text similarity, 0.0% skill match). Missing critical requirements: [AWS, Docker, Git, Machine Learning, NLP, NumPy, Pandas, Python, SQL, Scikit-learn]."
2349,CAND_876,FITNESS,0.07,0.0,0.04,,"AWS, Docker, Git, Machine Learning, NLP, NumPy, Pandas, Python, SQL, Scikit-learn","Candidate CAND_876 shows weak overall alignment (0.07% text similarity, 0.0% skill match). Missing critical requirements: [AWS, Docker, Git, Machine Learning, NLP, NumPy, Pandas, Python, SQL, Scikit-learn]."
2350,CAND_598,BUSINESS-DEVELOPMENT,0.07,0.0,0.04,,"AWS, Docker, Git, Machine Learning, NLP, NumPy, Pandas, Python, SQL, Scikit-learn","Candidate CAND_598 shows weak overall alignment (0.07% text similarity, 0.0% skill match). Missing critical requirements: [AWS, Docker, Git, Machine Learning, NLP, NumPy, Pandas, Python, SQL, Scikit-learn]."
2351,CAND_563,BUSINESS-DEVELOPMENT,0.07,0.0,0.04,,"AWS, Docker, Git, Machine Learning, NLP, NumPy, Pandas, Python, SQL, Scikit-learn","Candidate CAND_563 shows weak overall alignment (0.07% text similarity, 0.0% skill match). Missing critical requirements: [AWS, Docker, Git, Machine Learning, NLP, NumPy, Pandas, Python, SQL, Scikit-learn]."
2352,CAND_409,TEACHER,0.07,0.0,0.04,,"AWS, Docker, Git, Machine Learning, NLP, NumPy, Pandas, Python, SQL, Scikit-learn","Candidate CAND_409 shows weak overall alignment (0.07% text similarity, 0.0% skill match). Missing critical requirements: [AWS, Docker, Git, Machine Learning, NLP, NumPy, Pandas, Python, SQL, Scikit-learn]."
2353,CAND_1617,APPAREL,0.07,0.0,0.04,,"AWS, Docker, Git, Machine Learning, NLP, NumPy, Pandas, Python, SQL, Scikit-learn","Candidate CAND_1617 shows weak overall alignment (0.07% text similarity, 0.0% skill match). Missing critical requirements: [AWS, Docker, Git, Machine Learning, NLP, NumPy, Pandas, Python, SQL, Scikit-learn]."
2354,CAND_2169,BANKING,0.06,0.0,0.04,,"AWS, Docker, Git, Machine Learning, NLP, NumPy, Pandas, Python, SQL, Scikit-learn","Candidate CAND_2169 shows weak overall alignment (0.06% text similarity, 0.0% skill match). Missing critical requirements: [AWS, Docker, Git, Machine Learning, NLP, NumPy, Pandas, Python, SQL, Scikit-learn]."
2355,CAND_1021,SALES,0.07,0.0,0.04,,"AWS, Docker, Git, Machine Learning, NLP, NumPy, Pandas, Python, SQL, Scikit-learn","Candidate CAND_1021 shows weak overall alignment (0.07% text similarity, 0.0% skill match). Missing critical requirements: [AWS, Docker, Git, Machine Learning, NLP, NumPy, Pandas, Python, SQL, Scikit-learn]."
2356,CAND_2218,BANKING,0.07,0.0,0.04,,"AWS, Docker, Git, Machine Learning, NLP, NumPy, Pandas, Python, SQL, Scikit-learn","Candidate CAND_2218 shows weak overall alignment (0.07% text similarity, 0.0% skill match). Missing critical requirements: [AWS, Docker, Git, Machine Learning, NLP, NumPy, Pandas, Python, SQL, Scikit-learn]."
2357,CAND_2219,BANKING,0.07,0.0,0.04,,"AWS, Docker, Git, Machine Learning, NLP, NumPy, Pandas, Python, SQL, Scikit-learn","Candidate CAND_2219 shows weak overall alignment (0.07% text similarity, 0.0% skill match). Missing critical requirements: [AWS, Docker, Git, Machine Learning, NLP, NumPy, Pandas, Python, SQL, Scikit-learn]."
2358,CAND_1026,SALES,0.07,0.0,0.04,,"AWS, Docker, Git, Machine Learning, NLP, NumPy, Pandas, Python, SQL, Scikit-learn","Candidate CAND_1026 shows weak overall alignment (0.07% text similarity, 0.0% skill match). Missing critical requirements: [AWS, Docker, Git, Machine Learning, NLP, NumPy, Pandas, Python, SQL, Scikit-learn]."
2359,CAND_2224,BANKING,0.06,0.0,0.04,,"AWS, Docker, Git, Machine Learning, NLP, NumPy, Pandas, Python, SQL, Scikit-learn","Candidate CAND_2224 shows weak overall alignment (0.06% text similarity, 0.0% skill match). Missing critical requirements: [AWS, Docker, Git, Machine Learning, NLP, NumPy, Pandas, Python, SQL, Scikit-learn]."
2360,CAND_289,INFORMATION-TECHNOLOGY,0.06,0.0,0.04,,"AWS, Docker, Git, Machine Learning, NLP, NumPy, Pandas, Python, SQL, Scikit-learn","Candidate CAND_289 shows weak overall alignment (0.06% text similarity, 0.0% skill match). Missing critical requirements: [AWS, Docker, Git, Machine Learning, NLP, NumPy, Pandas, Python, SQL, Scikit-learn]."
2361,CAND_448,ADVOCATE,0.07,0.0,0.04,,"AWS, Docker, Git, Machine Learning, NLP, NumPy, Pandas, Python, SQL, Scikit-learn","Candidate CAND_448 shows weak overall alignment (0.07% text similarity, 0.0% skill match). Missing critical requirements: [AWS, Docker, Git, Machine Learning, NLP, NumPy, Pandas, Python, SQL, Scikit-learn]."
2362,CAND_2187,BANKING,0.06,0.0,0.04,,"AWS, Docker, Git, Machine Learning, NLP, NumPy, Pandas, Python, SQL, Scikit-learn","Candidate CAND_2187 shows weak overall alignment (0.06% text similarity, 0.0% skill match). Missing critical requirements: [AWS, Docker, Git, Machine Learning, NLP, NumPy, Pandas, Python, SQL, Scikit-learn]."
2363,CAND_1683,APPAREL,0.07,0.0,0.04,,"AWS, Docker, Git, Machine Learning, NLP, NumPy, Pandas, Python, SQL, Scikit-learn","Candidate CAND_1683 shows weak overall alignment (0.07% text similarity, 0.0% skill match). Missing critical requirements: [AWS, Docker, Git, Machine Learning, NLP, NumPy, Pandas, Python, SQL, Scikit-learn]."
2364,CAND_1575,FINANCE,0.07,0.0,0.04,,"AWS, Docker, Git, Machine Learning, NLP, NumPy, Pandas, Python, SQL, Scikit-learn","Candidate CAND_1575 shows weak overall alignment (0.07% text similarity, 0.0% skill match). Missing critical requirements: [AWS, Docker, Git, Machine Learning, NLP, NumPy, Pandas, Python, SQL, Scikit-learn]."
2365,CAND_2078,PUBLIC-RELATIONS,0.06,0.0,0.04,,"AWS, Docker, Git, Machine Learning, NLP, NumPy, Pandas, Python, SQL, Scikit-learn","Candidate CAND_2078 shows weak overall alignment (0.06% text similarity, 0.0% skill match). Missing critical requirements: [AWS, Docker, Git, Machine Learning, NLP, NumPy, Pandas, Python, SQL, Scikit-learn]."
2366,CAND_2285,ARTS,0.07,0.0,0.04,,"AWS, Docker, Git, Machine Learning, NLP, NumPy, Pandas, Python, SQL, Scikit-learn","Candidate CAND_2285 shows weak overall alignment (0.07% text similarity, 0.0% skill match). Missing critical requirements: [AWS, Docker, Git, Machine Learning, NLP, NumPy, Pandas, Python, SQL, Scikit-learn]."
2367,CAND_199,DESIGNER,0.07,0.0,0.04,,"AWS, Docker, Git, Machine Learning, NLP, NumPy, Pandas, Python, SQL, Scikit-learn","Candidate CAND_199 shows weak overall alignment (0.07% text similarity, 0.0% skill match). Missing critical requirements: [AWS, Docker, Git, Machine Learning, NLP, NumPy, Pandas, Python, SQL, Scikit-learn]."
2368,CAND_1077,SALES,0.07,0.0,0.04,,"AWS, Docker, Git, Machine Learning, NLP, NumPy, Pandas, Python, SQL, Scikit-learn","Candidate CAND_1077 shows weak overall alignment (0.07% text similarity, 0.0% skill match). Missing critical requirements: [AWS, Docker, Git, Machine Learning, NLP, NumPy, Pandas, Python, SQL, Scikit-learn]."
2369,CAND_851,FITNESS,0.06,0.0,0.04,,"AWS, Docker, Git, Machine Learning, NLP, NumPy, Pandas, Python, SQL, Scikit-learn","Candidate CAND_851 shows weak overall alignment (0.06% text similarity, 0.0% skill match). Missing critical requirements: [AWS, Docker, Git, Machine Learning, NLP, NumPy, Pandas, Python, SQL, Scikit-learn]."
2370,CAND_1578,FINANCE,0.07,0.0,0.04,,"AWS, Docker, Git, Machine Learning, NLP, NumPy, Pandas, Python, SQL, Scikit-learn","Candidate CAND_1578 shows weak overall alignment (0.07% text similarity, 0.0% skill match). Missing critical requirements: [AWS, Docker, Git, Machine Learning, NLP, NumPy, Pandas, Python, SQL, Scikit-learn]."
2371,CAND_1374,CHEF,0.06,0.0,0.04,,"AWS, Docker, Git, Machine Learning, NLP, NumPy, Pandas, Python, SQL, Scikit-learn","Candidate CAND_1374 shows weak overall alignment (0.06% text similarity, 0.0% skill match). Missing critical requirements: [AWS, Docker, Git, Machine Learning, NLP, NumPy, Pandas, Python, SQL, Scikit-learn]."
2372,CAND_515,ADVOCATE,0.06,0.0,0.04,,"AWS, Docker, Git, Machine Learning, NLP, NumPy, Pandas, Python, SQL, Scikit-learn","Candidate CAND_515 shows weak overall alignment (0.06% text similarity, 0.0% skill match). Missing critical requirements: [AWS, Docker, Git, Machine Learning, NLP, NumPy, Pandas, Python, SQL, Scikit-learn]."
2373,CAND_2095,PUBLIC-RELATIONS,0.06,0.0,0.04,,"AWS, Docker, Git, Machine Learning, NLP, NumPy, Pandas, Python, SQL, Scikit-learn","Candidate CAND_2095 shows weak overall alignment (0.06% text similarity, 0.0% skill match). Missing critical requirements: [AWS, Docker, Git, Machine Learning, NLP, NumPy, Pandas, Python, SQL, Scikit-learn]."
2374,CAND_2091,PUBLIC-RELATIONS,0.06,0.0,0.04,,"AWS, Docker, Git, Machine Learning, NLP, NumPy, Pandas, Python, SQL, Scikit-learn","Candidate CAND_2091 shows weak overall alignment (0.06% text similarity, 0.0% skill match). Missing critical requirements: [AWS, Docker, Git, Machine Learning, NLP, NumPy, Pandas, Python, SQL, Scikit-learn]."
2375,CAND_644,BUSINESS-DEVELOPMENT,0.07,0.0,0.04,,"AWS, Docker, Git, Machine Learning, NLP, NumPy, Pandas, Python, SQL, Scikit-learn","Candidate CAND_644 shows weak overall alignment (0.07% text similarity, 0.0% skill match). Missing critical requirements: [AWS, Docker, Git, Machine Learning, NLP, NumPy, Pandas, Python, SQL, Scikit-learn]."
2376,CAND_2061,PUBLIC-RELATIONS,0.07,0.0,0.04,,"AWS, Docker, Git, Machine Learning, NLP, NumPy, Pandas, Python, SQL, Scikit-learn","Candidate CAND_2061 shows weak overall alignment (0.07% text similarity, 0.0% skill match). Missing critical requirements: [AWS, Docker, Git, Machine Learning, NLP, NumPy, Pandas, Python, SQL, Scikit-learn]."
2377,CAND_492,ADVOCATE,0.07,0.0,0.04,,"AWS, Docker, Git, Machine Learning, NLP, NumPy, Pandas, Python, SQL, Scikit-learn","Candidate CAND_492 shows weak overall alignment (0.07% text similarity, 0.0% skill match). Missing critical requirements: [AWS, Docker, Git, Machine Learning, NLP, NumPy, Pandas, Python, SQL, Scikit-learn]."
2378,CAND_2056,PUBLIC-RELATIONS,0.07,0.0,0.04,,"AWS, Docker, Git, Machine Learning, NLP, NumPy, Pandas, Python, SQL, Scikit-learn","Candidate CAND_2056 shows weak overall alignment (0.07% text similarity, 0.0% skill match). Missing critical requirements: [AWS, Docker, Git, Machine Learning, NLP, NumPy, Pandas, Python, SQL, Scikit-learn]."
2379,CAND_1584,FINANCE,0.06,0.0,0.04,,"AWS, Docker, Git, Machine Learning, NLP, NumPy, Pandas, Python, SQL, Scikit-learn","Candidate CAND_1584 shows weak overall alignment (0.06% text similarity, 0.0% skill match). Missing critical requirements: [AWS, Docker, Git, Machine Learning, NLP, NumPy, Pandas, Python, SQL, Scikit-learn]."
2380,CAND_513,ADVOCATE,0.07,0.0,0.04,,"AWS, Docker, Git, Machine Learning, NLP, NumPy, Pandas, Python, SQL, Scikit-learn","Candidate CAND_513 shows weak overall alignment (0.07% text similarity, 0.0% skill match). Missing critical requirements: [AWS, Docker, Git, Machine Learning, NLP, NumPy, Pandas, Python, SQL, Scikit-learn]."
2381,CAND_1917,ACCOUNTANT,0.06,0.0,0.04,,"AWS, Docker, Git, Machine Learning, NLP, NumPy, Pandas, Python, SQL, Scikit-learn","Candidate CAND_1917 shows weak overall alignment (0.06% text similarity, 0.0% skill match). Missing critical requirements: [AWS, Docker, Git, Machine Learning, NLP, NumPy, Pandas, Python, SQL, Scikit-learn]."
2382,CAND_855,FITNESS,0.07,0.0,0.04,,"AWS, Docker, Git, Machine Learning, NLP, NumPy, Pandas, Python, SQL, Scikit-learn","Candidate CAND_855 shows weak overall alignment (0.07% text similarity, 0.0% skill match). Missing critical requirements: [AWS, Docker, Git, Machine Learning, NLP, NumPy, Pandas, Python, SQL, Scikit-learn]."
2383,CAND_635,BUSINESS-DEVELOPMENT,0.06,0.0,0.04,,"AWS, Docker, Git, Machine Learning, NLP, NumPy, Pandas, Python, SQL, Scikit-learn","Candidate CAND_635 shows weak overall alignment (0.06% text similarity, 0.0% skill match). Missing critical requirements: [AWS, Docker, Git, Machine Learning, NLP, NumPy, Pandas, Python, SQL, Scikit-learn]."
2384,CAND_1558,FINANCE,0.07,0.0,0.04,,"AWS, Docker, Git, Machine Learning, NLP, NumPy, Pandas, Python, SQL, Scikit-learn","Candidate CAND_1558 shows weak overall alignment (0.07% text similarity, 0.0% skill match). Missing critical requirements: [AWS, Docker, Git, Machine Learning, NLP, NumPy, Pandas, Python, SQL, Scikit-learn]."
2385,CAND_457,ADVOCATE,0.06,0.0,0.04,,"AWS, Docker, Git, Machine Learning, NLP, NumPy, Pandas, Python, SQL, Scikit-learn","Candidate CAND_457 shows weak overall alignment (0.06% text similarity, 0.0% skill match). Missing critical requirements: [AWS, Docker, Git, Machine Learning, NLP, NumPy, Pandas, Python, SQL, Scikit-learn]."
2386,CAND_1409,CHEF,0.06,0.0,0.04,,"AWS, Docker, Git, Machine Learning, NLP, NumPy, Pandas, Python, SQL, Scikit-learn","Candidate CAND_1409 shows weak overall alignment (0.06% text similarity, 0.0% skill match). Missing critical requirements: [AWS, Docker, Git, Machine Learning, NLP, NumPy, Pandas, Python, SQL, Scikit-learn]."
2387,CAND_1502,FINANCE,0.07,0.0,0.04,,"AWS, Docker, Git, Machine Learning, NLP, NumPy, Pandas, Python, SQL, Scikit-learn","Candidate CAND_1502 shows weak overall alignment (0.07% text similarity, 0.0% skill match). Missing critical requirements: [AWS, Docker, Git, Machine Learning, NLP, NumPy, Pandas, Python, SQL, Scikit-learn]."
2388,CAND_1687,APPAREL,0.07,0.0,0.04,,"AWS, Docker, Git, Machine Learning, NLP, NumPy, Pandas, Python, SQL, Scikit-learn","Candidate CAND_1687 shows weak overall alignment (0.07% text similarity, 0.0% skill match). Missing critical requirements: [AWS, Docker, Git, Machine Learning, NLP, NumPy, Pandas, Python, SQL, Scikit-learn]."
2389,CAND_2122,PUBLIC-RELATIONS,0.07,0.0,0.04,,"AWS, Docker, Git, Machine Learning, NLP, NumPy, Pandas, Python, SQL, Scikit-learn","Candidate CAND_2122 shows weak overall alignment (0.07% text similarity, 0.0% skill match). Missing critical requirements: [AWS, Docker, Git, Machine Learning, NLP, NumPy, Pandas, Python, SQL, Scikit-learn]."
2390,CAND_938,AGRICULTURE,0.06,0.0,0.04,,"AWS, Docker, Git, Machine Learning, NLP, NumPy, Pandas, Python, SQL, Scikit-learn","Candidate CAND_938 shows weak overall alignment (0.06% text similarity, 0.0% skill match). Missing critical requirements: [AWS, Docker, Git, Machine Learning, NLP, NumPy, Pandas, Python, SQL, Scikit-learn]."
2391,CAND_2066,PUBLIC-RELATIONS,0.06,0.0,0.04,,"AWS, Docker, Git, Machine Learning, NLP, NumPy, Pandas, Python, SQL, Scikit-learn","Candidate CAND_2066 shows weak overall alignment (0.06% text similarity, 0.0% skill match). Missing critical requirements: [AWS, Docker, Git, Machine Learning, NLP, NumPy, Pandas, Python, SQL, Scikit-learn]."
2392,CAND_1508,FINANCE,0.07,0.0,0.04,,"AWS, Docker, Git, Machine Learning, NLP, NumPy, Pandas, Python, SQL, Scikit-learn","Candidate CAND_1508 shows weak overall alignment (0.07% text similarity, 0.0% skill match). Missing critical requirements: [AWS, Docker, Git, Machine Learning, NLP, NumPy, Pandas, Python, SQL, Scikit-learn]."
2393,CAND_854,FITNESS,0.06,0.0,0.04,,"AWS, Docker, Git, Machine Learning, NLP, NumPy, Pandas, Python, SQL, Scikit-learn","Candidate CAND_854 shows weak overall alignment (0.06% text similarity, 0.0% skill match). Missing critical requirements: [AWS, Docker, Git, Machine Learning, NLP, NumPy, Pandas, Python, SQL, Scikit-learn]."
2394,CAND_1894,ACCOUNTANT,0.06,0.0,0.04,,"AWS, Docker, Git, Machine Learning, NLP, NumPy, Pandas, Python, SQL, Scikit-learn","Candidate CAND_1894 shows weak overall alignment (0.06% text similarity, 0.0% skill match). Missing critical requirements: [AWS, Docker, Git, Machine Learning, NLP, NumPy, Pandas, Python, SQL, Scikit-learn]."
2395,CAND_1513,FINANCE,0.07,0.0,0.04,,"AWS, Docker, Git, Machine Learning, NLP, NumPy, Pandas, Python, SQL, Scikit-learn","Candidate CAND_1513 shows weak overall alignment (0.07% text similarity, 0.0% skill match). Missing critical requirements: [AWS, Docker, Git, Machine Learning, NLP, NumPy, Pandas, Python, SQL, Scikit-learn]."
2396,CAND_940,AGRICULTURE,0.06,0.0,0.04,,"AWS, Docker, Git, Machine Learning, NLP, NumPy, Pandas, Python, SQL, Scikit-learn","Candidate CAND_940 shows weak overall alignment (0.06% text similarity, 0.0% skill match). Missing critical requirements: [AWS, Docker, Git, Machine Learning, NLP, NumPy, Pandas, Python, SQL, Scikit-learn]."
2397,CAND_1566,FINANCE,0.05,0.0,0.03,,"AWS, Docker, Git, Machine Learning, NLP, NumPy, Pandas, Python, SQL, Scikit-learn","Candidate CAND_1566 shows weak overall alignment (0.05% text similarity, 0.0% skill match). Missing critical requirements: [AWS, Docker, Git, Machine Learning, NLP, NumPy, Pandas, Python, SQL, Scikit-learn]."
2398,CAND_2473,AVIATION,0.05,0.0,0.03,,"AWS, Docker, Git, Machine Learning, NLP, NumPy, Pandas, Python, SQL, Scikit-learn","Candidate CAND_2473 shows weak overall alignment (0.05% text similarity, 0.0% skill match). Missing critical requirements: [AWS, Docker, Git, Machine Learning, NLP, NumPy, Pandas, Python, SQL, Scikit-learn]."
2399,CAND_725,HEALTHCARE,0.05,0.0,0.03,,"AWS, Docker, Git, Machine Learning, NLP, NumPy, Pandas, Python, SQL, Scikit-learn","Candidate CAND_725 shows weak overall alignment (0.05% text similarity, 0.0% skill match). Missing critical requirements: [AWS, Docker, Git, Machine Learning, NLP, NumPy, Pandas, Python, SQL, Scikit-learn]."
2400,CAND_497,ADVOCATE,0.05,0.0,0.03,,"AWS, Docker, Git, Machine Learning, NLP, NumPy, Pandas, Python, SQL, Scikit-learn","Candidate CAND_497 shows weak overall alignment (0.05% text similarity, 0.0% skill match). Missing critical requirements: [AWS, Docker, Git, Machine Learning, NLP, NumPy, Pandas, Python, SQL, Scikit-learn]."
2401,CAND_2456,AVIATION,0.05,0.0,0.03,,"AWS, Docker, Git, Machine Learning, NLP, NumPy, Pandas, Python, SQL, Scikit-learn","Candidate CAND_2456 shows weak overall alignment (0.05% text similarity, 0.0% skill match). Missing critical requirements: [AWS, Docker, Git, Machine Learning, NLP, NumPy, Pandas, Python, SQL, Scikit-learn]."
2402,CAND_1999,CONSTRUCTION,0.05,0.0,0.03,,"AWS, Docker, Git, Machine Learning, NLP, NumPy, Pandas, Python, SQL, Scikit-learn","Candidate CAND_1999 shows weak overall alignment (0.05% text similarity, 0.0% skill match). Missing critical requirements: [AWS, Docker, Git, Machine Learning, NLP, NumPy, Pandas, Python, SQL, Scikit-learn]."
2403,CAND_1478,FINANCE,0.05,0.0,0.03,,"AWS, Docker, Git, Machine Learning, NLP, NumPy, Pandas, Python, SQL, Scikit-learn","Candidate CAND_1478 shows weak overall alignment (0.05% text similarity, 0.0% skill match). Missing critical requirements: [AWS, Docker, Git, Machine Learning, NLP, NumPy, Pandas, Python, SQL, Scikit-learn]."
2404,CAND_2047,PUBLIC-RELATIONS,0.05,0.0,0.03,,"AWS, Docker, Git, Machine Learning, NLP, NumPy, Pandas, Python, SQL, Scikit-learn","Candidate CAND_2047 shows weak overall alignment (0.05% text similarity, 0.0% skill match). Missing critical requirements: [AWS, Docker, Git, Machine Learning, NLP, NumPy, Pandas, Python, SQL, Scikit-learn]."
2405,CAND_1535,FINANCE,0.05,0.0,0.03,,"AWS, Docker, Git, Machine Learning, NLP, NumPy, Pandas, Python, SQL, Scikit-learn","Candidate CAND_1535 shows weak overall alignment (0.05% text similarity, 0.0% skill match). Missing critical requirements: [AWS, Docker, Git, Machine Learning, NLP, NumPy, Pandas, Python, SQL, Scikit-learn]."
2406,CAND_384,TEACHER,0.05,0.0,0.03,,"AWS, Docker, Git, Machine Learning, NLP, NumPy, Pandas, Python, SQL, Scikit-learn","Candidate CAND_384 shows weak overall alignment (0.05% text similarity, 0.0% skill match). Missing critical requirements: [AWS, Docker, Git, Machine Learning, NLP, NumPy, Pandas, Python, SQL, Scikit-learn]."
2407,CAND_2041,PUBLIC-RELATIONS,0.05,0.0,0.03,,"AWS, Docker, Git, Machine Learning, NLP, NumPy, Pandas, Python, SQL, Scikit-learn","Candidate CAND_2041 shows weak overall alignment (0.05% text similarity, 0.0% skill match). Missing critical requirements: [AWS, Docker, Git, Machine Learning, NLP, NumPy, Pandas, Python, SQL, Scikit-learn]."
2408,CAND_958,AGRICULTURE,0.05,0.0,0.03,,"AWS, Docker, Git, Machine Learning, NLP, NumPy, Pandas, Python, SQL, Scikit-learn","Candidate CAND_958 shows weak overall alignment (0.05% text similarity, 0.0% skill match). Missing critical requirements: [AWS, Docker, Git, Machine Learning, NLP, NumPy, Pandas, Python, SQL, Scikit-learn]."
2409,CAND_976,BPO,0.05,0.0,0.03,,"AWS, Docker, Git, Machine Learning, NLP, NumPy, Pandas, Python, SQL, Scikit-learn","Candidate CAND_976 shows weak overall alignment (0.05% text similarity, 0.0% skill match). Missing critical requirements: [AWS, Docker, Git, Machine Learning, NLP, NumPy, Pandas, Python, SQL, Scikit-learn]."
2410,CAND_1494,FINANCE,0.05,0.0,0.03,,"AWS, Docker, Git, Machine Learning, NLP, NumPy, Pandas, Python, SQL, Scikit-learn","Candidate CAND_1494 shows weak overall alignment (0.05% text similarity, 0.0% skill match). Missing critical requirements: [AWS, Docker, Git, Machine Learning, NLP, NumPy, Pandas, Python, SQL, Scikit-learn]."
2411,CAND_971,AGRICULTURE,0.05,0.0,0.03,,"AWS, Docker, Git, Machine Learning, NLP, NumPy, Pandas, Python, SQL, Scikit-learn","Candidate CAND_971 shows weak overall alignment (0.05% text similarity, 0.0% skill match). Missing critical requirements: [AWS, Docker, Git, Machine Learning, NLP, NumPy, Pandas, Python, SQL, Scikit-learn]."
2412,CAND_972,AGRICULTURE,0.05,0.0,0.03,,"AWS, Docker, Git, Machine Learning, NLP, NumPy, Pandas, Python, SQL, Scikit-learn","Candidate CAND_972 shows weak overall alignment (0.05% text similarity, 0.0% skill match). Missing critical requirements: [AWS, Docker, Git, Machine Learning, NLP, NumPy, Pandas, Python, SQL, Scikit-learn]."
2413,CAND_1443,CHEF,0.05,0.0,0.03,,"AWS, Docker, Git, Machine Learning, NLP, NumPy, Pandas, Python, SQL, Scikit-learn","Candidate CAND_1443 shows weak overall alignment (0.05% text similarity, 0.0% skill match). Missing critical requirements: [AWS, Docker, Git, Machine Learning, NLP, NumPy, Pandas, Python, SQL, Scikit-learn]."
2414,CAND_2067,PUBLIC-RELATIONS,0.05,0.0,0.03,,"AWS, Docker, Git, Machine Learning, NLP, NumPy, Pandas, Python, SQL, Scikit-learn","Candidate CAND_2067 shows weak overall alignment (0.05% text similarity, 0.0% skill match). Missing critical requirements: [AWS, Docker, Git, Machine Learning, NLP, NumPy, Pandas, Python, SQL, Scikit-learn]."
2415,CAND_829,FITNESS,0.05,0.0,0.03,,"AWS, Docker, Git, Machine Learning, NLP, NumPy, Pandas, Python, SQL, Scikit-learn","Candidate CAND_829 shows weak overall alignment (0.05% text similarity, 0.0% skill match). Missing critical requirements: [AWS, Docker, Git, Machine Learning, NLP, NumPy, Pandas, Python, SQL, Scikit-learn]."
2416,CAND_857,FITNESS,0.05,0.0,0.03,,"AWS, Docker, Git, Machine Learning, NLP, NumPy, Pandas, Python, SQL, Scikit-learn","Candidate CAND_857 shows weak overall alignment (0.05% text similarity, 0.0% skill match). Missing critical requirements: [AWS, Docker, Git, Machine Learning, NLP, NumPy, Pandas, Python, SQL, Scikit-learn]."
2417,CAND_1682,APPAREL,0.05,0.0,0.03,,"AWS, Docker, Git, Machine Learning, NLP, NumPy, Pandas, Python, SQL, Scikit-learn","Candidate CAND_1682 shows weak overall alignment (0.05% text similarity, 0.0% skill match). Missing critical requirements: [AWS, Docker, Git, Machine Learning, NLP, NumPy, Pandas, Python, SQL, Scikit-learn]."
2418,CAND_2282,ARTS,0.05,0.0,0.03,,"AWS, Docker, Git, Machine Learning, NLP, NumPy, Pandas, Python, SQL, Scikit-learn","Candidate CAND_2282 shows weak overall alignment (0.05% text similarity, 0.0% skill match). Missing critical requirements: [AWS, Docker, Git, Machine Learning, NLP, NumPy, Pandas, Python, SQL, Scikit-learn]."
2419,CAND_2364,ARTS,0.05,0.0,0.03,,"AWS, Docker, Git, Machine Learning, NLP, NumPy, Pandas, Python, SQL, Scikit-learn","Candidate CAND_2364 shows weak overall alignment (0.05% text similarity, 0.0% skill match). Missing critical requirements: [AWS, Docker, Git, Machine Learning, NLP, NumPy, Pandas, Python, SQL, Scikit-learn]."
2420,CAND_784,HEALTHCARE,0.05,0.0,0.03,,"AWS, Docker, Git, Machine Learning, NLP, NumPy, Pandas, Python, SQL, Scikit-learn","Candidate CAND_784 shows weak overall alignment (0.05% text similarity, 0.0% skill match). Missing critical requirements: [AWS, Docker, Git, Machine Learning, NLP, NumPy, Pandas, Python, SQL, Scikit-learn]."
2421,CAND_1072,SALES,0.05,0.0,0.03,,"AWS, Docker, Git, Machine Learning, NLP, NumPy, Pandas, Python, SQL, Scikit-learn","Candidate CAND_1072 shows weak overall alignment (0.05% text similarity, 0.0% skill match). Missing critical requirements: [AWS, Docker, Git, Machine Learning, NLP, NumPy, Pandas, Python, SQL, Scikit-learn]."
2422,CAND_2250,BANKING,0.05,0.0,0.03,,"AWS, Docker, Git, Machine Learning, NLP, NumPy, Pandas, Python, SQL, Scikit-learn","Candidate CAND_2250 shows weak overall alignment (0.05% text similarity, 0.0% skill match). Missing critical requirements: [AWS, Docker, Git, Machine Learning, NLP, NumPy, Pandas, Python, SQL, Scikit-learn]."
2423,CAND_1881,ACCOUNTANT,0.05,0.0,0.03,,"AWS, Docker, Git, Machine Learning, NLP, NumPy, Pandas, Python, SQL, Scikit-learn","Candidate CAND_1881 shows weak overall alignment (0.05% text similarity, 0.0% skill match). Missing critical requirements: [AWS, Docker, Git, Machine Learning, NLP, NumPy, Pandas, Python, SQL, Scikit-learn]."
2424,CAND_1431,CHEF,0.05,0.0,0.03,,"AWS, Docker, Git, Machine Learning, NLP, NumPy, Pandas, Python, SQL, Scikit-learn","Candidate CAND_1431 shows weak overall alignment (0.05% text similarity, 0.0% skill match). Missing critical requirements: [AWS, Docker, Git, Machine Learning, NLP, NumPy, Pandas, Python, SQL, Scikit-learn]."
2425,CAND_2301,ARTS,0.05,0.0,0.03,,"AWS, Docker, Git, Machine Learning, NLP, NumPy, Pandas, Python, SQL, Scikit-learn","Candidate CAND_2301 shows weak overall alignment (0.05% text similarity, 0.0% skill match). Missing critical requirements: [AWS, Docker, Git, Machine Learning, NLP, NumPy, Pandas, Python, SQL, Scikit-learn]."
2426,CAND_1316,DIGITAL-MEDIA,0.05,0.0,0.03,,"AWS, Docker, Git, Machine Learning, NLP, NumPy, Pandas, Python, SQL, Scikit-learn","Candidate CAND_1316 shows weak overall alignment (0.05% text similarity, 0.0% skill match). Missing critical requirements: [AWS, Docker, Git, Machine Learning, NLP, NumPy, Pandas, Python, SQL, Scikit-learn]."
2427,CAND_756,HEALTHCARE,0.05,0.0,0.03,,"AWS, Docker, Git, Machine Learning, NLP, NumPy, Pandas, Python, SQL, Scikit-learn","Candidate CAND_756 shows weak overall alignment (0.05% text similarity, 0.0% skill match). Missing critical requirements: [AWS, Docker, Git, Machine Learning, NLP, NumPy, Pandas, Python, SQL, Scikit-learn]."
2428,CAND_322,INFORMATION-TECHNOLOGY,0.05,0.0,0.03,,"AWS, Docker, Git, Machine Learning, NLP, NumPy, Pandas, Python, SQL, Scikit-learn","Candidate CAND_322 shows weak overall alignment (0.05% text similarity, 0.0% skill match). Missing critical requirements: [AWS, Docker, Git, Machine Learning, NLP, NumPy, Pandas, Python, SQL, Scikit-learn]."
2429,CAND_599,BUSINESS-DEVELOPMENT,0.05,0.0,0.03,,"AWS, Docker, Git, Machine Learning, NLP, NumPy, Pandas, Python, SQL, Scikit-learn","Candidate CAND_599 shows weak overall alignment (0.05% text similarity, 0.0% skill match). Missing critical requirements: [AWS, Docker, Git, Machine Learning, NLP, NumPy, Pandas, Python, SQL, Scikit-learn]."
2430,CAND_1356,AUTOMOBILE,0.05,0.0,0.03,,"AWS, Docker, Git, Machine Learning, NLP, NumPy, Pandas, Python, SQL, Scikit-learn","Candidate CAND_1356 shows weak overall alignment (0.05% text similarity, 0.0% skill match). Missing critical requirements: [AWS, Docker, Git, Machine Learning, NLP, NumPy, Pandas, Python, SQL, Scikit-learn]."
2431,CAND_1020,SALES,0.05,0.0,0.03,,"AWS, Docker, Git, Machine Learning, NLP, NumPy, Pandas, Python, SQL, Scikit-learn","Candidate CAND_1020 shows weak overall alignment (0.05% text similarity, 0.0% skill match). Missing critical requirements: [AWS, Docker, Git, Machine Learning, NLP, NumPy, Pandas, Python, SQL, Scikit-learn]."
2432,CAND_160,DESIGNER,0.05,0.0,0.03,,"AWS, Docker, Git, Machine Learning, NLP, NumPy, Pandas, Python, SQL, Scikit-learn","Candidate CAND_160 shows weak overall alignment (0.05% text similarity, 0.0% skill match). Missing critical requirements: [AWS, Docker, Git, Machine Learning, NLP, NumPy, Pandas, Python, SQL, Scikit-learn]."
2433,CAND_1362,CHEF,0.05,0.0,0.03,,"AWS, Docker, Git, Machine Learning, NLP, NumPy, Pandas, Python, SQL, Scikit-learn","Candidate CAND_1362 shows weak overall alignment (0.05% text similarity, 0.0% skill match). Missing critical requirements: [AWS, Docker, Git, Machine Learning, NLP, NumPy, Pandas, Python, SQL, Scikit-learn]."
2434,CAND_2469,AVIATION,0.03,0.0,0.02,,"AWS, Docker, Git, Machine Learning, NLP, NumPy, Pandas, Python, SQL, Scikit-learn","Candidate CAND_2469 shows weak overall alignment (0.03% text similarity, 0.0% skill match). Missing critical requirements: [AWS, Docker, Git, Machine Learning, NLP, NumPy, Pandas, Python, SQL, Scikit-learn]."
2435,CAND_1387,CHEF,0.03,0.0,0.02,,"AWS, Docker, Git, Machine Learning, NLP, NumPy, Pandas, Python, SQL, Scikit-learn","Candidate CAND_1387 shows weak overall alignment (0.03% text similarity, 0.0% skill match). Missing critical requirements: [AWS, Docker, Git, Machine Learning, NLP, NumPy, Pandas, Python, SQL, Scikit-learn]."
2436,CAND_1636,APPAREL,0.03,0.0,0.02,,"AWS, Docker, Git, Machine Learning, NLP, NumPy, Pandas, Python, SQL, Scikit-learn","Candidate CAND_1636 shows weak overall alignment (0.03% text similarity, 0.0% skill match). Missing critical requirements: [AWS, Docker, Git, Machine Learning, NLP, NumPy, Pandas, Python, SQL, Scikit-learn]."
2437,CAND_2065,PUBLIC-RELATIONS,0.04,0.0,0.02,,"AWS, Docker, Git, Machine Learning, NLP, NumPy, Pandas, Python, SQL, Scikit-learn","Candidate CAND_2065 shows weak overall alignment (0.04% text similarity, 0.0% skill match). Missing critical requirements: [AWS, Docker, Git, Machine Learning, NLP, NumPy, Pandas, Python, SQL, Scikit-learn]."
2438,CAND_1071,SALES,0.04,0.0,0.02,,"AWS, Docker, Git, Machine Learning, NLP, NumPy, Pandas, Python, SQL, Scikit-learn","Candidate CAND_1071 shows weak overall alignment (0.04% text similarity, 0.0% skill match). Missing critical requirements: [AWS, Docker, Git, Machine Learning, NLP, NumPy, Pandas, Python, SQL, Scikit-learn]."
2439,CAND_1220,CONSULTANT,0.04,0.0,0.02,,"AWS, Docker, Git, Machine Learning, NLP, NumPy, Pandas, Python, SQL, Scikit-learn","Candidate CAND_1220 shows weak overall alignment (0.04% text similarity, 0.0% skill match). Missing critical requirements: [AWS, Docker, Git, Machine Learning, NLP, NumPy, Pandas, Python, SQL, Scikit-learn]."
2440,CAND_2323,ARTS,0.04,0.0,0.02,,"AWS, Docker, Git, Machine Learning, NLP, NumPy, Pandas, Python, SQL, Scikit-learn","Candidate CAND_2323 shows weak overall alignment (0.04% text similarity, 0.0% skill match). Missing critical requirements: [AWS, Docker, Git, Machine Learning, NLP, NumPy, Pandas, Python, SQL, Scikit-learn]."
2441,CAND_168,DESIGNER,0.04,0.0,0.02,,"AWS, Docker, Git, Machine Learning, NLP, NumPy, Pandas, Python, SQL, Scikit-learn","Candidate CAND_168 shows weak overall alignment (0.04% text similarity, 0.0% skill match). Missing critical requirements: [AWS, Docker, Git, Machine Learning, NLP, NumPy, Pandas, Python, SQL, Scikit-learn]."
2442,CAND_2307,ARTS,0.04,0.0,0.02,,"AWS, Docker, Git, Machine Learning, NLP, NumPy, Pandas, Python, SQL, Scikit-learn","Candidate CAND_2307 shows weak overall alignment (0.04% text similarity, 0.0% skill match). Missing critical requirements: [AWS, Docker, Git, Machine Learning, NLP, NumPy, Pandas, Python, SQL, Scikit-learn]."
2443,CAND_1398,CHEF,0.04,0.0,0.02,,"AWS, Docker, Git, Machine Learning, NLP, NumPy, Pandas, Python, SQL, Scikit-learn","Candidate CAND_1398 shows weak overall alignment (0.04% text similarity, 0.0% skill match). Missing critical requirements: [AWS, Docker, Git, Machine Learning, NLP, NumPy, Pandas, Python, SQL, Scikit-learn]."
2444,CAND_1083,SALES,0.04,0.0,0.02,,"AWS, Docker, Git, Machine Learning, NLP, NumPy, Pandas, Python, SQL, Scikit-learn","Candidate CAND_1083 shows weak overall alignment (0.04% text similarity, 0.0% skill match). Missing critical requirements: [AWS, Docker, Git, Machine Learning, NLP, NumPy, Pandas, Python, SQL, Scikit-learn]."
2445,CAND_1634,APPAREL,0.03,0.0,0.02,,"AWS, Docker, Git, Machine Learning, NLP, NumPy, Pandas, Python, SQL, Scikit-learn","Candidate CAND_1634 shows weak overall alignment (0.03% text similarity, 0.0% skill match). Missing critical requirements: [AWS, Docker, Git, Machine Learning, NLP, NumPy, Pandas, Python, SQL, Scikit-learn]."
2446,CAND_2448,AVIATION,0.03,0.0,0.02,,"AWS, Docker, Git, Machine Learning, NLP, NumPy, Pandas, Python, SQL, Scikit-learn","Candidate CAND_2448 shows weak overall alignment (0.03% text similarity, 0.0% skill match). Missing critical requirements: [AWS, Docker, Git, Machine Learning, NLP, NumPy, Pandas, Python, SQL, Scikit-learn]."
2447,CAND_633,BUSINESS-DEVELOPMENT,0.03,0.0,0.02,,"AWS, Docker, Git, Machine Learning, NLP, NumPy, Pandas, Python, SQL, Scikit-learn","Candidate CAND_633 shows weak overall alignment (0.03% text similarity, 0.0% skill match). Missing critical requirements: [AWS, Docker, Git, Machine Learning, NLP, NumPy, Pandas, Python, SQL, Scikit-learn]."
2448,CAND_2373,AVIATION,0.04,0.0,0.02,,"AWS, Docker, Git, Machine Learning, NLP, NumPy, Pandas, Python, SQL, Scikit-learn","Candidate CAND_2373 shows weak overall alignment (0.04% text similarity, 0.0% skill match). Missing critical requirements: [AWS, Docker, Git, Machine Learning, NLP, NumPy, Pandas, Python, SQL, Scikit-learn]."
2449,CAND_2176,BANKING,0.04,0.0,0.02,,"AWS, Docker, Git, Machine Learning, NLP, NumPy, Pandas, Python, SQL, Scikit-learn","Candidate CAND_2176 shows weak overall alignment (0.04% text similarity, 0.0% skill match). Missing critical requirements: [AWS, Docker, Git, Machine Learning, NLP, NumPy, Pandas, Python, SQL, Scikit-learn]."
2450,CAND_814,FITNESS,0.04,0.0,0.02,,"AWS, Docker, Git, Machine Learning, NLP, NumPy, Pandas, Python, SQL, Scikit-learn","Candidate CAND_814 shows weak overall alignment (0.04% text similarity, 0.0% skill match). Missing critical requirements: [AWS, Docker, Git, Machine Learning, NLP, NumPy, Pandas, Python, SQL, Scikit-learn]."
2451,CAND_1263,DIGITAL-MEDIA,0.04,0.0,0.02,,"AWS, Docker, Git, Machine Learning, NLP, NumPy, Pandas, Python, SQL, Scikit-learn","Candidate CAND_1263 shows weak overall alignment (0.04% text similarity, 0.0% skill match). Missing critical requirements: [AWS, Docker, Git, Machine Learning, NLP, NumPy, Pandas, Python, SQL, Scikit-learn]."
2452,CAND_1367,CHEF,0.01,0.0,0.01,,"AWS, Docker, Git, Machine Learning, NLP, NumPy, Pandas, Python, SQL, Scikit-learn","Candidate CAND_1367 shows weak overall alignment (0.01% text similarity, 0.0% skill match). Missing critical requirements: [AWS, Docker, Git, Machine Learning, NLP, NumPy, Pandas, Python, SQL, Scikit-learn]."
2453,CAND_1563,FINANCE,0.0,0.0,0.0,,"AWS, Docker, Git, Machine Learning, NLP, NumPy, Pandas, Python, SQL, Scikit-learn","Candidate CAND_1563 shows weak overall alignment (0.0% text similarity, 0.0% skill match). Missing critical requirements: [AWS, Docker, Git, Machine Learning, NLP, NumPy, Pandas, Python, SQL, Scikit-learn]."
2454,CAND_657,BUSINESS-DEVELOPMENT,0.0,0.0,0.0,,"AWS, Docker, Git, Machine Learning, NLP, NumPy, Pandas, Python, SQL, Scikit-learn","Candidate CAND_657 shows weak overall alignment (0.0% text similarity, 0.0% skill match). Missing critical requirements: [AWS, Docker, Git, Machine Learning, NLP, NumPy, Pandas, Python, SQL, Scikit-learn]."
2455,CAND_1638,APPAREL,0.0,0.0,0.0,,"AWS, Docker, Git, Machine Learning, NLP, NumPy, Pandas, Python, SQL, Scikit-learn","Candidate CAND_1638 shows weak overall alignment (0.0% text similarity, 0.0% skill match). Missing critical requirements: [AWS, Docker, Git, Machine Learning, NLP, NumPy, Pandas, Python, SQL, Scikit-learn]."
2456,CAND_426,TEACHER,0.0,0.0,0.0,,"AWS, Docker, Git, Machine Learning, NLP, NumPy, Pandas, Python, SQL, Scikit-learn","Candidate CAND_426 shows weak overall alignment (0.0% text similarity, 0.0% skill match). Missing critical requirements: [AWS, Docker, Git, Machine Learning, NLP, NumPy, Pandas, Python, SQL, Scikit-learn]."
2457,CAND_1476,FINANCE,0.0,0.0,0.0,,"AWS, Docker, Git, Machine Learning, NLP, NumPy, Pandas, Python, SQL, Scikit-learn","Candidate CAND_1476 shows weak overall alignment (0.0% text similarity, 0.0% skill match). Missing critical requirements: [AWS, Docker, Git, Machine Learning, NLP, NumPy, Pandas, Python, SQL, Scikit-learn]."
2458,CAND_147,DESIGNER,0.0,0.0,0.0,,"AWS, Docker, Git, Machine Learning, NLP, NumPy, Pandas, Python, SQL, Scikit-learn","Candidate CAND_147 shows weak overall alignment (0.0% text similarity, 0.0% skill match). Missing critical requirements: [AWS, Docker, Git, Machine Learning, NLP, NumPy, Pandas, Python, SQL, Scikit-learn]."
2459,CAND_1849,ACCOUNTANT,0.0,0.0,0.0,,"AWS, Docker, Git, Machine Learning, NLP, NumPy, Pandas, Python, SQL, Scikit-learn","Candidate CAND_1849 shows weak overall alignment (0.0% text similarity, 0.0% skill match). Missing critical requirements: [AWS, Docker, Git, Machine Learning, NLP, NumPy, Pandas, Python, SQL, Scikit-learn]."
2460,CAND_690,HEALTHCARE,0.0,0.0,0.0,,"AWS, Docker, Git, Machine Learning, NLP, NumPy, Pandas, Python, SQL, Scikit-learn","Candidate CAND_690 shows weak overall alignment (0.0% text similarity, 0.0% skill match). Missing critical requirements: [AWS, Docker, Git, Machine Learning, NLP, NumPy, Pandas, Python, SQL, Scikit-learn]."
2461,CAND_1075,SALES,0.0,0.0,0.0,,"AWS, Docker, Git, Machine Learning, NLP, NumPy, Pandas, Python, SQL, Scikit-learn","Candidate CAND_1075 shows weak overall alignment (0.0% text similarity, 0.0% skill match). Missing critical requirements: [AWS, Docker, Git, Machine Learning, NLP, NumPy, Pandas, Python, SQL, Scikit-learn]."
2462,CAND_1654,APPAREL,0.0,0.0,0.0,,"AWS, Docker, Git, Machine Learning, NLP, NumPy, Pandas, Python, SQL, Scikit-learn","Candidate CAND_1654 shows weak overall alignment (0.0% text similarity, 0.0% skill match). Missing critical requirements: [AWS, Docker, Git, Machine Learning, NLP, NumPy, Pandas, Python, SQL, Scikit-learn]."
2463,CAND_1127,CONSULTANT,0.0,0.0,0.0,,"AWS, Docker, Git, Machine Learning, NLP, NumPy, Pandas, Python, SQL, Scikit-learn","Candidate CAND_1127 shows weak overall alignment (0.0% text similarity, 0.0% skill match). Missing critical requirements: [AWS, Docker, Git, Machine Learning, NLP, NumPy, Pandas, Python, SQL, Scikit-learn]."
2464,CAND_494,ADVOCATE,0.0,0.0,0.0,,"AWS, Docker, Git, Machine Learning, NLP, NumPy, Pandas, Python, SQL, Scikit-learn","Candidate CAND_494 shows weak overall alignment (0.0% text similarity, 0.0% skill match). Missing critical requirements: [AWS, Docker, Git, Machine Learning, NLP, NumPy, Pandas, Python, SQL, Scikit-learn]."
2465,CAND_1592,FINANCE,0.0,0.0,0.0,,"AWS, Docker, Git, Machine Learning, NLP, NumPy, Pandas, Python, SQL, Scikit-learn","Candidate CAND_1592 shows weak overall alignment (0.0% text similarity, 0.0% skill match). Missing critical requirements: [AWS, Docker, Git, Machine Learning, NLP, NumPy, Pandas, Python, SQL, Scikit-learn]."
2466,CAND_2086,PUBLIC-RELATIONS,0.0,0.0,0.0,,"AWS, Docker, Git, Machine Learning, NLP, NumPy, Pandas, Python, SQL, Scikit-learn","Candidate CAND_2086 shows weak overall alignment (0.0% text similarity, 0.0% skill match). Missing critical requirements: [AWS, Docker, Git, Machine Learning, NLP, NumPy, Pandas, Python, SQL, Scikit-learn]."
2467,CAND_1913,ACCOUNTANT,0.0,0.0,0.0,,"AWS, Docker, Git, Machine Learning, NLP, NumPy, Pandas, Python, SQL, Scikit-learn","Candidate CAND_1913 shows weak overall alignment (0.0% text similarity, 0.0% skill match). Missing critical requirements: [AWS, Docker, Git, Machine Learning, NLP, NumPy, Pandas, Python, SQL, Scikit-learn]."
2468,CAND_770,HEALTHCARE,0.0,0.0,0.0,,"AWS, Docker, Git, Machine Learning, NLP, NumPy, Pandas, Python, SQL, Scikit-learn","Candidate CAND_770 shows weak overall alignment (0.0% text similarity, 0.0% skill match). Missing critical requirements: [AWS, Docker, Git, Machine Learning, NLP, NumPy, Pandas, Python, SQL, Scikit-learn]."
2469,CAND_213,DESIGNER,0.0,0.0,0.0,,"AWS, Docker, Git, Machine Learning, NLP, NumPy, Pandas, Python, SQL, Scikit-learn","Candidate CAND_213 shows weak overall alignment (0.0% text similarity, 0.0% skill match). Missing critical requirements: [AWS, Docker, Git, Machine Learning, NLP, NumPy, Pandas, Python, SQL, Scikit-learn]."
2470,CAND_1326,AUTOMOBILE,0.0,0.0,0.0,,"AWS, Docker, Git, Machine Learning, NLP, NumPy, Pandas, Python, SQL, Scikit-learn","Candidate CAND_1326 shows weak overall alignment (0.0% text similarity, 0.0% skill match). Missing critical requirements: [AWS, Docker, Git, Machine Learning, NLP, NumPy, Pandas, Python, SQL, Scikit-learn]."
2471,CAND_1414,CHEF,0.0,0.0,0.0,,"AWS, Docker, Git, Machine Learning, NLP, NumPy, Pandas, Python, SQL, Scikit-learn","Candidate CAND_1414 shows weak overall alignment (0.0% text similarity, 0.0% skill match). Missing critical requirements: [AWS, Docker, Git, Machine Learning, NLP, NumPy, Pandas, Python, SQL, Scikit-learn]."
2472,CAND_1385,CHEF,0.0,0.0,0.0,,"AWS, Docker, Git, Machine Learning, NLP, NumPy, Pandas, Python, SQL, Scikit-learn","Candidate CAND_1385 shows weak overall alignment (0.0% text similarity, 0.0% skill match). Missing critical requirements: [AWS, Docker, Git, Machine Learning, NLP, NumPy, Pandas, Python, SQL, Scikit-learn]."
2473,CAND_769,HEALTHCARE,0.0,0.0,0.0,,"AWS, Docker, Git, Machine Learning, NLP, NumPy, Pandas, Python, SQL, Scikit-learn","Candidate CAND_769 shows weak overall alignment (0.0% text similarity, 0.0% skill match). Missing critical requirements: [AWS, Docker, Git, Machine Learning, NLP, NumPy, Pandas, Python, SQL, Scikit-learn]."
2474,CAND_1910,ACCOUNTANT,0.0,0.0,0.0,,"AWS, Docker, Git, Machine Learning, NLP, NumPy, Pandas, Python, SQL, Scikit-learn","Candidate CAND_1910 shows weak overall alignment (0.0% text similarity, 0.0% skill match). Missing critical requirements: [AWS, Docker, Git, Machine Learning, NLP, NumPy, Pandas, Python, SQL, Scikit-learn]."
2475,CAND_1825,ACCOUNTANT,0.0,0.0,0.0,,"AWS, Docker, Git, Machine Learning, NLP, NumPy, Pandas, Python, SQL, Scikit-learn","Candidate CAND_1825 shows weak overall alignment (0.0% text similarity, 0.0% skill match). Missing critical requirements: [AWS, Docker, Git, Machine Learning, NLP, NumPy, Pandas, Python, SQL, Scikit-learn]."
2476,CAND_791,HEALTHCARE,0.0,0.0,0.0,,"AWS, Docker, Git, Machine Learning, NLP, NumPy, Pandas, Python, SQL, Scikit-learn","Candidate CAND_791 shows weak overall alignment (0.0% text similarity, 0.0% skill match). Missing critical requirements: [AWS, Docker, Git, Machine Learning, NLP, NumPy, Pandas, Python, SQL, Scikit-learn]."
2477,CAND_1113,CONSULTANT,0.0,0.0,0.0,,"AWS, Docker, Git, Machine Learning, NLP, NumPy, Pandas, Python, SQL, Scikit-learn","Candidate CAND_1113 shows weak overall alignment (0.0% text similarity, 0.0% skill match). Missing critical requirements: [AWS, Docker, Git, Machine Learning, NLP, NumPy, Pandas, Python, SQL, Scikit-learn]."
2478,CAND_130,DESIGNER,0.0,0.0,0.0,,"AWS, Docker, Git, Machine Learning, NLP, NumPy, Pandas, Python, SQL, Scikit-learn","Candidate CAND_130 shows weak overall alignment (0.0% text similarity, 0.0% skill match). Missing critical requirements: [AWS, Docker, Git, Machine Learning, NLP, NumPy, Pandas, Python, SQL, Scikit-learn]."
2479,CAND_1166,CONSULTANT,0.0,0.0,0.0,,"AWS, Docker, Git, Machine Learning, NLP, NumPy, Pandas, Python, SQL, Scikit-learn","Candidate CAND_1166 shows weak overall alignment (0.0% text similarity, 0.0% skill match). Missing critical requirements: [AWS, Docker, Git, Machine Learning, NLP, NumPy, Pandas, Python, SQL, Scikit-learn]."
2480,CAND_551,ADVOCATE,0.0,0.0,0.0,,"AWS, Docker, Git, Machine Learning, NLP, NumPy, Pandas, Python, SQL, Scikit-learn","Candidate CAND_551 shows weak overall alignment (0.0% text similarity, 0.0% skill match). Missing critical requirements: [AWS, Docker, Git, Machine Learning, NLP, NumPy, Pandas, Python, SQL, Scikit-learn]."
2481,CAND_870,FITNESS,0.0,0.0,0.0,,"AWS, Docker, Git, Machine Learning, NLP, NumPy, Pandas, Python, SQL, Scikit-learn","Candidate CAND_870 shows weak overall alignment (0.0% text similarity, 0.0% skill match). Missing critical requirements: [AWS, Docker, Git, Machine Learning, NLP, NumPy, Pandas, Python, SQL, Scikit-learn]."
2482,CAND_730,HEALTHCARE,0.0,0.0,0.0,,"AWS, Docker, Git, Machine Learning, NLP, NumPy, Pandas, Python, SQL, Scikit-learn","Candidate CAND_730 shows weak overall alignment (0.0% text similarity, 0.0% skill match). Missing critical requirements: [AWS, Docker, Git, Machine Learning, NLP, NumPy, Pandas, Python, SQL, Scikit-learn]."
