CAND_ID,Similarity_Score,Skill Match %,Final_Score,Matched Skills,Missing Skills
CAND_1717,13.53,60.0,32.12,"Git, Machine Learning, Pandas, Python, SQL, Scikit-learn","AWS, Docker, NLP, NumPy"
CAND_1762,20.56,40.0,28.34,"Machine Learning, Pandas, Python, SQL","AWS, Docker, Git, NLP, NumPy, Scikit-learn"
CAND_2395,11.23,50.0,26.74,"Docker, Git, NLP, Python, SQL","AWS, Machine Learning, NumPy, Pandas, Scikit-learn"
CAND_1799,15.31,40.0,25.19,"AWS, Git, Python, SQL","Docker, Machine Learning, NLP, NumPy, Pandas, Scikit-learn"
CAND_2199,8.16,50.0,24.9,"AWS, Docker, Git, NLP, SQL","Machine Learning, NumPy, Pandas, Python, Scikit-learn"
CAND_927,13.92,40.0,24.35,"Pandas, Python, SQL, Scikit-learn","AWS, Docker, Git, Machine Learning, NLP, NumPy"
CAND_930,12.97,40.0,23.78,"AWS, Pandas, Python, SQL","Docker, Git, Machine Learning, NLP, NumPy, Scikit-learn"
CAND_1340,12.72,40.0,23.63,"NumPy, Pandas, Python, SQL","AWS, Docker, Git, Machine Learning, NLP, Scikit-learn"
CAND_2153,18.2,30.0,22.92,"Machine Learning, Python, SQL","AWS, Docker, Git, NLP, NumPy, Pandas, Scikit-learn"
CAND_1349,18.14,30.0,22.88,"Machine Learning, Python, SQL","AWS, Docker, Git, NLP, NumPy, Pandas, Scikit-learn"
CAND_299,22.47,20.0,21.48,"AWS, Python","Docker, Git, Machine Learning, NLP, NumPy, Pandas, SQL, Scikit-learn"
CAND_1219,14.72,30.0,20.83,"Machine Learning, Python, SQL","AWS, Docker, Git, NLP, NumPy, Pandas, Scikit-learn"
CAND_1750,13.09,30.0,19.85,"Git, Python, SQL","AWS, Docker, Machine Learning, NLP, NumPy, Pandas, Scikit-learn"
CAND_2457,10.03,30.0,18.02,"AWS, Git, SQL","Docker, Machine Learning, NLP, NumPy, Pandas, Python, Scikit-learn"
CAND_1764,22.0,10.0,17.2,Machine Learning,"AWS, Docker, Git, NLP, NumPy, Pandas, Python, SQL, Scikit-learn"
CAND_298,8.23,30.0,16.94,"AWS, Git, SQL","Docker, Machine Learning, NLP, NumPy, Pandas, Python, Scikit-learn"
CAND_1756,14.51,20.0,16.71,"Python, SQL","AWS, Docker, Git, Machine Learning, NLP, NumPy, Pandas, Scikit-learn"
CAND_332,7.84,30.0,16.7,"AWS, Python, SQL","Docker, Git, Machine Learning, NLP, NumPy, Pandas, Scikit-learn"
CAND_845,12.35,20.0,15.41,"Python, SQL","AWS, Docker, Git, Machine Learning, NLP, NumPy, Pandas, Scikit-learn"
CAND_747,24.49,0.0,14.69,,"AWS, Docker, Git, Machine Learning, NLP, NumPy, Pandas, Python, SQL, Scikit-learn"
CAND_663,10.23,20.0,14.14,"Python, SQL","AWS, Docker, Git, Machine Learning, NLP, NumPy, Pandas, Scikit-learn"
CAND_1732,9.85,20.0,13.91,"Python, SQL","AWS, Docker, Git, Machine Learning, NLP, NumPy, Pandas, Scikit-learn"
CAND_1112,9.71,20.0,13.83,"Git, SQL","AWS, Docker, Machine Learning, NLP, NumPy, Pandas, Python, Scikit-learn"
CAND_1695,9.44,20.0,13.66,"Python, SQL","AWS, Docker, Git, Machine Learning, NLP, NumPy, Pandas, Scikit-learn"
CAND_125,8.94,20.0,13.36,"Git, SQL","AWS, Docker, Machine Learning, NLP, NumPy, Pandas, Python, Scikit-learn"
CAND_264,8.81,20.0,13.29,"AWS, SQL","Docker, Git, Machine Learning, NLP, NumPy, Pandas, Python, Scikit-learn"
CAND_320,8.71,20.0,13.23,"Git, SQL","AWS, Docker, Machine Learning, NLP, NumPy, Pandas, Python, Scikit-learn"
CAND_316,8.69,20.0,13.21,"Python, SQL","AWS, Docker, Git, Machine Learning, NLP, NumPy, Pandas, Scikit-learn"
CAND_1235,8.29,20.0,12.97,"AWS, SQL","Docker, Git, Machine Learning, NLP, NumPy, Pandas, Python, Scikit-learn"
CAND_292,8.07,20.0,12.84,"Python, SQL","AWS, Docker, Git, Machine Learning, NLP, NumPy, Pandas, Scikit-learn"
CAND_1143,14.6,10.0,12.76,SQL,"AWS, Docker, Git, Machine Learning, NLP, NumPy, Pandas, Python, Scikit-learn"
CAND_1118,7.68,20.0,12.61,"AWS, SQL","Docker, Git, Machine Learning, NLP, NumPy, Pandas, Python, Scikit-learn"
CAND_1803,14.27,10.0,12.56,SQL,"AWS, Docker, Git, Machine Learning, NLP, NumPy, Pandas, Python, Scikit-learn"
CAND_1172,7.44,20.0,12.46,"AWS, SQL","Docker, Git, Machine Learning, NLP, NumPy, Pandas, Python, Scikit-learn"
CAND_300,7.41,20.0,12.45,"AWS, SQL","Docker, Git, Machine Learning, NLP, NumPy, Pandas, Python, Scikit-learn"
CAND_564,7.32,20.0,12.39,"Python, SQL","AWS, Docker, Git, Machine Learning, NLP, NumPy, Pandas, Scikit-learn"
CAND_1136,6.76,20.0,12.06,"Machine Learning, SQL","AWS, Docker, Git, NLP, NumPy, Pandas, Python, Scikit-learn"
CAND_310,6.7,20.0,12.02,"Git, SQL","AWS, Docker, Machine Learning, NLP, NumPy, Pandas, Python, Scikit-learn"
CAND_1173,6.51,20.0,11.91,"Python, SQL","AWS, Docker, Git, Machine Learning, NLP, NumPy, Pandas, Scikit-learn"
CAND_129,6.48,20.0,11.89,"Python, SQL","AWS, Docker, Git, Machine Learning, NLP, NumPy, Pandas, Scikit-learn"
CAND_1116,6.29,20.0,11.77,"AWS, SQL","Docker, Git, Machine Learning, NLP, NumPy, Pandas, Python, Scikit-learn"
CAND_2385,6.26,20.0,11.76,"Python, SQL","AWS, Docker, Git, Machine Learning, NLP, NumPy, Pandas, Scikit-learn"
CAND_312,6.21,20.0,11.73,"Git, SQL","AWS, Docker, Machine Learning, NLP, NumPy, Pandas, Python, Scikit-learn"
CAND_156,12.7,10.0,11.62,AWS,"Docker, Git, Machine Learning, NLP, NumPy, Pandas, Python, SQL, Scikit-learn"
CAND_268,5.88,20.0,11.53,"Python, SQL","AWS, Docker, Git, Machine Learning, NLP, NumPy, Pandas, Scikit-learn"
CAND_1733,12.47,10.0,11.48,Python,"AWS, Docker, Git, Machine Learning, NLP, NumPy, Pandas, SQL, Scikit-learn"
CAND_1707,12.3,10.0,11.38,Machine Learning,"AWS, Docker, Git, NLP, NumPy, Pandas, Python, SQL, Scikit-learn"
CAND_2184,12.2,10.0,11.32,SQL,"AWS, Docker, Git, Machine Learning, NLP, NumPy, Pandas, Python, Scikit-learn"
CAND_1168,12.16,10.0,11.3,SQL,"AWS, Docker, Git, Machine Learning, NLP, NumPy, Pandas, Python, Scikit-learn"
CAND_1148,5.48,20.0,11.29,"AWS, SQL","Docker, Git, Machine Learning, NLP, NumPy, Pandas, Python, Scikit-learn"
CAND_244,12.08,10.0,11.25,SQL,"AWS, Docker, Git, Machine Learning, NLP, NumPy, Pandas, Python, Scikit-learn"
CAND_1304,5.28,20.0,11.17,"Python, SQL","AWS, Docker, Git, Machine Learning, NLP, NumPy, Pandas, Scikit-learn"
CAND_1740,18.24,0.0,10.94,,"AWS, Docker, Git, Machine Learning, NLP, NumPy, Pandas, Python, SQL, Scikit-learn"
CAND_548,4.6,20.0,10.76,"AWS, SQL","Docker, Git, Machine Learning, NLP, NumPy, Pandas, Python, Scikit-learn"
CAND_281,10.77,10.0,10.46,SQL,"AWS, Docker, Git, Machine Learning, NLP, NumPy, Pandas, Python, Scikit-learn"
CAND_1742,10.6,10.0,10.36,SQL,"AWS, Docker, Git, Machine Learning, NLP, NumPy, Pandas, Python, Scikit-learn"
CAND_987,10.34,10.0,10.2,SQL,"AWS, Docker, Git, Machine Learning, NLP, NumPy, Pandas, Python, Scikit-learn"
CAND_1719,10.09,10.0,10.05,AWS,"Docker, Git, Machine Learning, NLP, NumPy, Pandas, Python, SQL, Scikit-learn"
CAND_127,9.88,10.0,9.93,Python,"AWS, Docker, Git, Machine Learning, NLP, NumPy, Pandas, SQL, Scikit-learn"
CAND_584,9.82,10.0,9.89,Python,"AWS, Docker, Git, Machine Learning, NLP, NumPy, Pandas, SQL, Scikit-learn"
CAND_1208,3.07,20.0,9.84,"Python, SQL","AWS, Docker, Git, Machine Learning, NLP, NumPy, Pandas, Scikit-learn"
CAND_1128,9.67,10.0,9.8,SQL,"AWS, Docker, Git, Machine Learning, NLP, NumPy, Pandas, Python, Scikit-learn"
CAND_1795,9.55,10.0,9.73,Machine Learning,"AWS, Docker, Git, NLP, NumPy, Pandas, Python, SQL, Scikit-learn"
CAND_230,9.54,10.0,9.72,SQL,"AWS, Docker, Git, Machine Learning, NLP, NumPy, Pandas, Python, Scikit-learn"
CAND_1153,2.81,20.0,9.69,"Python, SQL","AWS, Docker, Git, Machine Learning, NLP, NumPy, Pandas, Scikit-learn"
CAND_1758,15.9,0.0,9.54,,"AWS, Docker, Git, Machine Learning, NLP, NumPy, Pandas, Python, SQL, Scikit-learn"
CAND_251,2.02,20.0,9.21,"AWS, SQL","Docker, Git, Machine Learning, NLP, NumPy, Pandas, Python, Scikit-learn"
CAND_121,8.64,10.0,9.18,SQL,"AWS, Docker, Git, Machine Learning, NLP, NumPy, Pandas, Python, Scikit-learn"
CAND_1785,8.45,10.0,9.07,SQL,"AWS, Docker, Git, Machine Learning, NLP, NumPy, Pandas, Python, Scikit-learn"
CAND_178,8.26,10.0,8.96,AWS,"Docker, Git, Machine Learning, NLP, NumPy, Pandas, Python, SQL, Scikit-learn"
CAND_311,8.18,10.0,8.91,SQL,"AWS, Docker, Git, Machine Learning, NLP, NumPy, Pandas, Python, Scikit-learn"
CAND_2403,7.94,10.0,8.76,Python,"AWS, Docker, Git, Machine Learning, NLP, NumPy, Pandas, SQL, Scikit-learn"
CAND_1092,7.86,10.0,8.72,SQL,"AWS, Docker, Git, Machine Learning, NLP, NumPy, Pandas, Python, Scikit-learn"
CAND_1724,7.77,10.0,8.66,SQL,"AWS, Docker, Git, Machine Learning, NLP, NumPy, Pandas, Python, Scikit-learn"
CAND_369,14.44,0.0,8.66,,"AWS, Docker, Git, Machine Learning, NLP, NumPy, Pandas, Python, SQL, Scikit-learn"
CAND_1766,7.48,10.0,8.49,Python,"AWS, Docker, Git, Machine Learning, NLP, NumPy, Pandas, SQL, Scikit-learn"
CAND_1154,7.35,10.0,8.41,SQL,"AWS, Docker, Git, Machine Learning, NLP, NumPy, Pandas, Python, Scikit-learn"
CAND_2211,7.31,10.0,8.39,SQL,"AWS, Docker, Git, Machine Learning, NLP, NumPy, Pandas, Python, Scikit-learn"
CAND_228,7.16,10.0,8.3,SQL,"AWS, Docker, Git, Machine Learning, NLP, NumPy, Pandas, Python, Scikit-learn"
CAND_1778,7.06,10.0,8.24,Python,"AWS, Docker, Git, Machine Learning, NLP, NumPy, Pandas, SQL, Scikit-learn"
CAND_1787,13.71,0.0,8.23,,"AWS, Docker, Git, Machine Learning, NLP, NumPy, Pandas, Python, SQL, Scikit-learn"
CAND_1215,7.02,10.0,8.21,SQL,"AWS, Docker, Git, Machine Learning, NLP, NumPy, Pandas, Python, Scikit-learn"
CAND_1714,6.94,10.0,8.16,SQL,"AWS, Docker, Git, Machine Learning, NLP, NumPy, Pandas, Python, Scikit-learn"
CAND_1934,13.51,0.0,8.11,,"AWS, Docker, Git, Machine Learning, NLP, NumPy, Pandas, Python, SQL, Scikit-learn"
CAND_164,6.84,10.0,8.1,SQL,"AWS, Docker, Git, Machine Learning, NLP, NumPy, Pandas, Python, Scikit-learn"
CAND_195,13.46,0.0,8.08,,"AWS, Docker, Git, Machine Learning, NLP, NumPy, Pandas, Python, SQL, Scikit-learn"
CAND_2220,6.73,10.0,8.04,SQL,"AWS, Docker, Git, Machine Learning, NLP, NumPy, Pandas, Python, Scikit-learn"
CAND_297,6.64,10.0,7.98,SQL,"AWS, Docker, Git, Machine Learning, NLP, NumPy, Pandas, Python, Scikit-learn"
CAND_1041,6.56,10.0,7.94,Machine Learning,"AWS, Docker, Git, NLP, NumPy, Pandas, Python, SQL, Scikit-learn"
CAND_949,13.14,0.0,7.88,,"AWS, Docker, Git, Machine Learning, NLP, NumPy, Pandas, Python, SQL, Scikit-learn"
CAND_1805,13.14,0.0,7.88,,"AWS, Docker, Git, Machine Learning, NLP, NumPy, Pandas, Python, SQL, Scikit-learn"
CAND_988,6.42,10.0,7.85,SQL,"AWS, Docker, Git, Machine Learning, NLP, NumPy, Pandas, Python, Scikit-learn"
CAND_1961,6.42,10.0,7.85,SQL,"AWS, Docker, Git, Machine Learning, NLP, NumPy, Pandas, Python, Scikit-learn"
CAND_2291,12.96,0.0,7.78,,"AWS, Docker, Git, Machine Learning, NLP, NumPy, Pandas, Python, SQL, Scikit-learn"
CAND_477,6.2,10.0,7.72,Python,"AWS, Docker, Git, Machine Learning, NLP, NumPy, Pandas, SQL, Scikit-learn"
CAND_2171,5.97,10.0,7.58,Python,"AWS, Docker, Git, Machine Learning, NLP, NumPy, Pandas, SQL, Scikit-learn"
CAND_1188,5.91,10.0,7.55,SQL,"AWS, Docker, Git, Machine Learning, NLP, NumPy, Pandas, Python, Scikit-learn"
CAND_250,5.88,10.0,7.53,Python,"AWS, Docker, Git, Machine Learning, NLP, NumPy, Pandas, SQL, Scikit-learn"
CAND_133,5.82,10.0,7.49,SQL,"AWS, Docker, Git, Machine Learning, NLP, NumPy, Pandas, Python, Scikit-learn"
CAND_1753,12.47,0.0,7.48,,"AWS, Docker, Git, Machine Learning, NLP, NumPy, Pandas, Python, SQL, Scikit-learn"
CAND_173,12.41,0.0,7.45,,"AWS, Docker, Git, Machine Learning, NLP, NumPy, Pandas, Python, SQL, Scikit-learn"
CAND_500,5.62,10.0,7.37,AWS,"Docker, Git, Machine Learning, NLP, NumPy, Pandas, Python, SQL, Scikit-learn"
CAND_1180,5.6,10.0,7.36,SQL,"AWS, Docker, Git, Machine Learning, NLP, NumPy, Pandas, Python, Scikit-learn"
CAND_1780,12.27,0.0,7.36,,"AWS, Docker, Git, Machine Learning, NLP, NumPy, Pandas, Python, SQL, Scikit-learn"
CAND_243,5.55,10.0,7.33,SQL,"AWS, Docker, Git, Machine Learning, NLP, NumPy, Pandas, Python, Scikit-learn"
CAND_1737,5.54,10.0,7.32,Machine Learning,"AWS, Docker, Git, NLP, NumPy, Pandas, Python, SQL, Scikit-learn"
CAND_2196,5.46,10.0,7.28,SQL,"AWS, Docker, Git, Machine Learning, NLP, NumPy, Pandas, Python, Scikit-learn"
CAND_183,5.42,10.0,7.25,SQL,"AWS, Docker, Git, Machine Learning, NLP, NumPy, Pandas, Python, Scikit-learn"
CAND_1804,12.02,0.0,7.21,,"AWS, Docker, Git, Machine Learning, NLP, NumPy, Pandas, Python, SQL, Scikit-learn"
CAND_2190,5.32,10.0,7.19,SQL,"AWS, Docker, Git, Machine Learning, NLP, NumPy, Pandas, Python, Scikit-learn"
CAND_325,5.31,10.0,7.19,SQL,"AWS, Docker, Git, Machine Learning, NLP, NumPy, Pandas, Python, Scikit-learn"
CAND_1709,11.97,0.0,7.18,,"AWS, Docker, Git, Machine Learning, NLP, NumPy, Pandas, Python, SQL, Scikit-learn"
CAND_277,5.23,10.0,7.14,SQL,"AWS, Docker, Git, Machine Learning, NLP, NumPy, Pandas, Python, Scikit-learn"
CAND_1693,5.09,10.0,7.05,Python,"AWS, Docker, Git, Machine Learning, NLP, NumPy, Pandas, SQL, Scikit-learn"
CAND_1324,4.96,10.0,6.98,SQL,"AWS, Docker, Git, Machine Learning, NLP, NumPy, Pandas, Python, Scikit-learn"
CAND_561,4.89,10.0,6.93,SQL,"AWS, Docker, Git, Machine Learning, NLP, NumPy, Pandas, Python, Scikit-learn"
CAND_1794,4.82,10.0,6.89,SQL,"AWS, Docker, Git, Machine Learning, NLP, NumPy, Pandas, Python, Scikit-learn"
CAND_248,4.77,10.0,6.86,SQL,"AWS, Docker, Git, Machine Learning, NLP, NumPy, Pandas, Python, Scikit-learn"
CAND_1181,4.73,10.0,6.84,SQL,"AWS, Docker, Git, Machine Learning, NLP, NumPy, Pandas, Python, Scikit-learn"
CAND_1641,4.72,10.0,6.83,SQL,"AWS, Docker, Git, Machine Learning, NLP, NumPy, Pandas, Python, Scikit-learn"
CAND_1138,4.72,10.0,6.83,SQL,"AWS, Docker, Git, Machine Learning, NLP, NumPy, Pandas, Python, Scikit-learn"
CAND_1807,11.3,0.0,6.78,,"AWS, Docker, Git, Machine Learning, NLP, NumPy, Pandas, Python, SQL, Scikit-learn"
CAND_1543,4.63,10.0,6.78,SQL,"AWS, Docker, Git, Machine Learning, NLP, NumPy, Pandas, Python, Scikit-learn"
CAND_1800,11.26,0.0,6.76,,"AWS, Docker, Git, Machine Learning, NLP, NumPy, Pandas, Python, SQL, Scikit-learn"
CAND_739,4.49,10.0,6.69,SQL,"AWS, Docker, Git, Machine Learning, NLP, NumPy, Pandas, Python, Scikit-learn"
CAND_317,4.46,10.0,6.68,SQL,"AWS, Docker, Git, Machine Learning, NLP, NumPy, Pandas, Python, Scikit-learn"
CAND_1938,4.39,10.0,6.63,AWS,"Docker, Git, Machine Learning, NLP, NumPy, Pandas, Python, SQL, Scikit-learn"
CAND_092,4.37,10.0,6.62,SQL,"AWS, Docker, Git, Machine Learning, NLP, NumPy, Pandas, Python, Scikit-learn"
CAND_1195,4.37,10.0,6.62,SQL,"AWS, Docker, Git, Machine Learning, NLP, NumPy, Pandas, Python, Scikit-learn"
CAND_266,4.35,10.0,6.61,SQL,"AWS, Docker, Git, Machine Learning, NLP, NumPy, Pandas, Python, Scikit-learn"
CAND_2089,4.32,10.0,6.59,SQL,"AWS, Docker, Git, Machine Learning, NLP, NumPy, Pandas, Python, Scikit-learn"
CAND_1723,10.94,0.0,6.56,,"AWS, Docker, Git, Machine Learning, NLP, NumPy, Pandas, Python, SQL, Scikit-learn"
CAND_118,4.25,10.0,6.55,SQL,"AWS, Docker, Git, Machine Learning, NLP, NumPy, Pandas, Python, Scikit-learn"
CAND_327,4.13,10.0,6.48,SQL,"AWS, Docker, Git, Machine Learning, NLP, NumPy, Pandas, Python, Scikit-learn"
CAND_1798,4.01,10.0,6.41,SQL,"AWS, Docker, Git, Machine Learning, NLP, NumPy, Pandas, Python, Scikit-learn"
CAND_2362,4.0,10.0,6.4,AWS,"Docker, Git, Machine Learning, NLP, NumPy, Pandas, Python, SQL, Scikit-learn"
CAND_779,3.99,10.0,6.39,SQL,"AWS, Docker, Git, Machine Learning, NLP, NumPy, Pandas, Python, Scikit-learn"
CAND_1260,3.89,10.0,6.33,Machine Learning,"AWS, Docker, Git, NLP, NumPy, Pandas, Python, SQL, Scikit-learn"
CAND_2367,10.54,0.0,6.32,,"AWS, Docker, Git, Machine Learning, NLP, NumPy, Pandas, Python, SQL, Scikit-learn"
CAND_232,3.76,10.0,6.26,SQL,"AWS, Docker, Git, Machine Learning, NLP, NumPy, Pandas, Python, Scikit-learn"
CAND_1802,3.76,10.0,6.26,SQL,"AWS, Docker, Git, Machine Learning, NLP, NumPy, Pandas, Python, Scikit-learn"
CAND_1763,10.44,0.0,6.26,,"AWS, Docker, Git, Machine Learning, NLP, NumPy, Pandas, Python, SQL, Scikit-learn"
CAND_240,3.75,10.0,6.25,SQL,"AWS, Docker, Git, Machine Learning, NLP, NumPy, Pandas, Python, Scikit-learn"
CAND_275,3.71,10.0,6.23,SQL,"AWS, Docker, Git, Machine Learning, NLP, NumPy, Pandas, Python, Scikit-learn"
CAND_1702,10.37,0.0,6.22,,"AWS, Docker, Git, Machine Learning, NLP, NumPy, Pandas, Python, SQL, Scikit-learn"
CAND_1125,3.62,10.0,6.17,SQL,"AWS, Docker, Git, Machine Learning, NLP, NumPy, Pandas, Python, Scikit-learn"
CAND_231,3.62,10.0,6.17,SQL,"AWS, Docker, Git, Machine Learning, NLP, NumPy, Pandas, Python, Scikit-learn"
CAND_079,3.54,10.0,6.12,SQL,"AWS, Docker, Git, Machine Learning, NLP, NumPy, Pandas, Python, Scikit-learn"
CAND_242,3.46,10.0,6.08,SQL,"AWS, Docker, Git, Machine Learning, NLP, NumPy, Pandas, Python, Scikit-learn"
CAND_2208,3.46,10.0,6.08,SQL,"AWS, Docker, Git, Machine Learning, NLP, NumPy, Pandas, Python, Scikit-learn"
CAND_673,3.46,10.0,6.08,SQL,"AWS, Docker, Git, Machine Learning, NLP, NumPy, Pandas, Python, Scikit-learn"
CAND_718,3.45,10.0,6.07,SQL,"AWS, Docker, Git, Machine Learning, NLP, NumPy, Pandas, Python, Scikit-learn"
CAND_117,3.41,10.0,6.05,SQL,"AWS, Docker, Git, Machine Learning, NLP, NumPy, Pandas, Python, Scikit-learn"
CAND_283,3.41,10.0,6.05,SQL,"AWS, Docker, Git, Machine Learning, NLP, NumPy, Pandas, Python, Scikit-learn"
CAND_2027,3.4,10.0,6.04,AWS,"Docker, Git, Machine Learning, NLP, NumPy, Pandas, Python, SQL, Scikit-learn"
CAND_472,3.4,10.0,6.04,SQL,"AWS, Docker, Git, Machine Learning, NLP, NumPy, Pandas, Python, Scikit-learn"
CAND_1139,3.39,10.0,6.03,SQL,"AWS, Docker, Git, Machine Learning, NLP, NumPy, Pandas, Python, Scikit-learn"
CAND_273,3.39,10.0,6.03,SQL,"AWS, Docker, Git, Machine Learning, NLP, NumPy, Pandas, Python, Scikit-learn"
CAND_1541,3.35,10.0,6.01,SQL,"AWS, Docker, Git, Machine Learning, NLP, NumPy, Pandas, Python, Scikit-learn"
CAND_258,3.31,10.0,5.99,SQL,"AWS, Docker, Git, Machine Learning, NLP, NumPy, Pandas, Python, Scikit-learn"
CAND_977,3.25,10.0,5.95,SQL,"AWS, Docker, Git, Machine Learning, NLP, NumPy, Pandas, Python, Scikit-learn"
CAND_304,3.23,10.0,5.94,SQL,"AWS, Docker, Git, Machine Learning, NLP, NumPy, Pandas, Python, Scikit-learn"
CAND_1797,9.89,0.0,5.93,,"AWS, Docker, Git, Machine Learning, NLP, NumPy, Pandas, Python, SQL, Scikit-learn"
CAND_907,9.88,0.0,5.93,,"AWS, Docker, Git, Machine Learning, NLP, NumPy, Pandas, Python, SQL, Scikit-learn"
CAND_1788,9.86,0.0,5.92,,"AWS, Docker, Git, Machine Learning, NLP, NumPy, Pandas, Python, SQL, Scikit-learn"
CAND_1653,9.86,0.0,5.92,,"AWS, Docker, Git, Machine Learning, NLP, NumPy, Pandas, Python, SQL, Scikit-learn"
CAND_1727,9.85,0.0,5.91,,"AWS, Docker, Git, Machine Learning, NLP, NumPy, Pandas, Python, SQL, Scikit-learn"
CAND_1132,3.06,10.0,5.84,SQL,"AWS, Docker, Git, Machine Learning, NLP, NumPy, Pandas, Python, Scikit-learn"
CAND_689,3.07,10.0,5.84,SQL,"AWS, Docker, Git, Machine Learning, NLP, NumPy, Pandas, Python, Scikit-learn"
CAND_336,3.07,10.0,5.84,SQL,"AWS, Docker, Git, Machine Learning, NLP, NumPy, Pandas, Python, Scikit-learn"
CAND_334,3.03,10.0,5.82,Python,"AWS, Docker, Git, Machine Learning, NLP, NumPy, Pandas, SQL, Scikit-learn"
CAND_439,9.61,0.0,5.77,,"AWS, Docker, Git, Machine Learning, NLP, NumPy, Pandas, Python, SQL, Scikit-learn"
CAND_1946,9.6,0.0,5.76,,"AWS, Docker, Git, Machine Learning, NLP, NumPy, Pandas, Python, SQL, Scikit-learn"
CAND_2151,2.89,10.0,5.73,SQL,"AWS, Docker, Git, Machine Learning, NLP, NumPy, Pandas, Python, Scikit-learn"
CAND_1272,2.85,10.0,5.71,SQL,"AWS, Docker, Git, Machine Learning, NLP, NumPy, Pandas, Python, Scikit-learn"
CAND_708,2.83,10.0,5.7,SQL,"AWS, Docker, Git, Machine Learning, NLP, NumPy, Pandas, Python, Scikit-learn"
CAND_1191,2.81,10.0,5.69,SQL,"AWS, Docker, Git, Machine Learning, NLP, NumPy, Pandas, Python, Scikit-learn"
CAND_1729,9.46,0.0,5.68,,"AWS, Docker, Git, Machine Learning, NLP, NumPy, Pandas, Python, SQL, Scikit-learn"
CAND_1043,9.45,0.0,5.67,,"AWS, Docker, Git, Machine Learning, NLP, NumPy, Pandas, Python, SQL, Scikit-learn"
CAND_1786,9.43,0.0,5.66,,"AWS, Docker, Git, Machine Learning, NLP, NumPy, Pandas, Python, SQL, Scikit-learn"
CAND_279,2.76,10.0,5.66,SQL,"AWS, Docker, Git, Machine Learning, NLP, NumPy, Pandas, Python, Scikit-learn"
CAND_1252,2.74,10.0,5.64,Git,"AWS, Docker, Machine Learning, NLP, NumPy, Pandas, Python, SQL, Scikit-learn"
CAND_280,9.39,0.0,5.63,,"AWS, Docker, Git, Machine Learning, NLP, NumPy, Pandas, Python, SQL, Scikit-learn"
CAND_1480,2.66,10.0,5.6,SQL,"AWS, Docker, Git, Machine Learning, NLP, NumPy, Pandas, Python, Scikit-learn"
CAND_2242,2.63,10.0,5.58,SQL,"AWS, Docker, Git, Machine Learning, NLP, NumPy, Pandas, Python, Scikit-learn"
CAND_2191,2.63,10.0,5.58,SQL,"AWS, Docker, Git, Machine Learning, NLP, NumPy, Pandas, Python, Scikit-learn"
CAND_1342,9.3,0.0,5.58,,"AWS, Docker, Git, Machine Learning, NLP, NumPy, Pandas, Python, SQL, Scikit-learn"
CAND_328,2.61,10.0,5.57,SQL,"AWS, Docker, Git, Machine Learning, NLP, NumPy, Pandas, Python, Scikit-learn"
CAND_1240,2.6,10.0,5.56,SQL,"AWS, Docker, Git, Machine Learning, NLP, NumPy, Pandas, Python, Scikit-learn"
CAND_775,2.57,10.0,5.54,SQL,"AWS, Docker, Git, Machine Learning, NLP, NumPy, Pandas, Python, Scikit-learn"
CAND_259,2.56,10.0,5.54,SQL,"AWS, Docker, Git, Machine Learning, NLP, NumPy, Pandas, Python, Scikit-learn"
CAND_136,9.21,0.0,5.53,,"AWS, Docker, Git, Machine Learning, NLP, NumPy, Pandas, Python, SQL, Scikit-learn"
CAND_437,9.12,0.0,5.47,,"AWS, Docker, Git, Machine Learning, NLP, NumPy, Pandas, Python, SQL, Scikit-learn"
CAND_338,9.05,0.0,5.43,,"AWS, Docker, Git, Machine Learning, NLP, NumPy, Pandas, Python, SQL, Scikit-learn"
CAND_1317,2.38,10.0,5.43,SQL,"AWS, Docker, Git, Machine Learning, NLP, NumPy, Pandas, Python, Scikit-learn"
CAND_1761,9.0,0.0,5.4,,"AWS, Docker, Git, Machine Learning, NLP, NumPy, Pandas, Python, SQL, Scikit-learn"
CAND_1703,8.98,0.0,5.39,,"AWS, Docker, Git, Machine Learning, NLP, NumPy, Pandas, Python, SQL, Scikit-learn"
CAND_2338,8.97,0.0,5.38,,"AWS, Docker, Git, Machine Learning, NLP, NumPy, Pandas, Python, SQL, Scikit-learn"
CAND_042,2.29,10.0,5.37,SQL,"AWS, Docker, Git, Machine Learning, NLP, NumPy, Pandas, Python, Scikit-learn"
CAND_2202,2.29,10.0,5.37,SQL,"AWS, Docker, Git, Machine Learning, NLP, NumPy, Pandas, Python, Scikit-learn"
CAND_225,2.27,10.0,5.36,SQL,"AWS, Docker, Git, Machine Learning, NLP, NumPy, Pandas, Python, Scikit-learn"
CAND_2251,2.27,10.0,5.36,SQL,"AWS, Docker, Git, Machine Learning, NLP, NumPy, Pandas, Python, Scikit-learn"
CAND_1165,2.21,10.0,5.33,SQL,"AWS, Docker, Git, Machine Learning, NLP, NumPy, Pandas, Python, Scikit-learn"
CAND_252,2.22,10.0,5.33,SQL,"AWS, Docker, Git, Machine Learning, NLP, NumPy, Pandas, Python, Scikit-learn"
CAND_2120,2.2,10.0,5.32,Machine Learning,"AWS, Docker, Git, NLP, NumPy, Pandas, Python, SQL, Scikit-learn"
CAND_1826,2.15,10.0,5.29,SQL,"AWS, Docker, Git, Machine Learning, NLP, NumPy, Pandas, Python, Scikit-learn"
CAND_2225,2.12,10.0,5.27,SQL,"AWS, Docker, Git, Machine Learning, NLP, NumPy, Pandas, Python, Scikit-learn"
CAND_302,2.12,10.0,5.27,SQL,"AWS, Docker, Git, Machine Learning, NLP, NumPy, Pandas, Python, Scikit-learn"
CAND_944,2.11,10.0,5.27,SQL,"AWS, Docker, Git, Machine Learning, NLP, NumPy, Pandas, Python, Scikit-learn"
CAND_1879,8.79,0.0,5.27,,"AWS, Docker, Git, Machine Learning, NLP, NumPy, Pandas, Python, SQL, Scikit-learn"
CAND_2333,8.77,0.0,5.26,,"AWS, Docker, Git, Machine Learning, NLP, NumPy, Pandas, Python, SQL, Scikit-learn"
CAND_375,8.77,0.0,5.26,,"AWS, Docker, Git, Machine Learning, NLP, NumPy, Pandas, Python, SQL, Scikit-learn"
CAND_1518,2.08,10.0,5.25,SQL,"AWS, Docker, Git, Machine Learning, NLP, NumPy, Pandas, Python, Scikit-learn"
CAND_1688,8.71,0.0,5.23,,"AWS, Docker, Git, Machine Learning, NLP, NumPy, Pandas, Python, SQL, Scikit-learn"
CAND_2462,8.71,0.0,5.23,,"AWS, Docker, Git, Machine Learning, NLP, NumPy, Pandas, Python, SQL, Scikit-learn"
CAND_1712,2.03,10.0,5.22,Git,"AWS, Docker, Machine Learning, NLP, NumPy, Pandas, Python, SQL, Scikit-learn"
CAND_291,2.03,10.0,5.22,SQL,"AWS, Docker, Git, Machine Learning, NLP, NumPy, Pandas, Python, Scikit-learn"
CAND_1068,1.99,10.0,5.19,SQL,"AWS, Docker, Git, Machine Learning, NLP, NumPy, Pandas, Python, Scikit-learn"
CAND_1930,8.63,0.0,5.18,,"AWS, Docker, Git, Machine Learning, NLP, NumPy, Pandas, Python, SQL, Scikit-learn"
CAND_295,1.93,10.0,5.16,SQL,"AWS, Docker, Git, Machine Learning, NLP, NumPy, Pandas, Python, Scikit-learn"
CAND_1720,8.6,0.0,5.16,,"AWS, Docker, Git, Machine Learning, NLP, NumPy, Pandas, Python, SQL, Scikit-learn"
CAND_2198,1.94,10.0,5.16,SQL,"AWS, Docker, Git, Machine Learning, NLP, NumPy, Pandas, Python, Scikit-learn"
CAND_229,1.84,10.0,5.1,SQL,"AWS, Docker, Git, Machine Learning, NLP, NumPy, Pandas, Python, Scikit-learn"
CAND_1274,1.8,10.0,5.08,SQL,"AWS, Docker, Git, Machine Learning, NLP, NumPy, Pandas, Python, Scikit-learn"
CAND_303,1.79,10.0,5.07,SQL,"AWS, Docker, Git, Machine Learning, NLP, NumPy, Pandas, Python, Scikit-learn"
CAND_1107,1.78,10.0,5.07,SQL,"AWS, Docker, Git, Machine Learning, NLP, NumPy, Pandas, Python, Scikit-learn"
CAND_1721,8.44,0.0,5.06,,"AWS, Docker, Git, Machine Learning, NLP, NumPy, Pandas, Python, SQL, Scikit-learn"
CAND_1185,1.77,10.0,5.06,SQL,"AWS, Docker, Git, Machine Learning, NLP, NumPy, Pandas, Python, Scikit-learn"
CAND_253,1.75,10.0,5.05,SQL,"AWS, Docker, Git, Machine Learning, NLP, NumPy, Pandas, Python, Scikit-learn"
CAND_1878,1.73,10.0,5.04,SQL,"AWS, Docker, Git, Machine Learning, NLP, NumPy, Pandas, Python, Scikit-learn"
CAND_1345,1.71,10.0,5.03,SQL,"AWS, Docker, Git, Machine Learning, NLP, NumPy, Pandas, Python, Scikit-learn"
CAND_1134,1.7,10.0,5.02,SQL,"AWS, Docker, Git, Machine Learning, NLP, NumPy, Pandas, Python, Scikit-learn"
CAND_1357,1.68,10.0,5.01,SQL,"AWS, Docker, Git, Machine Learning, NLP, NumPy, Pandas, Python, Scikit-learn"
CAND_1538,1.67,10.0,5.0,SQL,"AWS, Docker, Git, Machine Learning, NLP, NumPy, Pandas, Python, Scikit-learn"
CAND_1239,1.67,10.0,5.0,SQL,"AWS, Docker, Git, Machine Learning, NLP, NumPy, Pandas, Python, Scikit-learn"
CAND_224,1.67,10.0,5.0,SQL,"AWS, Docker, Git, Machine Learning, NLP, NumPy, Pandas, Python, Scikit-learn"
CAND_1196,1.58,10.0,4.95,Git,"AWS, Docker, Machine Learning, NLP, NumPy, Pandas, Python, SQL, Scikit-learn"
CAND_1735,8.23,0.0,4.94,,"AWS, Docker, Git, Machine Learning, NLP, NumPy, Pandas, Python, SQL, Scikit-learn"
CAND_1725,8.2,0.0,4.92,,"AWS, Docker, Git, Machine Learning, NLP, NumPy, Pandas, Python, SQL, Scikit-learn"
CAND_050,1.53,10.0,4.92,Git,"AWS, Docker, Machine Learning, NLP, NumPy, Pandas, Python, SQL, Scikit-learn"
CAND_282,1.47,10.0,4.88,SQL,"AWS, Docker, Git, Machine Learning, NLP, NumPy, Pandas, Python, Scikit-learn"
CAND_2136,1.46,10.0,4.88,Python,"AWS, Docker, Git, Machine Learning, NLP, NumPy, Pandas, SQL, Scikit-learn"
CAND_1114,1.41,10.0,4.85,SQL,"AWS, Docker, Git, Machine Learning, NLP, NumPy, Pandas, Python, Scikit-learn"
CAND_1162,1.37,10.0,4.82,SQL,"AWS, Docker, Git, Machine Learning, NLP, NumPy, Pandas, Python, Scikit-learn"
CAND_1105,8.03,0.0,4.82,,"AWS, Docker, Git, Machine Learning, NLP, NumPy, Pandas, Python, SQL, Scikit-learn"
CAND_284,1.37,10.0,4.82,SQL,"AWS, Docker, Git, Machine Learning, NLP, NumPy, Pandas, Python, Scikit-learn"
CAND_1726,8.02,0.0,4.81,,"AWS, Docker, Git, Machine Learning, NLP, NumPy, Pandas, Python, SQL, Scikit-learn"
CAND_1856,1.34,10.0,4.8,SQL,"AWS, Docker, Git, Machine Learning, NLP, NumPy, Pandas, Python, Scikit-learn"
CAND_319,1.33,10.0,4.8,SQL,"AWS, Docker, Git, Machine Learning, NLP, NumPy, Pandas, Python, Scikit-learn"
CAND_1736,7.98,0.0,4.79,,"AWS, Docker, Git, Machine Learning, NLP, NumPy, Pandas, Python, SQL, Scikit-learn"
CAND_1488,1.26,10.0,4.76,SQL,"AWS, Docker, Git, Machine Learning, NLP, NumPy, Pandas, Python, Scikit-learn"
CAND_523,1.26,10.0,4.76,SQL,"AWS, Docker, Git, Machine Learning, NLP, NumPy, Pandas, Python, Scikit-learn"
CAND_1328,7.86,0.0,4.72,,"AWS, Docker, Git, Machine Learning, NLP, NumPy, Pandas, Python, SQL, Scikit-learn"
CAND_1186,1.2,10.0,4.72,SQL,"AWS, Docker, Git, Machine Learning, NLP, NumPy, Pandas, Python, Scikit-learn"
CAND_1699,7.87,0.0,4.72,,"AWS, Docker, Git, Machine Learning, NLP, NumPy, Pandas, Python, SQL, Scikit-learn"
CAND_1266,1.19,10.0,4.71,Git,"AWS, Docker, Machine Learning, NLP, NumPy, Pandas, Python, SQL, Scikit-learn"
CAND_2221,1.09,10.0,4.65,SQL,"AWS, Docker, Git, Machine Learning, NLP, NumPy, Pandas, Python, Scikit-learn"
CAND_1537,1.0,10.0,4.6,SQL,"AWS, Docker, Git, Machine Learning, NLP, NumPy, Pandas, Python, Scikit-learn"
CAND_1887,0.99,10.0,4.59,SQL,"AWS, Docker, Git, Machine Learning, NLP, NumPy, Pandas, Python, Scikit-learn"
CAND_2476,7.64,0.0,4.58,,"AWS, Docker, Git, Machine Learning, NLP, NumPy, Pandas, Python, SQL, Scikit-learn"
CAND_1810,0.97,10.0,4.58,SQL,"AWS, Docker, Git, Machine Learning, NLP, NumPy, Pandas, Python, Scikit-learn"
CAND_1899,0.97,10.0,4.58,SQL,"AWS, Docker, Git, Machine Learning, NLP, NumPy, Pandas, Python, Scikit-learn"
CAND_1974,0.95,10.0,4.57,SQL,"AWS, Docker, Git, Machine Learning, NLP, NumPy, Pandas, Python, Scikit-learn"
CAND_1759,7.62,0.0,4.57,,"AWS, Docker, Git, Machine Learning, NLP, NumPy, Pandas, Python, SQL, Scikit-learn"
CAND_1007,0.9,10.0,4.54,SQL,"AWS, Docker, Git, Machine Learning, NLP, NumPy, Pandas, Python, Scikit-learn"
CAND_2433,7.39,0.0,4.43,,"AWS, Docker, Git, Machine Learning, NLP, NumPy, Pandas, Python, SQL, Scikit-learn"
CAND_2077,0.69,10.0,4.41,SQL,"AWS, Docker, Git, Machine Learning, NLP, NumPy, Pandas, Python, Scikit-learn"
CAND_1704,7.32,0.0,4.39,,"AWS, Docker, Git, Machine Learning, NLP, NumPy, Pandas, Python, SQL, Scikit-learn"
CAND_2026,7.27,0.0,4.36,,"AWS, Docker, Git, Machine Learning, NLP, NumPy, Pandas, Python, SQL, Scikit-learn"
CAND_1069,7.17,0.0,4.3,,"AWS, Docker, Git, Machine Learning, NLP, NumPy, Pandas, Python, SQL, Scikit-learn"
CAND_2425,7.16,0.0,4.3,,"AWS, Docker, Git, Machine Learning, NLP, NumPy, Pandas, Python, SQL, Scikit-learn"
CAND_1796,7.13,0.0,4.28,,"AWS, Docker, Git, Machine Learning, NLP, NumPy, Pandas, Python, SQL, Scikit-learn"
CAND_350,7.11,0.0,4.27,,"AWS, Docker, Git, Machine Learning, NLP, NumPy, Pandas, Python, SQL, Scikit-learn"
CAND_1739,7.08,0.0,4.25,,"AWS, Docker, Git, Machine Learning, NLP, NumPy, Pandas, Python, SQL, Scikit-learn"
CAND_145,7.07,0.0,4.24,,"AWS, Docker, Git, Machine Learning, NLP, NumPy, Pandas, Python, SQL, Scikit-learn"
CAND_1305,0.4,10.0,4.24,Git,"AWS, Docker, Machine Learning, NLP, NumPy, Pandas, Python, SQL, Scikit-learn"
CAND_2431,7.03,0.0,4.22,,"AWS, Docker, Git, Machine Learning, NLP, NumPy, Pandas, Python, SQL, Scikit-learn"
CAND_1355,6.98,0.0,4.19,,"AWS, Docker, Git, Machine Learning, NLP, NumPy, Pandas, Python, SQL, Scikit-learn"
CAND_1936,6.97,0.0,4.18,,"AWS, Docker, Git, Machine Learning, NLP, NumPy, Pandas, Python, SQL, Scikit-learn"
CAND_1091,6.97,0.0,4.18,,"AWS, Docker, Git, Machine Learning, NLP, NumPy, Pandas, Python, SQL, Scikit-learn"
CAND_254,6.89,0.0,4.13,,"AWS, Docker, Git, Machine Learning, NLP, NumPy, Pandas, Python, SQL, Scikit-learn"
CAND_1751,6.88,0.0,4.13,,"AWS, Docker, Git, Machine Learning, NLP, NumPy, Pandas, Python, SQL, Scikit-learn"
CAND_1085,6.87,0.0,4.12,,"AWS, Docker, Git, Machine Learning, NLP, NumPy, Pandas, Python, SQL, Scikit-learn"
CAND_1741,6.79,0.0,4.07,,"AWS, Docker, Git, Machine Learning, NLP, NumPy, Pandas, Python, SQL, Scikit-learn"
CAND_1624,6.78,0.0,4.07,,"AWS, Docker, Git, Machine Learning, NLP, NumPy, Pandas, Python, SQL, Scikit-learn"
CAND_1731,6.77,0.0,4.06,,"AWS, Docker, Git, Machine Learning, NLP, NumPy, Pandas, Python, SQL, Scikit-learn"
CAND_715,0.09,10.0,4.05,Machine Learning,"AWS, Docker, Git, NLP, NumPy, Pandas, Python, SQL, Scikit-learn"
CAND_1791,6.69,0.0,4.01,,"AWS, Docker, Git, Machine Learning, NLP, NumPy, Pandas, Python, SQL, Scikit-learn"
CAND_416,6.69,0.0,4.01,,"AWS, Docker, Git, Machine Learning, NLP, NumPy, Pandas, Python, SQL, Scikit-learn"
CAND_2397,6.65,0.0,3.99,,"AWS, Docker, Git, Machine Learning, NLP, NumPy, Pandas, Python, SQL, Scikit-learn"
CAND_126,6.64,0.0,3.98,,"AWS, Docker, Git, Machine Learning, NLP, NumPy, Pandas, Python, SQL, Scikit-learn"
CAND_506,6.64,0.0,3.98,,"AWS, Docker, Git, Machine Learning, NLP, NumPy, Pandas, Python, SQL, Scikit-learn"
CAND_1234,6.5,0.0,3.9,,"AWS, Docker, Git, Machine Learning, NLP, NumPy, Pandas, Python, SQL, Scikit-learn"
CAND_1713,6.48,0.0,3.89,,"AWS, Docker, Git, Machine Learning, NLP, NumPy, Pandas, Python, SQL, Scikit-learn"
CAND_2417,6.49,0.0,3.89,,"AWS, Docker, Git, Machine Learning, NLP, NumPy, Pandas, Python, SQL, Scikit-learn"
CAND_1706,6.46,0.0,3.88,,"AWS, Docker, Git, Machine Learning, NLP, NumPy, Pandas, Python, SQL, Scikit-learn"
CAND_1646,6.38,0.0,3.83,,"AWS, Docker, Git, Machine Learning, NLP, NumPy, Pandas, Python, SQL, Scikit-learn"
CAND_1696,6.35,0.0,3.81,,"AWS, Docker, Git, Machine Learning, NLP, NumPy, Pandas, Python, SQL, Scikit-learn"
CAND_1743,6.35,0.0,3.81,,"AWS, Docker, Git, Machine Learning, NLP, NumPy, Pandas, Python, SQL, Scikit-learn"
CAND_1772,6.31,0.0,3.79,,"AWS, Docker, Git, Machine Learning, NLP, NumPy, Pandas, Python, SQL, Scikit-learn"
CAND_1779,6.27,0.0,3.76,,"AWS, Docker, Git, Machine Learning, NLP, NumPy, Pandas, Python, SQL, Scikit-learn"
CAND_169,6.25,0.0,3.75,,"AWS, Docker, Git, Machine Learning, NLP, NumPy, Pandas, Python, SQL, Scikit-learn"
CAND_210,6.25,0.0,3.75,,"AWS, Docker, Git, Machine Learning, NLP, NumPy, Pandas, Python, SQL, Scikit-learn"
CAND_165,6.24,0.0,3.74,,"AWS, Docker, Git, Machine Learning, NLP, NumPy, Pandas, Python, SQL, Scikit-learn"
CAND_257,6.14,0.0,3.68,,"AWS, Docker, Git, Machine Learning, NLP, NumPy, Pandas, Python, SQL, Scikit-learn"
CAND_1453,6.14,0.0,3.68,,"AWS, Docker, Git, Machine Learning, NLP, NumPy, Pandas, Python, SQL, Scikit-learn"
CAND_1615,6.14,0.0,3.68,,"AWS, Docker, Git, Machine Learning, NLP, NumPy, Pandas, Python, SQL, Scikit-learn"
CAND_270,6.11,0.0,3.67,,"AWS, Docker, Git, Machine Learning, NLP, NumPy, Pandas, Python, SQL, Scikit-learn"
CAND_1806,6.06,0.0,3.64,,"AWS, Docker, Git, Machine Learning, NLP, NumPy, Pandas, Python, SQL, Scikit-learn"
CAND_1005,6.06,0.0,3.64,,"AWS, Docker, Git, Machine Learning, NLP, NumPy, Pandas, Python, SQL, Scikit-learn"
CAND_1006,6.04,0.0,3.62,,"AWS, Docker, Git, Machine Learning, NLP, NumPy, Pandas, Python, SQL, Scikit-learn"
CAND_227,6.0,0.0,3.6,,"AWS, Docker, Git, Machine Learning, NLP, NumPy, Pandas, Python, SQL, Scikit-learn"
CAND_427,5.98,0.0,3.59,,"AWS, Docker, Git, Machine Learning, NLP, NumPy, Pandas, Python, SQL, Scikit-learn"
CAND_1941,5.95,0.0,3.57,,"AWS, Docker, Git, Machine Learning, NLP, NumPy, Pandas, Python, SQL, Scikit-learn"
CAND_2316,5.93,0.0,3.56,,"AWS, Docker, Git, Machine Learning, NLP, NumPy, Pandas, Python, SQL, Scikit-learn"
CAND_2436,5.89,0.0,3.53,,"AWS, Docker, Git, Machine Learning, NLP, NumPy, Pandas, Python, SQL, Scikit-learn"
CAND_1710,5.86,0.0,3.52,,"AWS, Docker, Git, Machine Learning, NLP, NumPy, Pandas, Python, SQL, Scikit-learn"
CAND_342,5.79,0.0,3.47,,"AWS, Docker, Git, Machine Learning, NLP, NumPy, Pandas, Python, SQL, Scikit-learn"
CAND_132,5.78,0.0,3.47,,"AWS, Docker, Git, Machine Learning, NLP, NumPy, Pandas, Python, SQL, Scikit-learn"
CAND_1755,5.75,0.0,3.45,,"AWS, Docker, Git, Machine Learning, NLP, NumPy, Pandas, Python, SQL, Scikit-learn"
CAND_362,5.74,0.0,3.44,,"AWS, Docker, Git, Machine Learning, NLP, NumPy, Pandas, Python, SQL, Scikit-learn"
CAND_1959,5.7,0.0,3.42,,"AWS, Docker, Git, Machine Learning, NLP, NumPy, Pandas, Python, SQL, Scikit-learn"
CAND_2037,5.7,0.0,3.42,,"AWS, Docker, Git, Machine Learning, NLP, NumPy, Pandas, Python, SQL, Scikit-learn"
CAND_1211,5.7,0.0,3.42,,"AWS, Docker, Git, Machine Learning, NLP, NumPy, Pandas, Python, SQL, Scikit-learn"
CAND_347,5.69,0.0,3.41,,"AWS, Docker, Git, Machine Learning, NLP, NumPy, Pandas, Python, SQL, Scikit-learn"
CAND_1698,5.66,0.0,3.4,,"AWS, Docker, Git, Machine Learning, NLP, NumPy, Pandas, Python, SQL, Scikit-learn"
CAND_2460,5.65,0.0,3.39,,"AWS, Docker, Git, Machine Learning, NLP, NumPy, Pandas, Python, SQL, Scikit-learn"
CAND_1405,5.65,0.0,3.39,,"AWS, Docker, Git, Machine Learning, NLP, NumPy, Pandas, Python, SQL, Scikit-learn"
CAND_2306,5.64,0.0,3.38,,"AWS, Docker, Git, Machine Learning, NLP, NumPy, Pandas, Python, SQL, Scikit-learn"
CAND_2475,5.63,0.0,3.38,,"AWS, Docker, Git, Machine Learning, NLP, NumPy, Pandas, Python, SQL, Scikit-learn"
CAND_1771,5.62,0.0,3.37,,"AWS, Docker, Git, Machine Learning, NLP, NumPy, Pandas, Python, SQL, Scikit-learn"
CAND_1789,5.61,0.0,3.37,,"AWS, Docker, Git, Machine Learning, NLP, NumPy, Pandas, Python, SQL, Scikit-learn"
CAND_671,5.61,0.0,3.37,,"AWS, Docker, Git, Machine Learning, NLP, NumPy, Pandas, Python, SQL, Scikit-learn"
CAND_423,5.56,0.0,3.34,,"AWS, Docker, Git, Machine Learning, NLP, NumPy, Pandas, Python, SQL, Scikit-learn"
CAND_143,5.53,0.0,3.32,,"AWS, Docker, Git, Machine Learning, NLP, NumPy, Pandas, Python, SQL, Scikit-learn"
CAND_2304,5.46,0.0,3.28,,"AWS, Docker, Git, Machine Learning, NLP, NumPy, Pandas, Python, SQL, Scikit-learn"
CAND_159,5.46,0.0,3.28,,"AWS, Docker, Git, Machine Learning, NLP, NumPy, Pandas, Python, SQL, Scikit-learn"
CAND_1635,5.45,0.0,3.27,,"AWS, Docker, Git, Machine Learning, NLP, NumPy, Pandas, Python, SQL, Scikit-learn"
CAND_221,5.45,0.0,3.27,,"AWS, Docker, Git, Machine Learning, NLP, NumPy, Pandas, Python, SQL, Scikit-learn"
CAND_1174,5.44,0.0,3.26,,"AWS, Docker, Git, Machine Learning, NLP, NumPy, Pandas, Python, SQL, Scikit-learn"
CAND_1984,5.41,0.0,3.25,,"AWS, Docker, Git, Machine Learning, NLP, NumPy, Pandas, Python, SQL, Scikit-learn"
CAND_1700,5.42,0.0,3.25,,"AWS, Docker, Git, Machine Learning, NLP, NumPy, Pandas, Python, SQL, Scikit-learn"
CAND_606,5.38,0.0,3.23,,"AWS, Docker, Git, Machine Learning, NLP, NumPy, Pandas, Python, SQL, Scikit-learn"
CAND_1777,5.35,0.0,3.21,,"AWS, Docker, Git, Machine Learning, NLP, NumPy, Pandas, Python, SQL, Scikit-learn"
CAND_2004,5.35,0.0,3.21,,"AWS, Docker, Git, Machine Learning, NLP, NumPy, Pandas, Python, SQL, Scikit-learn"
CAND_214,5.28,0.0,3.17,,"AWS, Docker, Git, Machine Learning, NLP, NumPy, Pandas, Python, SQL, Scikit-learn"
CAND_916,5.26,0.0,3.16,,"AWS, Docker, Git, Machine Learning, NLP, NumPy, Pandas, Python, SQL, Scikit-learn"
CAND_1697,5.24,0.0,3.14,,"AWS, Docker, Git, Machine Learning, NLP, NumPy, Pandas, Python, SQL, Scikit-learn"
CAND_1832,5.21,0.0,3.13,,"AWS, Docker, Git, Machine Learning, NLP, NumPy, Pandas, Python, SQL, Scikit-learn"
CAND_1701,5.22,0.0,3.13,,"AWS, Docker, Git, Machine Learning, NLP, NumPy, Pandas, Python, SQL, Scikit-learn"
CAND_1775,5.08,0.0,3.05,,"AWS, Docker, Git, Machine Learning, NLP, NumPy, Pandas, Python, SQL, Scikit-learn"
CAND_1734,5.07,0.0,3.04,,"AWS, Docker, Git, Machine Learning, NLP, NumPy, Pandas, Python, SQL, Scikit-learn"
CAND_1793,5.03,0.0,3.02,,"AWS, Docker, Git, Machine Learning, NLP, NumPy, Pandas, Python, SQL, Scikit-learn"
CAND_398,5.03,0.0,3.02,,"AWS, Docker, Git, Machine Learning, NLP, NumPy, Pandas, Python, SQL, Scikit-learn"
CAND_1994,5.02,0.0,3.01,,"AWS, Docker, Git, Machine Learning, NLP, NumPy, Pandas, Python, SQL, Scikit-learn"
CAND_2278,5.0,0.0,3.0,,"AWS, Docker, Git, Machine Learning, NLP, NumPy, Pandas, Python, SQL, Scikit-learn"
CAND_1947,5.0,0.0,3.0,,"AWS, Docker, Git, Machine Learning, NLP, NumPy, Pandas, Python, SQL, Scikit-learn"
CAND_149,4.99,0.0,2.99,,"AWS, Docker, Git, Machine Learning, NLP, NumPy, Pandas, Python, SQL, Scikit-learn"
CAND_1159,4.9,0.0,2.94,,"AWS, Docker, Git, Machine Learning, NLP, NumPy, Pandas, Python, SQL, Scikit-learn"
CAND_330,4.89,0.0,2.93,,"AWS, Docker, Git, Machine Learning, NLP, NumPy, Pandas, Python, SQL, Scikit-learn"
CAND_324,4.87,0.0,2.92,,"AWS, Docker, Git, Machine Learning, NLP, NumPy, Pandas, Python, SQL, Scikit-learn"
CAND_1769,4.85,0.0,2.91,,"AWS, Docker, Git, Machine Learning, NLP, NumPy, Pandas, Python, SQL, Scikit-learn"
CAND_2299,4.81,0.0,2.89,,"AWS, Docker, Git, Machine Learning, NLP, NumPy, Pandas, Python, SQL, Scikit-learn"
CAND_905,4.76,0.0,2.86,,"AWS, Docker, Git, Machine Learning, NLP, NumPy, Pandas, Python, SQL, Scikit-learn"
CAND_2266,4.72,0.0,2.83,,"AWS, Docker, Git, Machine Learning, NLP, NumPy, Pandas, Python, SQL, Scikit-learn"
CAND_869,4.68,0.0,2.81,,"AWS, Docker, Git, Machine Learning, NLP, NumPy, Pandas, Python, SQL, Scikit-learn"
CAND_2079,4.65,0.0,2.79,,"AWS, Docker, Git, Machine Learning, NLP, NumPy, Pandas, Python, SQL, Scikit-learn"
CAND_1034,4.64,0.0,2.78,,"AWS, Docker, Git, Machine Learning, NLP, NumPy, Pandas, Python, SQL, Scikit-learn"
CAND_1649,4.61,0.0,2.77,,"AWS, Docker, Git, Machine Learning, NLP, NumPy, Pandas, Python, SQL, Scikit-learn"
CAND_417,4.6,0.0,2.76,,"AWS, Docker, Git, Machine Learning, NLP, NumPy, Pandas, Python, SQL, Scikit-learn"
CAND_1458,4.57,0.0,2.74,,"AWS, Docker, Git, Machine Learning, NLP, NumPy, Pandas, Python, SQL, Scikit-learn"
CAND_805,4.57,0.0,2.74,,"AWS, Docker, Git, Machine Learning, NLP, NumPy, Pandas, Python, SQL, Scikit-learn"
CAND_1801,4.53,0.0,2.72,,"AWS, Docker, Git, Machine Learning, NLP, NumPy, Pandas, Python, SQL, Scikit-learn"
CAND_365,4.52,0.0,2.71,,"AWS, Docker, Git, Machine Learning, NLP, NumPy, Pandas, Python, SQL, Scikit-learn"
CAND_1221,4.52,0.0,2.71,,"AWS, Docker, Git, Machine Learning, NLP, NumPy, Pandas, Python, SQL, Scikit-learn"
CAND_370,4.51,0.0,2.71,,"AWS, Docker, Git, Machine Learning, NLP, NumPy, Pandas, Python, SQL, Scikit-learn"
CAND_1544,4.47,0.0,2.68,,"AWS, Docker, Git, Machine Learning, NLP, NumPy, Pandas, Python, SQL, Scikit-learn"
CAND_1690,4.43,0.0,2.66,,"AWS, Docker, Git, Machine Learning, NLP, NumPy, Pandas, Python, SQL, Scikit-learn"
CAND_1499,4.44,0.0,2.66,,"AWS, Docker, Git, Machine Learning, NLP, NumPy, Pandas, Python, SQL, Scikit-learn"
CAND_436,4.41,0.0,2.65,,"AWS, Docker, Git, Machine Learning, NLP, NumPy, Pandas, Python, SQL, Scikit-learn"
CAND_2044,4.41,0.0,2.65,,"AWS, Docker, Git, Machine Learning, NLP, NumPy, Pandas, Python, SQL, Scikit-learn"
CAND_395,4.4,0.0,2.64,,"AWS, Docker, Git, Machine Learning, NLP, NumPy, Pandas, Python, SQL, Scikit-learn"
CAND_2396,4.39,0.0,2.63,,"AWS, Docker, Git, Machine Learning, NLP, NumPy, Pandas, Python, SQL, Scikit-learn"
CAND_1716,4.37,0.0,2.62,,"AWS, Docker, Git, Machine Learning, NLP, NumPy, Pandas, Python, SQL, Scikit-learn"
CAND_431,4.35,0.0,2.61,,"AWS, Docker, Git, Machine Learning, NLP, NumPy, Pandas, Python, SQL, Scikit-learn"
CAND_155,4.33,0.0,2.6,,"AWS, Docker, Git, Machine Learning, NLP, NumPy, Pandas, Python, SQL, Scikit-learn"
CAND_1783,4.28,0.0,2.57,,"AWS, Docker, Git, Machine Learning, NLP, NumPy, Pandas, Python, SQL, Scikit-learn"
CAND_1632,4.26,0.0,2.56,,"AWS, Docker, Git, Machine Learning, NLP, NumPy, Pandas, Python, SQL, Scikit-learn"
CAND_2000,4.27,0.0,2.56,,"AWS, Docker, Git, Machine Learning, NLP, NumPy, Pandas, Python, SQL, Scikit-learn"
CAND_352,4.27,0.0,2.56,,"AWS, Docker, Git, Machine Learning, NLP, NumPy, Pandas, Python, SQL, Scikit-learn"
CAND_917,4.27,0.0,2.56,,"AWS, Docker, Git, Machine Learning, NLP, NumPy, Pandas, Python, SQL, Scikit-learn"
CAND_556,4.25,0.0,2.55,,"AWS, Docker, Git, Machine Learning, NLP, NumPy, Pandas, Python, SQL, Scikit-learn"
CAND_1708,4.25,0.0,2.55,,"AWS, Docker, Git, Machine Learning, NLP, NumPy, Pandas, Python, SQL, Scikit-learn"
CAND_2451,4.23,0.0,2.54,,"AWS, Docker, Git, Machine Learning, NLP, NumPy, Pandas, Python, SQL, Scikit-learn"
CAND_1722,4.21,0.0,2.53,,"AWS, Docker, Git, Machine Learning, NLP, NumPy, Pandas, Python, SQL, Scikit-learn"
CAND_104,4.22,0.0,2.53,,"AWS, Docker, Git, Machine Learning, NLP, NumPy, Pandas, Python, SQL, Scikit-learn"
CAND_438,4.21,0.0,2.53,,"AWS, Docker, Git, Machine Learning, NLP, NumPy, Pandas, Python, SQL, Scikit-learn"
CAND_1768,4.2,0.0,2.52,,"AWS, Docker, Git, Machine Learning, NLP, NumPy, Pandas, Python, SQL, Scikit-learn"
CAND_1681,4.19,0.0,2.51,,"AWS, Docker, Git, Machine Learning, NLP, NumPy, Pandas, Python, SQL, Scikit-learn"
CAND_390,4.17,0.0,2.5,,"AWS, Docker, Git, Machine Learning, NLP, NumPy, Pandas, Python, SQL, Scikit-learn"
CAND_624,4.15,0.0,2.49,,"AWS, Docker, Git, Machine Learning, NLP, NumPy, Pandas, Python, SQL, Scikit-learn"
CAND_2009,4.14,0.0,2.48,,"AWS, Docker, Git, Machine Learning, NLP, NumPy, Pandas, Python, SQL, Scikit-learn"
CAND_1744,4.11,0.0,2.47,,"AWS, Docker, Git, Machine Learning, NLP, NumPy, Pandas, Python, SQL, Scikit-learn"
CAND_1459,4.12,0.0,2.47,,"AWS, Docker, Git, Machine Learning, NLP, NumPy, Pandas, Python, SQL, Scikit-learn"
CAND_1144,4.1,0.0,2.46,,"AWS, Docker, Git, Machine Learning, NLP, NumPy, Pandas, Python, SQL, Scikit-learn"
CAND_1745,4.1,0.0,2.46,,"AWS, Docker, Git, Machine Learning, NLP, NumPy, Pandas, Python, SQL, Scikit-learn"
CAND_638,4.08,0.0,2.45,,"AWS, Docker, Git, Machine Learning, NLP, NumPy, Pandas, Python, SQL, Scikit-learn"
CAND_1155,4.06,0.0,2.44,,"AWS, Docker, Git, Machine Learning, NLP, NumPy, Pandas, Python, SQL, Scikit-learn"
CAND_474,4.07,0.0,2.44,,"AWS, Docker, Git, Machine Learning, NLP, NumPy, Pandas, Python, SQL, Scikit-learn"
CAND_2264,4.06,0.0,2.44,,"AWS, Docker, Git, Machine Learning, NLP, NumPy, Pandas, Python, SQL, Scikit-learn"
CAND_849,4.03,0.0,2.42,,"AWS, Docker, Git, Machine Learning, NLP, NumPy, Pandas, Python, SQL, Scikit-learn"
CAND_1705,4.02,0.0,2.41,,"AWS, Docker, Git, Machine Learning, NLP, NumPy, Pandas, Python, SQL, Scikit-learn"
CAND_1942,4.0,0.0,2.4,,"AWS, Docker, Git, Machine Learning, NLP, NumPy, Pandas, Python, SQL, Scikit-learn"
CAND_2463,3.93,0.0,2.36,,"AWS, Docker, Git, Machine Learning, NLP, NumPy, Pandas, Python, SQL, Scikit-learn"
CAND_380,3.93,0.0,2.36,,"AWS, Docker, Git, Machine Learning, NLP, NumPy, Pandas, Python, SQL, Scikit-learn"
CAND_544,3.91,0.0,2.35,,"AWS, Docker, Git, Machine Learning, NLP, NumPy, Pandas, Python, SQL, Scikit-learn"
CAND_1752,3.9,0.0,2.34,,"AWS, Docker, Git, Machine Learning, NLP, NumPy, Pandas, Python, SQL, Scikit-learn"
CAND_2200,3.89,0.0,2.33,,"AWS, Docker, Git, Machine Learning, NLP, NumPy, Pandas, Python, SQL, Scikit-learn"
CAND_377,3.85,0.0,2.31,,"AWS, Docker, Git, Machine Learning, NLP, NumPy, Pandas, Python, SQL, Scikit-learn"
CAND_1527,3.84,0.0,2.3,,"AWS, Docker, Git, Machine Learning, NLP, NumPy, Pandas, Python, SQL, Scikit-learn"
CAND_115,3.83,0.0,2.3,,"AWS, Docker, Git, Machine Learning, NLP, NumPy, Pandas, Python, SQL, Scikit-learn"
CAND_2029,3.82,0.0,2.29,,"AWS, Docker, Git, Machine Learning, NLP, NumPy, Pandas, Python, SQL, Scikit-learn"
CAND_1963,3.82,0.0,2.29,,"AWS, Docker, Git, Machine Learning, NLP, NumPy, Pandas, Python, SQL, Scikit-learn"
CAND_363,3.81,0.0,2.29,,"AWS, Docker, Git, Machine Learning, NLP, NumPy, Pandas, Python, SQL, Scikit-learn"
CAND_684,3.8,0.0,2.28,,"AWS, Docker, Git, Machine Learning, NLP, NumPy, Pandas, Python, SQL, Scikit-learn"
CAND_2276,3.8,0.0,2.28,,"AWS, Docker, Git, Machine Learning, NLP, NumPy, Pandas, Python, SQL, Scikit-learn"
CAND_2310,3.78,0.0,2.27,,"AWS, Docker, Git, Machine Learning, NLP, NumPy, Pandas, Python, SQL, Scikit-learn"
CAND_1774,3.77,0.0,2.26,,"AWS, Docker, Git, Machine Learning, NLP, NumPy, Pandas, Python, SQL, Scikit-learn"
CAND_510,3.77,0.0,2.26,,"AWS, Docker, Git, Machine Learning, NLP, NumPy, Pandas, Python, SQL, Scikit-learn"
CAND_1765,3.76,0.0,2.26,,"AWS, Docker, Git, Machine Learning, NLP, NumPy, Pandas, Python, SQL, Scikit-learn"
CAND_358,3.73,0.0,2.24,,"AWS, Docker, Git, Machine Learning, NLP, NumPy, Pandas, Python, SQL, Scikit-learn"
CAND_186,3.72,0.0,2.23,,"AWS, Docker, Git, Machine Learning, NLP, NumPy, Pandas, Python, SQL, Scikit-learn"
CAND_1472,3.71,0.0,2.23,,"AWS, Docker, Git, Machine Learning, NLP, NumPy, Pandas, Python, SQL, Scikit-learn"
CAND_2426,3.72,0.0,2.23,,"AWS, Docker, Git, Machine Learning, NLP, NumPy, Pandas, Python, SQL, Scikit-learn"
CAND_1052,3.7,0.0,2.22,,"AWS, Docker, Git, Machine Learning, NLP, NumPy, Pandas, Python, SQL, Scikit-learn"
CAND_980,3.66,0.0,2.2,,"AWS, Docker, Git, Machine Learning, NLP, NumPy, Pandas, Python, SQL, Scikit-learn"
CAND_064,3.67,0.0,2.2,,"AWS, Docker, Git, Machine Learning, NLP, NumPy, Pandas, Python, SQL, Scikit-learn"
CAND_175,3.64,0.0,2.18,,"AWS, Docker, Git, Machine Learning, NLP, NumPy, Pandas, Python, SQL, Scikit-learn"
CAND_1792,3.62,0.0,2.17,,"AWS, Docker, Git, Machine Learning, NLP, NumPy, Pandas, Python, SQL, Scikit-learn"
CAND_1730,3.6,0.0,2.16,,"AWS, Docker, Git, Machine Learning, NLP, NumPy, Pandas, Python, SQL, Scikit-learn"
CAND_1643,3.59,0.0,2.15,,"AWS, Docker, Git, Machine Learning, NLP, NumPy, Pandas, Python, SQL, Scikit-learn"
CAND_1776,3.58,0.0,2.15,,"AWS, Docker, Git, Machine Learning, NLP, NumPy, Pandas, Python, SQL, Scikit-learn"
CAND_722,3.59,0.0,2.15,,"AWS, Docker, Git, Machine Learning, NLP, NumPy, Pandas, Python, SQL, Scikit-learn"
CAND_2438,3.59,0.0,2.15,,"AWS, Docker, Git, Machine Learning, NLP, NumPy, Pandas, Python, SQL, Scikit-learn"
CAND_1747,3.59,0.0,2.15,,"AWS, Docker, Git, Machine Learning, NLP, NumPy, Pandas, Python, SQL, Scikit-learn"
CAND_1692,3.59,0.0,2.15,,"AWS, Docker, Git, Machine Learning, NLP, NumPy, Pandas, Python, SQL, Scikit-learn"
CAND_415,3.57,0.0,2.14,,"AWS, Docker, Git, Machine Learning, NLP, NumPy, Pandas, Python, SQL, Scikit-learn"
CAND_1950,3.53,0.0,2.12,,"AWS, Docker, Git, Machine Learning, NLP, NumPy, Pandas, Python, SQL, Scikit-learn"
CAND_108,3.51,0.0,2.11,,"AWS, Docker, Git, Machine Learning, NLP, NumPy, Pandas, Python, SQL, Scikit-learn"
CAND_435,3.52,0.0,2.11,,"AWS, Docker, Git, Machine Learning, NLP, NumPy, Pandas, Python, SQL, Scikit-learn"
CAND_340,3.52,0.0,2.11,,"AWS, Docker, Git, Machine Learning, NLP, NumPy, Pandas, Python, SQL, Scikit-learn"
CAND_411,3.52,0.0,2.11,,"AWS, Docker, Git, Machine Learning, NLP, NumPy, Pandas, Python, SQL, Scikit-learn"
CAND_2142,3.5,0.0,2.1,,"AWS, Docker, Git, Machine Learning, NLP, NumPy, Pandas, Python, SQL, Scikit-learn"
CAND_588,3.5,0.0,2.1,,"AWS, Docker, Git, Machine Learning, NLP, NumPy, Pandas, Python, SQL, Scikit-learn"
CAND_833,3.5,0.0,2.1,,"AWS, Docker, Git, Machine Learning, NLP, NumPy, Pandas, Python, SQL, Scikit-learn"
CAND_2381,3.49,0.0,2.09,,"AWS, Docker, Git, Machine Learning, NLP, NumPy, Pandas, Python, SQL, Scikit-learn"
CAND_2331,3.46,0.0,2.08,,"AWS, Docker, Git, Machine Learning, NLP, NumPy, Pandas, Python, SQL, Scikit-learn"
CAND_2424,3.47,0.0,2.08,,"AWS, Docker, Git, Machine Learning, NLP, NumPy, Pandas, Python, SQL, Scikit-learn"
CAND_1115,3.46,0.0,2.08,,"AWS, Docker, Git, Machine Learning, NLP, NumPy, Pandas, Python, SQL, Scikit-learn"
CAND_639,3.47,0.0,2.08,,"AWS, Docker, Git, Machine Learning, NLP, NumPy, Pandas, Python, SQL, Scikit-learn"
CAND_1685,3.47,0.0,2.08,,"AWS, Docker, Git, Machine Learning, NLP, NumPy, Pandas, Python, SQL, Scikit-learn"
CAND_1064,3.45,0.0,2.07,,"AWS, Docker, Git, Machine Learning, NLP, NumPy, Pandas, Python, SQL, Scikit-learn"
CAND_1048,3.42,0.0,2.05,,"AWS, Docker, Git, Machine Learning, NLP, NumPy, Pandas, Python, SQL, Scikit-learn"
CAND_467,3.41,0.0,2.05,,"AWS, Docker, Git, Machine Learning, NLP, NumPy, Pandas, Python, SQL, Scikit-learn"
CAND_1754,3.4,0.0,2.04,,"AWS, Docker, Git, Machine Learning, NLP, NumPy, Pandas, Python, SQL, Scikit-learn"
CAND_420,3.4,0.0,2.04,,"AWS, Docker, Git, Machine Learning, NLP, NumPy, Pandas, Python, SQL, Scikit-learn"
CAND_189,3.39,0.0,2.03,,"AWS, Docker, Git, Machine Learning, NLP, NumPy, Pandas, Python, SQL, Scikit-learn"
CAND_403,3.38,0.0,2.03,,"AWS, Docker, Git, Machine Learning, NLP, NumPy, Pandas, Python, SQL, Scikit-learn"
CAND_1623,3.36,0.0,2.02,,"AWS, Docker, Git, Machine Learning, NLP, NumPy, Pandas, Python, SQL, Scikit-learn"
CAND_965,3.35,0.0,2.01,,"AWS, Docker, Git, Machine Learning, NLP, NumPy, Pandas, Python, SQL, Scikit-learn"
CAND_035,3.34,0.0,2.0,,"AWS, Docker, Git, Machine Learning, NLP, NumPy, Pandas, Python, SQL, Scikit-learn"
CAND_124,3.31,0.0,1.99,,"AWS, Docker, Git, Machine Learning, NLP, NumPy, Pandas, Python, SQL, Scikit-learn"
CAND_2273,3.31,0.0,1.99,,"AWS, Docker, Git, Machine Learning, NLP, NumPy, Pandas, Python, SQL, Scikit-learn"
CAND_914,3.32,0.0,1.99,,"AWS, Docker, Git, Machine Learning, NLP, NumPy, Pandas, Python, SQL, Scikit-learn"
CAND_1245,3.32,0.0,1.99,,"AWS, Docker, Git, Machine Learning, NLP, NumPy, Pandas, Python, SQL, Scikit-learn"
CAND_929,3.3,0.0,1.98,,"AWS, Docker, Git, Machine Learning, NLP, NumPy, Pandas, Python, SQL, Scikit-learn"
CAND_1790,3.3,0.0,1.98,,"AWS, Docker, Git, Machine Learning, NLP, NumPy, Pandas, Python, SQL, Scikit-learn"
CAND_2361,3.28,0.0,1.97,,"AWS, Docker, Git, Machine Learning, NLP, NumPy, Pandas, Python, SQL, Scikit-learn"
CAND_540,3.24,0.0,1.94,,"AWS, Docker, Git, Machine Learning, NLP, NumPy, Pandas, Python, SQL, Scikit-learn"
CAND_825,3.23,0.0,1.94,,"AWS, Docker, Git, Machine Learning, NLP, NumPy, Pandas, Python, SQL, Scikit-learn"
CAND_1988,3.24,0.0,1.94,,"AWS, Docker, Git, Machine Learning, NLP, NumPy, Pandas, Python, SQL, Scikit-learn"
CAND_2245,3.21,0.0,1.93,,"AWS, Docker, Git, Machine Learning, NLP, NumPy, Pandas, Python, SQL, Scikit-learn"
CAND_1718,3.2,0.0,1.92,,"AWS, Docker, Git, Machine Learning, NLP, NumPy, Pandas, Python, SQL, Scikit-learn"
CAND_385,3.2,0.0,1.92,,"AWS, Docker, Git, Machine Learning, NLP, NumPy, Pandas, Python, SQL, Scikit-learn"
CAND_593,3.15,0.0,1.89,,"AWS, Docker, Git, Machine Learning, NLP, NumPy, Pandas, Python, SQL, Scikit-learn"
CAND_2412,3.15,0.0,1.89,,"AWS, Docker, Git, Machine Learning, NLP, NumPy, Pandas, Python, SQL, Scikit-learn"
CAND_1953,3.13,0.0,1.88,,"AWS, Docker, Git, Machine Learning, NLP, NumPy, Pandas, Python, SQL, Scikit-learn"
CAND_2471,3.14,0.0,1.88,,"AWS, Docker, Git, Machine Learning, NLP, NumPy, Pandas, Python, SQL, Scikit-learn"
CAND_371,3.12,0.0,1.87,,"AWS, Docker, Git, Machine Learning, NLP, NumPy, Pandas, Python, SQL, Scikit-learn"
CAND_542,3.1,0.0,1.86,,"AWS, Docker, Git, Machine Learning, NLP, NumPy, Pandas, Python, SQL, Scikit-learn"
CAND_009,3.1,0.0,1.86,,"AWS, Docker, Git, Machine Learning, NLP, NumPy, Pandas, Python, SQL, Scikit-learn"
CAND_529,3.09,0.0,1.85,,"AWS, Docker, Git, Machine Learning, NLP, NumPy, Pandas, Python, SQL, Scikit-learn"
CAND_2383,3.08,0.0,1.85,,"AWS, Docker, Git, Machine Learning, NLP, NumPy, Pandas, Python, SQL, Scikit-learn"
CAND_636,3.09,0.0,1.85,,"AWS, Docker, Git, Machine Learning, NLP, NumPy, Pandas, Python, SQL, Scikit-learn"
CAND_1576,3.08,0.0,1.85,,"AWS, Docker, Git, Machine Learning, NLP, NumPy, Pandas, Python, SQL, Scikit-learn"
CAND_447,3.06,0.0,1.84,,"AWS, Docker, Git, Machine Learning, NLP, NumPy, Pandas, Python, SQL, Scikit-learn"
CAND_389,3.06,0.0,1.84,,"AWS, Docker, Git, Machine Learning, NLP, NumPy, Pandas, Python, SQL, Scikit-learn"
CAND_1694,3.05,0.0,1.83,,"AWS, Docker, Git, Machine Learning, NLP, NumPy, Pandas, Python, SQL, Scikit-learn"
CAND_2188,3.05,0.0,1.83,,"AWS, Docker, Git, Machine Learning, NLP, NumPy, Pandas, Python, SQL, Scikit-learn"
CAND_260,3.05,0.0,1.83,,"AWS, Docker, Git, Machine Learning, NLP, NumPy, Pandas, Python, SQL, Scikit-learn"
CAND_1691,3.05,0.0,1.83,,"AWS, Docker, Git, Machine Learning, NLP, NumPy, Pandas, Python, SQL, Scikit-learn"
CAND_2281,3.03,0.0,1.82,,"AWS, Docker, Git, Machine Learning, NLP, NumPy, Pandas, Python, SQL, Scikit-learn"
CAND_1728,3.01,0.0,1.81,,"AWS, Docker, Git, Machine Learning, NLP, NumPy, Pandas, Python, SQL, Scikit-learn"
CAND_354,3.02,0.0,1.81,,"AWS, Docker, Git, Machine Learning, NLP, NumPy, Pandas, Python, SQL, Scikit-learn"
CAND_2311,3.0,0.0,1.8,,"AWS, Docker, Git, Machine Learning, NLP, NumPy, Pandas, Python, SQL, Scikit-learn"
CAND_867,3.0,0.0,1.8,,"AWS, Docker, Git, Machine Learning, NLP, NumPy, Pandas, Python, SQL, Scikit-learn"
CAND_376,2.98,0.0,1.79,,"AWS, Docker, Git, Machine Learning, NLP, NumPy, Pandas, Python, SQL, Scikit-learn"
CAND_1259,2.98,0.0,1.79,,"AWS, Docker, Git, Machine Learning, NLP, NumPy, Pandas, Python, SQL, Scikit-learn"
CAND_1767,2.97,0.0,1.78,,"AWS, Docker, Git, Machine Learning, NLP, NumPy, Pandas, Python, SQL, Scikit-learn"
CAND_381,2.95,0.0,1.77,,"AWS, Docker, Git, Machine Learning, NLP, NumPy, Pandas, Python, SQL, Scikit-learn"
CAND_2322,2.94,0.0,1.76,,"AWS, Docker, Git, Machine Learning, NLP, NumPy, Pandas, Python, SQL, Scikit-learn"
CAND_1989,2.94,0.0,1.76,,"AWS, Docker, Git, Machine Learning, NLP, NumPy, Pandas, Python, SQL, Scikit-learn"
CAND_2390,2.92,0.0,1.75,,"AWS, Docker, Git, Machine Learning, NLP, NumPy, Pandas, Python, SQL, Scikit-learn"
CAND_1040,2.92,0.0,1.75,,"AWS, Docker, Git, Machine Learning, NLP, NumPy, Pandas, Python, SQL, Scikit-learn"
CAND_1981,2.92,0.0,1.75,,"AWS, Docker, Git, Machine Learning, NLP, NumPy, Pandas, Python, SQL, Scikit-learn"
CAND_2318,2.92,0.0,1.75,,"AWS, Docker, Git, Machine Learning, NLP, NumPy, Pandas, Python, SQL, Scikit-learn"
CAND_2302,2.88,0.0,1.73,,"AWS, Docker, Git, Machine Learning, NLP, NumPy, Pandas, Python, SQL, Scikit-learn"
CAND_2106,2.88,0.0,1.73,,"AWS, Docker, Git, Machine Learning, NLP, NumPy, Pandas, Python, SQL, Scikit-learn"
CAND_812,2.89,0.0,1.73,,"AWS, Docker, Git, Machine Learning, NLP, NumPy, Pandas, Python, SQL, Scikit-learn"
CAND_863,2.89,0.0,1.73,,"AWS, Docker, Git, Machine Learning, NLP, NumPy, Pandas, Python, SQL, Scikit-learn"
CAND_1746,2.88,0.0,1.73,,"AWS, Docker, Git, Machine Learning, NLP, NumPy, Pandas, Python, SQL, Scikit-learn"
CAND_698,2.86,0.0,1.72,,"AWS, Docker, Git, Machine Learning, NLP, NumPy, Pandas, Python, SQL, Scikit-learn"
CAND_397,2.85,0.0,1.71,,"AWS, Docker, Git, Machine Learning, NLP, NumPy, Pandas, Python, SQL, Scikit-learn"
CAND_388,2.84,0.0,1.7,,"AWS, Docker, Git, Machine Learning, NLP, NumPy, Pandas, Python, SQL, Scikit-learn"
CAND_1968,2.84,0.0,1.7,,"AWS, Docker, Git, Machine Learning, NLP, NumPy, Pandas, Python, SQL, Scikit-learn"
CAND_1962,2.84,0.0,1.7,,"AWS, Docker, Git, Machine Learning, NLP, NumPy, Pandas, Python, SQL, Scikit-learn"
CAND_167,2.83,0.0,1.7,,"AWS, Docker, Git, Machine Learning, NLP, NumPy, Pandas, Python, SQL, Scikit-learn"
CAND_1599,2.82,0.0,1.69,,"AWS, Docker, Git, Machine Learning, NLP, NumPy, Pandas, Python, SQL, Scikit-learn"
CAND_1057,2.82,0.0,1.69,,"AWS, Docker, Git, Machine Learning, NLP, NumPy, Pandas, Python, SQL, Scikit-learn"
CAND_1560,2.81,0.0,1.69,,"AWS, Docker, Git, Machine Learning, NLP, NumPy, Pandas, Python, SQL, Scikit-learn"
CAND_1110,2.8,0.0,1.68,,"AWS, Docker, Git, Machine Learning, NLP, NumPy, Pandas, Python, SQL, Scikit-learn"
CAND_2434,2.79,0.0,1.67,,"AWS, Docker, Git, Machine Learning, NLP, NumPy, Pandas, Python, SQL, Scikit-learn"
CAND_2289,2.76,0.0,1.66,,"AWS, Docker, Git, Machine Learning, NLP, NumPy, Pandas, Python, SQL, Scikit-learn"
CAND_1464,2.77,0.0,1.66,,"AWS, Docker, Git, Machine Learning, NLP, NumPy, Pandas, Python, SQL, Scikit-learn"
CAND_795,2.77,0.0,1.66,,"AWS, Docker, Git, Machine Learning, NLP, NumPy, Pandas, Python, SQL, Scikit-learn"
CAND_2132,2.77,0.0,1.66,,"AWS, Docker, Git, Machine Learning, NLP, NumPy, Pandas, Python, SQL, Scikit-learn"
CAND_826,2.76,0.0,1.66,,"AWS, Docker, Git, Machine Learning, NLP, NumPy, Pandas, Python, SQL, Scikit-learn"
CAND_963,2.75,0.0,1.65,,"AWS, Docker, Git, Machine Learning, NLP, NumPy, Pandas, Python, SQL, Scikit-learn"
CAND_1757,2.74,0.0,1.64,,"AWS, Docker, Git, Machine Learning, NLP, NumPy, Pandas, Python, SQL, Scikit-learn"
CAND_2293,2.74,0.0,1.64,,"AWS, Docker, Git, Machine Learning, NLP, NumPy, Pandas, Python, SQL, Scikit-learn"
CAND_401,2.72,0.0,1.63,,"AWS, Docker, Git, Machine Learning, NLP, NumPy, Pandas, Python, SQL, Scikit-learn"
CAND_1608,2.72,0.0,1.63,,"AWS, Docker, Git, Machine Learning, NLP, NumPy, Pandas, Python, SQL, Scikit-learn"
CAND_217,2.71,0.0,1.63,,"AWS, Docker, Git, Machine Learning, NLP, NumPy, Pandas, Python, SQL, Scikit-learn"
CAND_1469,2.72,0.0,1.63,,"AWS, Docker, Git, Machine Learning, NLP, NumPy, Pandas, Python, SQL, Scikit-learn"
CAND_171,2.71,0.0,1.63,,"AWS, Docker, Git, Machine Learning, NLP, NumPy, Pandas, Python, SQL, Scikit-learn"
CAND_906,2.7,0.0,1.62,,"AWS, Docker, Git, Machine Learning, NLP, NumPy, Pandas, Python, SQL, Scikit-learn"
CAND_2344,2.69,0.0,1.61,,"AWS, Docker, Git, Machine Learning, NLP, NumPy, Pandas, Python, SQL, Scikit-learn"
CAND_219,2.68,0.0,1.61,,"AWS, Docker, Git, Machine Learning, NLP, NumPy, Pandas, Python, SQL, Scikit-learn"
CAND_1461,2.67,0.0,1.6,,"AWS, Docker, Git, Machine Learning, NLP, NumPy, Pandas, Python, SQL, Scikit-learn"
CAND_555,2.66,0.0,1.6,,"AWS, Docker, Git, Machine Learning, NLP, NumPy, Pandas, Python, SQL, Scikit-learn"
CAND_218,2.67,0.0,1.6,,"AWS, Docker, Git, Machine Learning, NLP, NumPy, Pandas, Python, SQL, Scikit-learn"
CAND_349,2.67,0.0,1.6,,"AWS, Docker, Git, Machine Learning, NLP, NumPy, Pandas, Python, SQL, Scikit-learn"
CAND_959,2.63,0.0,1.58,,"AWS, Docker, Git, Machine Learning, NLP, NumPy, Pandas, Python, SQL, Scikit-learn"
CAND_412,2.64,0.0,1.58,,"AWS, Docker, Git, Machine Learning, NLP, NumPy, Pandas, Python, SQL, Scikit-learn"
CAND_2128,2.63,0.0,1.58,,"AWS, Docker, Git, Machine Learning, NLP, NumPy, Pandas, Python, SQL, Scikit-learn"
CAND_946,2.63,0.0,1.58,,"AWS, Docker, Git, Machine Learning, NLP, NumPy, Pandas, Python, SQL, Scikit-learn"
CAND_2007,2.61,0.0,1.57,,"AWS, Docker, Git, Machine Learning, NLP, NumPy, Pandas, Python, SQL, Scikit-learn"
CAND_2300,2.62,0.0,1.57,,"AWS, Docker, Git, Machine Learning, NLP, NumPy, Pandas, Python, SQL, Scikit-learn"
CAND_2279,2.62,0.0,1.57,,"AWS, Docker, Git, Machine Learning, NLP, NumPy, Pandas, Python, SQL, Scikit-learn"
CAND_1279,2.62,0.0,1.57,,"AWS, Docker, Git, Machine Learning, NLP, NumPy, Pandas, Python, SQL, Scikit-learn"
CAND_356,2.61,0.0,1.57,,"AWS, Docker, Git, Machine Learning, NLP, NumPy, Pandas, Python, SQL, Scikit-learn"
CAND_1979,2.6,0.0,1.56,,"AWS, Docker, Git, Machine Learning, NLP, NumPy, Pandas, Python, SQL, Scikit-learn"
CAND_1880,2.6,0.0,1.56,,"AWS, Docker, Git, Machine Learning, NLP, NumPy, Pandas, Python, SQL, Scikit-learn"
CAND_109,2.6,0.0,1.56,,"AWS, Docker, Git, Machine Learning, NLP, NumPy, Pandas, Python, SQL, Scikit-learn"
CAND_2328,2.59,0.0,1.55,,"AWS, Docker, Git, Machine Learning, NLP, NumPy, Pandas, Python, SQL, Scikit-learn"
CAND_2283,2.57,0.0,1.54,,"AWS, Docker, Git, Machine Learning, NLP, NumPy, Pandas, Python, SQL, Scikit-learn"
CAND_1760,2.57,0.0,1.54,,"AWS, Docker, Git, Machine Learning, NLP, NumPy, Pandas, Python, SQL, Scikit-learn"
CAND_877,2.56,0.0,1.54,,"AWS, Docker, Git, Machine Learning, NLP, NumPy, Pandas, Python, SQL, Scikit-learn"
CAND_139,2.57,0.0,1.54,,"AWS, Docker, Git, Machine Learning, NLP, NumPy, Pandas, Python, SQL, Scikit-learn"
CAND_2450,2.57,0.0,1.54,,"AWS, Docker, Git, Machine Learning, NLP, NumPy, Pandas, Python, SQL, Scikit-learn"
CAND_1781,2.56,0.0,1.54,,"AWS, Docker, Git, Machine Learning, NLP, NumPy, Pandas, Python, SQL, Scikit-learn"
CAND_1545,2.57,0.0,1.54,,"AWS, Docker, Git, Machine Learning, NLP, NumPy, Pandas, Python, SQL, Scikit-learn"
CAND_939,2.56,0.0,1.54,,"AWS, Docker, Git, Machine Learning, NLP, NumPy, Pandas, Python, SQL, Scikit-learn"
CAND_2093,2.56,0.0,1.54,,"AWS, Docker, Git, Machine Learning, NLP, NumPy, Pandas, Python, SQL, Scikit-learn"
CAND_382,2.55,0.0,1.53,,"AWS, Docker, Git, Machine Learning, NLP, NumPy, Pandas, Python, SQL, Scikit-learn"
CAND_2398,2.55,0.0,1.53,,"AWS, Docker, Git, Machine Learning, NLP, NumPy, Pandas, Python, SQL, Scikit-learn"
CAND_2348,2.55,0.0,1.53,,"AWS, Docker, Git, Machine Learning, NLP, NumPy, Pandas, Python, SQL, Scikit-learn"
CAND_473,2.55,0.0,1.53,,"AWS, Docker, Git, Machine Learning, NLP, NumPy, Pandas, Python, SQL, Scikit-learn"
CAND_1658,2.54,0.0,1.52,,"AWS, Docker, Git, Machine Learning, NLP, NumPy, Pandas, Python, SQL, Scikit-learn"
CAND_245,2.52,0.0,1.51,,"AWS, Docker, Git, Machine Learning, NLP, NumPy, Pandas, Python, SQL, Scikit-learn"
CAND_315,2.5,0.0,1.5,,"AWS, Docker, Git, Machine Learning, NLP, NumPy, Pandas, Python, SQL, Scikit-learn"
CAND_404,2.5,0.0,1.5,,"AWS, Docker, Git, Machine Learning, NLP, NumPy, Pandas, Python, SQL, Scikit-learn"
CAND_1980,2.49,0.0,1.49,,"AWS, Docker, Git, Machine Learning, NLP, NumPy, Pandas, Python, SQL, Scikit-learn"
CAND_2327,2.48,0.0,1.49,,"AWS, Docker, Git, Machine Learning, NLP, NumPy, Pandas, Python, SQL, Scikit-learn"
CAND_2017,2.49,0.0,1.49,,"AWS, Docker, Git, Machine Learning, NLP, NumPy, Pandas, Python, SQL, Scikit-learn"
CAND_2453,2.47,0.0,1.48,,"AWS, Docker, Git, Machine Learning, NLP, NumPy, Pandas, Python, SQL, Scikit-learn"
CAND_1924,2.45,0.0,1.47,,"AWS, Docker, Git, Machine Learning, NLP, NumPy, Pandas, Python, SQL, Scikit-learn"
CAND_1257,2.43,0.0,1.46,,"AWS, Docker, Git, Machine Learning, NLP, NumPy, Pandas, Python, SQL, Scikit-learn"
CAND_2012,2.44,0.0,1.46,,"AWS, Docker, Git, Machine Learning, NLP, NumPy, Pandas, Python, SQL, Scikit-learn"
CAND_1412,2.44,0.0,1.46,,"AWS, Docker, Git, Machine Learning, NLP, NumPy, Pandas, Python, SQL, Scikit-learn"
CAND_1738,2.44,0.0,1.46,,"AWS, Docker, Git, Machine Learning, NLP, NumPy, Pandas, Python, SQL, Scikit-learn"
CAND_422,2.44,0.0,1.46,,"AWS, Docker, Git, Machine Learning, NLP, NumPy, Pandas, Python, SQL, Scikit-learn"
CAND_355,2.44,0.0,1.46,,"AWS, Docker, Git, Machine Learning, NLP, NumPy, Pandas, Python, SQL, Scikit-learn"
CAND_1282,2.41,0.0,1.45,,"AWS, Docker, Git, Machine Learning, NLP, NumPy, Pandas, Python, SQL, Scikit-learn"
CAND_379,2.42,0.0,1.45,,"AWS, Docker, Git, Machine Learning, NLP, NumPy, Pandas, Python, SQL, Scikit-learn"
CAND_1972,2.4,0.0,1.44,,"AWS, Docker, Git, Machine Learning, NLP, NumPy, Pandas, Python, SQL, Scikit-learn"
CAND_1973,2.38,0.0,1.43,,"AWS, Docker, Git, Machine Learning, NLP, NumPy, Pandas, Python, SQL, Scikit-learn"
CAND_1597,2.39,0.0,1.43,,"AWS, Docker, Git, Machine Learning, NLP, NumPy, Pandas, Python, SQL, Scikit-learn"
CAND_507,2.38,0.0,1.43,,"AWS, Docker, Git, Machine Learning, NLP, NumPy, Pandas, Python, SQL, Scikit-learn"
CAND_2102,2.37,0.0,1.42,,"AWS, Docker, Git, Machine Learning, NLP, NumPy, Pandas, Python, SQL, Scikit-learn"
CAND_1605,2.37,0.0,1.42,,"AWS, Docker, Git, Machine Learning, NLP, NumPy, Pandas, Python, SQL, Scikit-learn"
CAND_1711,2.37,0.0,1.42,,"AWS, Docker, Git, Machine Learning, NLP, NumPy, Pandas, Python, SQL, Scikit-learn"
CAND_1227,2.36,0.0,1.42,,"AWS, Docker, Git, Machine Learning, NLP, NumPy, Pandas, Python, SQL, Scikit-learn"
CAND_348,2.37,0.0,1.42,,"AWS, Docker, Git, Machine Learning, NLP, NumPy, Pandas, Python, SQL, Scikit-learn"
CAND_820,2.35,0.0,1.41,,"AWS, Docker, Git, Machine Learning, NLP, NumPy, Pandas, Python, SQL, Scikit-learn"
CAND_1058,2.35,0.0,1.41,,"AWS, Docker, Git, Machine Learning, NLP, NumPy, Pandas, Python, SQL, Scikit-learn"
CAND_239,2.34,0.0,1.4,,"AWS, Docker, Git, Machine Learning, NLP, NumPy, Pandas, Python, SQL, Scikit-learn"
CAND_464,2.33,0.0,1.4,,"AWS, Docker, Git, Machine Learning, NLP, NumPy, Pandas, Python, SQL, Scikit-learn"
CAND_2163,2.33,0.0,1.4,,"AWS, Docker, Git, Machine Learning, NLP, NumPy, Pandas, Python, SQL, Scikit-learn"
CAND_1987,2.33,0.0,1.4,,"AWS, Docker, Git, Machine Learning, NLP, NumPy, Pandas, Python, SQL, Scikit-learn"
CAND_1561,2.33,0.0,1.4,,"AWS, Docker, Git, Machine Learning, NLP, NumPy, Pandas, Python, SQL, Scikit-learn"
CAND_2121,2.34,0.0,1.4,,"AWS, Docker, Git, Machine Learning, NLP, NumPy, Pandas, Python, SQL, Scikit-learn"
CAND_1748,2.32,0.0,1.39,,"AWS, Docker, Git, Machine Learning, NLP, NumPy, Pandas, Python, SQL, Scikit-learn"
CAND_1000,2.32,0.0,1.39,,"AWS, Docker, Git, Machine Learning, NLP, NumPy, Pandas, Python, SQL, Scikit-learn"
CAND_800,2.31,0.0,1.39,,"AWS, Docker, Git, Machine Learning, NLP, NumPy, Pandas, Python, SQL, Scikit-learn"
CAND_682,2.32,0.0,1.39,,"AWS, Docker, Git, Machine Learning, NLP, NumPy, Pandas, Python, SQL, Scikit-learn"
CAND_1055,2.32,0.0,1.39,,"AWS, Docker, Git, Machine Learning, NLP, NumPy, Pandas, Python, SQL, Scikit-learn"
CAND_744,2.32,0.0,1.39,,"AWS, Docker, Git, Machine Learning, NLP, NumPy, Pandas, Python, SQL, Scikit-learn"
CAND_861,2.31,0.0,1.39,,"AWS, Docker, Git, Machine Learning, NLP, NumPy, Pandas, Python, SQL, Scikit-learn"
CAND_353,2.3,0.0,1.38,,"AWS, Docker, Git, Machine Learning, NLP, NumPy, Pandas, Python, SQL, Scikit-learn"
CAND_858,2.28,0.0,1.37,,"AWS, Docker, Git, Machine Learning, NLP, NumPy, Pandas, Python, SQL, Scikit-learn"
CAND_735,2.28,0.0,1.37,,"AWS, Docker, Git, Machine Learning, NLP, NumPy, Pandas, Python, SQL, Scikit-learn"
CAND_728,2.27,0.0,1.36,,"AWS, Docker, Git, Machine Learning, NLP, NumPy, Pandas, Python, SQL, Scikit-learn"
CAND_2384,2.27,0.0,1.36,,"AWS, Docker, Git, Machine Learning, NLP, NumPy, Pandas, Python, SQL, Scikit-learn"
CAND_1627,2.26,0.0,1.36,,"AWS, Docker, Git, Machine Learning, NLP, NumPy, Pandas, Python, SQL, Scikit-learn"
CAND_073,2.25,0.0,1.35,,"AWS, Docker, Git, Machine Learning, NLP, NumPy, Pandas, Python, SQL, Scikit-learn"
CAND_1784,2.25,0.0,1.35,,"AWS, Docker, Git, Machine Learning, NLP, NumPy, Pandas, Python, SQL, Scikit-learn"
CAND_419,2.23,0.0,1.34,,"AWS, Docker, Git, Machine Learning, NLP, NumPy, Pandas, Python, SQL, Scikit-learn"
CAND_498,2.24,0.0,1.34,,"AWS, Docker, Git, Machine Learning, NLP, NumPy, Pandas, Python, SQL, Scikit-learn"
CAND_1096,2.22,0.0,1.33,,"AWS, Docker, Git, Machine Learning, NLP, NumPy, Pandas, Python, SQL, Scikit-learn"
CAND_605,2.21,0.0,1.33,,"AWS, Docker, Git, Machine Learning, NLP, NumPy, Pandas, Python, SQL, Scikit-learn"
CAND_406,2.22,0.0,1.33,,"AWS, Docker, Git, Machine Learning, NLP, NumPy, Pandas, Python, SQL, Scikit-learn"
CAND_2197,2.22,0.0,1.33,,"AWS, Docker, Git, Machine Learning, NLP, NumPy, Pandas, Python, SQL, Scikit-learn"
CAND_476,2.21,0.0,1.33,,"AWS, Docker, Git, Machine Learning, NLP, NumPy, Pandas, Python, SQL, Scikit-learn"
CAND_2262,2.2,0.0,1.32,,"AWS, Docker, Git, Machine Learning, NLP, NumPy, Pandas, Python, SQL, Scikit-learn"
CAND_778,2.19,0.0,1.31,,"AWS, Docker, Git, Machine Learning, NLP, NumPy, Pandas, Python, SQL, Scikit-learn"
CAND_1985,2.19,0.0,1.31,,"AWS, Docker, Git, Machine Learning, NLP, NumPy, Pandas, Python, SQL, Scikit-learn"
CAND_022,2.18,0.0,1.31,,"AWS, Docker, Git, Machine Learning, NLP, NumPy, Pandas, Python, SQL, Scikit-learn"
CAND_1978,2.17,0.0,1.3,,"AWS, Docker, Git, Machine Learning, NLP, NumPy, Pandas, Python, SQL, Scikit-learn"
CAND_2295,2.16,0.0,1.3,,"AWS, Docker, Git, Machine Learning, NLP, NumPy, Pandas, Python, SQL, Scikit-learn"
CAND_1770,2.17,0.0,1.3,,"AWS, Docker, Git, Machine Learning, NLP, NumPy, Pandas, Python, SQL, Scikit-learn"
CAND_571,2.16,0.0,1.3,,"AWS, Docker, Git, Machine Learning, NLP, NumPy, Pandas, Python, SQL, Scikit-learn"
CAND_981,2.15,0.0,1.29,,"AWS, Docker, Git, Machine Learning, NLP, NumPy, Pandas, Python, SQL, Scikit-learn"
CAND_2386,2.15,0.0,1.29,,"AWS, Docker, Git, Machine Learning, NLP, NumPy, Pandas, Python, SQL, Scikit-learn"
CAND_1009,2.13,0.0,1.28,,"AWS, Docker, Git, Machine Learning, NLP, NumPy, Pandas, Python, SQL, Scikit-learn"
CAND_359,2.13,0.0,1.28,,"AWS, Docker, Git, Machine Learning, NLP, NumPy, Pandas, Python, SQL, Scikit-learn"
CAND_789,2.13,0.0,1.28,,"AWS, Docker, Git, Machine Learning, NLP, NumPy, Pandas, Python, SQL, Scikit-learn"
CAND_443,2.13,0.0,1.28,,"AWS, Docker, Git, Machine Learning, NLP, NumPy, Pandas, Python, SQL, Scikit-learn"
CAND_526,2.12,0.0,1.27,,"AWS, Docker, Git, Machine Learning, NLP, NumPy, Pandas, Python, SQL, Scikit-learn"
CAND_2019,2.11,0.0,1.27,,"AWS, Docker, Git, Machine Learning, NLP, NumPy, Pandas, Python, SQL, Scikit-learn"
CAND_882,2.12,0.0,1.27,,"AWS, Docker, Git, Machine Learning, NLP, NumPy, Pandas, Python, SQL, Scikit-learn"
CAND_1137,2.11,0.0,1.27,,"AWS, Docker, Git, Machine Learning, NLP, NumPy, Pandas, Python, SQL, Scikit-learn"
CAND_1594,2.12,0.0,1.27,,"AWS, Docker, Git, Machine Learning, NLP, NumPy, Pandas, Python, SQL, Scikit-learn"
CAND_1529,2.12,0.0,1.27,,"AWS, Docker, Git, Machine Learning, NLP, NumPy, Pandas, Python, SQL, Scikit-learn"
CAND_206,2.11,0.0,1.27,,"AWS, Docker, Git, Machine Learning, NLP, NumPy, Pandas, Python, SQL, Scikit-learn"
CAND_1550,2.12,0.0,1.27,,"AWS, Docker, Git, Machine Learning, NLP, NumPy, Pandas, Python, SQL, Scikit-learn"
CAND_480,2.1,0.0,1.26,,"AWS, Docker, Git, Machine Learning, NLP, NumPy, Pandas, Python, SQL, Scikit-learn"
CAND_632,2.1,0.0,1.26,,"AWS, Docker, Git, Machine Learning, NLP, NumPy, Pandas, Python, SQL, Scikit-learn"
CAND_1686,2.1,0.0,1.26,,"AWS, Docker, Git, Machine Learning, NLP, NumPy, Pandas, Python, SQL, Scikit-learn"
CAND_2032,2.09,0.0,1.25,,"AWS, Docker, Git, Machine Learning, NLP, NumPy, Pandas, Python, SQL, Scikit-learn"
CAND_707,2.08,0.0,1.25,,"AWS, Docker, Git, Machine Learning, NLP, NumPy, Pandas, Python, SQL, Scikit-learn"
CAND_1582,2.08,0.0,1.25,,"AWS, Docker, Git, Machine Learning, NLP, NumPy, Pandas, Python, SQL, Scikit-learn"
CAND_771,2.09,0.0,1.25,,"AWS, Docker, Git, Machine Learning, NLP, NumPy, Pandas, Python, SQL, Scikit-learn"
CAND_2084,2.08,0.0,1.25,,"AWS, Docker, Git, Machine Learning, NLP, NumPy, Pandas, Python, SQL, Scikit-learn"
CAND_1335,2.08,0.0,1.25,,"AWS, Docker, Git, Machine Learning, NLP, NumPy, Pandas, Python, SQL, Scikit-learn"
CAND_2286,2.09,0.0,1.25,,"AWS, Docker, Git, Machine Learning, NLP, NumPy, Pandas, Python, SQL, Scikit-learn"
CAND_723,2.09,0.0,1.25,,"AWS, Docker, Git, Machine Learning, NLP, NumPy, Pandas, Python, SQL, Scikit-learn"
CAND_444,2.06,0.0,1.24,,"AWS, Docker, Git, Machine Learning, NLP, NumPy, Pandas, Python, SQL, Scikit-learn"
CAND_1364,2.06,0.0,1.24,,"AWS, Docker, Git, Machine Learning, NLP, NumPy, Pandas, Python, SQL, Scikit-learn"
CAND_081,2.07,0.0,1.24,,"AWS, Docker, Git, Machine Learning, NLP, NumPy, Pandas, Python, SQL, Scikit-learn"
CAND_1037,2.05,0.0,1.23,,"AWS, Docker, Git, Machine Learning, NLP, NumPy, Pandas, Python, SQL, Scikit-learn"
CAND_1351,2.03,0.0,1.22,,"AWS, Docker, Git, Machine Learning, NLP, NumPy, Pandas, Python, SQL, Scikit-learn"
CAND_1629,2.01,0.0,1.21,,"AWS, Docker, Git, Machine Learning, NLP, NumPy, Pandas, Python, SQL, Scikit-learn"
CAND_527,2.01,0.0,1.21,,"AWS, Docker, Git, Machine Learning, NLP, NumPy, Pandas, Python, SQL, Scikit-learn"
CAND_429,2.01,0.0,1.21,,"AWS, Docker, Git, Machine Learning, NLP, NumPy, Pandas, Python, SQL, Scikit-learn"
CAND_999,2.01,0.0,1.21,,"AWS, Docker, Git, Machine Learning, NLP, NumPy, Pandas, Python, SQL, Scikit-learn"
CAND_2020,2.0,0.0,1.2,,"AWS, Docker, Git, Machine Learning, NLP, NumPy, Pandas, Python, SQL, Scikit-learn"
CAND_816,2.0,0.0,1.2,,"AWS, Docker, Git, Machine Learning, NLP, NumPy, Pandas, Python, SQL, Scikit-learn"
CAND_2068,2.0,0.0,1.2,,"AWS, Docker, Git, Machine Learning, NLP, NumPy, Pandas, Python, SQL, Scikit-learn"
CAND_1670,2.0,0.0,1.2,,"AWS, Docker, Git, Machine Learning, NLP, NumPy, Pandas, Python, SQL, Scikit-learn"
CAND_890,1.99,0.0,1.19,,"AWS, Docker, Git, Machine Learning, NLP, NumPy, Pandas, Python, SQL, Scikit-learn"
CAND_1602,1.98,0.0,1.19,,"AWS, Docker, Git, Machine Learning, NLP, NumPy, Pandas, Python, SQL, Scikit-learn"
CAND_1014,1.98,0.0,1.19,,"AWS, Docker, Git, Machine Learning, NLP, NumPy, Pandas, Python, SQL, Scikit-learn"
CAND_2002,1.98,0.0,1.19,,"AWS, Docker, Git, Machine Learning, NLP, NumPy, Pandas, Python, SQL, Scikit-learn"
CAND_1047,1.98,0.0,1.19,,"AWS, Docker, Git, Machine Learning, NLP, NumPy, Pandas, Python, SQL, Scikit-learn"
CAND_461,1.99,0.0,1.19,,"AWS, Docker, Git, Machine Learning, NLP, NumPy, Pandas, Python, SQL, Scikit-learn"
CAND_2444,1.98,0.0,1.19,,"AWS, Docker, Git, Machine Learning, NLP, NumPy, Pandas, Python, SQL, Scikit-learn"
CAND_1969,1.98,0.0,1.19,,"AWS, Docker, Git, Machine Learning, NLP, NumPy, Pandas, Python, SQL, Scikit-learn"
CAND_030,1.98,0.0,1.19,,"AWS, Docker, Git, Machine Learning, NLP, NumPy, Pandas, Python, SQL, Scikit-learn"
CAND_2096,1.96,0.0,1.18,,"AWS, Docker, Git, Machine Learning, NLP, NumPy, Pandas, Python, SQL, Scikit-learn"
CAND_2287,1.96,0.0,1.18,,"AWS, Docker, Git, Machine Learning, NLP, NumPy, Pandas, Python, SQL, Scikit-learn"
CAND_1011,1.96,0.0,1.18,,"AWS, Docker, Git, Machine Learning, NLP, NumPy, Pandas, Python, SQL, Scikit-learn"
CAND_874,1.96,0.0,1.18,,"AWS, Docker, Git, Machine Learning, NLP, NumPy, Pandas, Python, SQL, Scikit-learn"
CAND_170,1.97,0.0,1.18,,"AWS, Docker, Git, Machine Learning, NLP, NumPy, Pandas, Python, SQL, Scikit-learn"
CAND_346,1.95,0.0,1.17,,"AWS, Docker, Git, Machine Learning, NLP, NumPy, Pandas, Python, SQL, Scikit-learn"
CAND_010,1.95,0.0,1.17,,"AWS, Docker, Git, Machine Learning, NLP, NumPy, Pandas, Python, SQL, Scikit-learn"
CAND_1975,1.95,0.0,1.17,,"AWS, Docker, Git, Machine Learning, NLP, NumPy, Pandas, Python, SQL, Scikit-learn"
CAND_1715,1.95,0.0,1.17,,"AWS, Docker, Git, Machine Learning, NLP, NumPy, Pandas, Python, SQL, Scikit-learn"
CAND_2343,1.94,0.0,1.16,,"AWS, Docker, Git, Machine Learning, NLP, NumPy, Pandas, Python, SQL, Scikit-learn"
CAND_1847,1.94,0.0,1.16,,"AWS, Docker, Git, Machine Learning, NLP, NumPy, Pandas, Python, SQL, Scikit-learn"
CAND_211,1.93,0.0,1.16,,"AWS, Docker, Git, Machine Learning, NLP, NumPy, Pandas, Python, SQL, Scikit-learn"
CAND_2277,1.92,0.0,1.15,,"AWS, Docker, Git, Machine Learning, NLP, NumPy, Pandas, Python, SQL, Scikit-learn"
CAND_205,1.91,0.0,1.15,,"AWS, Docker, Git, Machine Learning, NLP, NumPy, Pandas, Python, SQL, Scikit-learn"
CAND_1933,1.91,0.0,1.15,,"AWS, Docker, Git, Machine Learning, NLP, NumPy, Pandas, Python, SQL, Scikit-learn"
CAND_934,1.91,0.0,1.15,,"AWS, Docker, Git, Machine Learning, NLP, NumPy, Pandas, Python, SQL, Scikit-learn"
CAND_1131,1.92,0.0,1.15,,"AWS, Docker, Git, Machine Learning, NLP, NumPy, Pandas, Python, SQL, Scikit-learn"
CAND_2479,1.91,0.0,1.15,,"AWS, Docker, Git, Machine Learning, NLP, NumPy, Pandas, Python, SQL, Scikit-learn"
CAND_2387,1.91,0.0,1.15,,"AWS, Docker, Git, Machine Learning, NLP, NumPy, Pandas, Python, SQL, Scikit-learn"
CAND_1650,1.9,0.0,1.14,,"AWS, Docker, Git, Machine Learning, NLP, NumPy, Pandas, Python, SQL, Scikit-learn"
CAND_1611,1.9,0.0,1.14,,"AWS, Docker, Git, Machine Learning, NLP, NumPy, Pandas, Python, SQL, Scikit-learn"
CAND_1033,1.9,0.0,1.14,,"AWS, Docker, Git, Machine Learning, NLP, NumPy, Pandas, Python, SQL, Scikit-learn"
CAND_1908,1.9,0.0,1.14,,"AWS, Docker, Git, Machine Learning, NLP, NumPy, Pandas, Python, SQL, Scikit-learn"
CAND_1593,1.89,0.0,1.13,,"AWS, Docker, Git, Machine Learning, NLP, NumPy, Pandas, Python, SQL, Scikit-learn"
CAND_2324,1.89,0.0,1.13,,"AWS, Docker, Git, Machine Learning, NLP, NumPy, Pandas, Python, SQL, Scikit-learn"
CAND_1237,1.88,0.0,1.13,,"AWS, Docker, Git, Machine Learning, NLP, NumPy, Pandas, Python, SQL, Scikit-learn"
CAND_2272,1.88,0.0,1.13,,"AWS, Docker, Git, Machine Learning, NLP, NumPy, Pandas, Python, SQL, Scikit-learn"
CAND_1228,1.89,0.0,1.13,,"AWS, Docker, Git, Machine Learning, NLP, NumPy, Pandas, Python, SQL, Scikit-learn"
CAND_518,1.88,0.0,1.13,,"AWS, Docker, Git, Machine Learning, NLP, NumPy, Pandas, Python, SQL, Scikit-learn"
CAND_1956,1.89,0.0,1.13,,"AWS, Docker, Git, Machine Learning, NLP, NumPy, Pandas, Python, SQL, Scikit-learn"
CAND_1062,1.88,0.0,1.13,,"AWS, Docker, Git, Machine Learning, NLP, NumPy, Pandas, Python, SQL, Scikit-learn"
CAND_2407,1.89,0.0,1.13,,"AWS, Docker, Git, Machine Learning, NLP, NumPy, Pandas, Python, SQL, Scikit-learn"
CAND_879,1.86,0.0,1.12,,"AWS, Docker, Git, Machine Learning, NLP, NumPy, Pandas, Python, SQL, Scikit-learn"
CAND_290,1.86,0.0,1.12,,"AWS, Docker, Git, Machine Learning, NLP, NumPy, Pandas, Python, SQL, Scikit-learn"
CAND_135,1.86,0.0,1.12,,"AWS, Docker, Git, Machine Learning, NLP, NumPy, Pandas, Python, SQL, Scikit-learn"
CAND_2356,1.87,0.0,1.12,,"AWS, Docker, Git, Machine Learning, NLP, NumPy, Pandas, Python, SQL, Scikit-learn"
CAND_733,1.86,0.0,1.12,,"AWS, Docker, Git, Machine Learning, NLP, NumPy, Pandas, Python, SQL, Scikit-learn"
CAND_306,1.86,0.0,1.12,,"AWS, Docker, Git, Machine Learning, NLP, NumPy, Pandas, Python, SQL, Scikit-learn"
CAND_1436,1.87,0.0,1.12,,"AWS, Docker, Git, Machine Learning, NLP, NumPy, Pandas, Python, SQL, Scikit-learn"
CAND_887,1.87,0.0,1.12,,"AWS, Docker, Git, Machine Learning, NLP, NumPy, Pandas, Python, SQL, Scikit-learn"
CAND_391,1.86,0.0,1.12,,"AWS, Docker, Git, Machine Learning, NLP, NumPy, Pandas, Python, SQL, Scikit-learn"
CAND_087,1.85,0.0,1.11,,"AWS, Docker, Git, Machine Learning, NLP, NumPy, Pandas, Python, SQL, Scikit-learn"
CAND_2428,1.85,0.0,1.11,,"AWS, Docker, Git, Machine Learning, NLP, NumPy, Pandas, Python, SQL, Scikit-learn"
CAND_1002,1.85,0.0,1.11,,"AWS, Docker, Git, Machine Learning, NLP, NumPy, Pandas, Python, SQL, Scikit-learn"
CAND_333,1.84,0.0,1.1,,"AWS, Docker, Git, Machine Learning, NLP, NumPy, Pandas, Python, SQL, Scikit-learn"
CAND_1017,1.83,0.0,1.1,,"AWS, Docker, Git, Machine Learning, NLP, NumPy, Pandas, Python, SQL, Scikit-learn"
CAND_996,1.83,0.0,1.1,,"AWS, Docker, Git, Machine Learning, NLP, NumPy, Pandas, Python, SQL, Scikit-learn"
CAND_002,1.84,0.0,1.1,,"AWS, Docker, Git, Machine Learning, NLP, NumPy, Pandas, Python, SQL, Scikit-learn"
CAND_1205,1.84,0.0,1.1,,"AWS, Docker, Git, Machine Learning, NLP, NumPy, Pandas, Python, SQL, Scikit-learn"
CAND_357,1.84,0.0,1.1,,"AWS, Docker, Git, Machine Learning, NLP, NumPy, Pandas, Python, SQL, Scikit-learn"
CAND_2411,1.81,0.0,1.09,,"AWS, Docker, Git, Machine Learning, NLP, NumPy, Pandas, Python, SQL, Scikit-learn"
CAND_2022,1.81,0.0,1.09,,"AWS, Docker, Git, Machine Learning, NLP, NumPy, Pandas, Python, SQL, Scikit-learn"
CAND_541,1.82,0.0,1.09,,"AWS, Docker, Git, Machine Learning, NLP, NumPy, Pandas, Python, SQL, Scikit-learn"
CAND_2059,1.81,0.0,1.09,,"AWS, Docker, Git, Machine Learning, NLP, NumPy, Pandas, Python, SQL, Scikit-learn"
CAND_681,1.81,0.0,1.09,,"AWS, Docker, Git, Machine Learning, NLP, NumPy, Pandas, Python, SQL, Scikit-learn"
CAND_1065,1.8,0.0,1.08,,"AWS, Docker, Git, Machine Learning, NLP, NumPy, Pandas, Python, SQL, Scikit-learn"
CAND_180,1.8,0.0,1.08,,"AWS, Docker, Git, Machine Learning, NLP, NumPy, Pandas, Python, SQL, Scikit-learn"
CAND_305,1.8,0.0,1.08,,"AWS, Docker, Git, Machine Learning, NLP, NumPy, Pandas, Python, SQL, Scikit-learn"
CAND_2227,1.79,0.0,1.07,,"AWS, Docker, Git, Machine Learning, NLP, NumPy, Pandas, Python, SQL, Scikit-learn"
CAND_1479,1.79,0.0,1.07,,"AWS, Docker, Git, Machine Learning, NLP, NumPy, Pandas, Python, SQL, Scikit-learn"
CAND_693,1.79,0.0,1.07,,"AWS, Docker, Git, Machine Learning, NLP, NumPy, Pandas, Python, SQL, Scikit-learn"
CAND_351,1.78,0.0,1.07,,"AWS, Docker, Git, Machine Learning, NLP, NumPy, Pandas, Python, SQL, Scikit-learn"
CAND_177,1.79,0.0,1.07,,"AWS, Docker, Git, Machine Learning, NLP, NumPy, Pandas, Python, SQL, Scikit-learn"
CAND_843,1.77,0.0,1.06,,"AWS, Docker, Git, Machine Learning, NLP, NumPy, Pandas, Python, SQL, Scikit-learn"
CAND_468,1.76,0.0,1.06,,"AWS, Docker, Git, Machine Learning, NLP, NumPy, Pandas, Python, SQL, Scikit-learn"
CAND_1022,1.76,0.0,1.06,,"AWS, Docker, Git, Machine Learning, NLP, NumPy, Pandas, Python, SQL, Scikit-learn"
CAND_209,1.76,0.0,1.06,,"AWS, Docker, Git, Machine Learning, NLP, NumPy, Pandas, Python, SQL, Scikit-learn"
CAND_441,1.75,0.0,1.05,,"AWS, Docker, Git, Machine Learning, NLP, NumPy, Pandas, Python, SQL, Scikit-learn"
CAND_1024,1.75,0.0,1.05,,"AWS, Docker, Git, Machine Learning, NLP, NumPy, Pandas, Python, SQL, Scikit-learn"
CAND_343,1.75,0.0,1.05,,"AWS, Docker, Git, Machine Learning, NLP, NumPy, Pandas, Python, SQL, Scikit-learn"
CAND_2155,1.75,0.0,1.05,,"AWS, Docker, Git, Machine Learning, NLP, NumPy, Pandas, Python, SQL, Scikit-learn"
CAND_2345,1.75,0.0,1.05,,"AWS, Docker, Git, Machine Learning, NLP, NumPy, Pandas, Python, SQL, Scikit-learn"
CAND_276,1.75,0.0,1.05,,"AWS, Docker, Git, Machine Learning, NLP, NumPy, Pandas, Python, SQL, Scikit-learn"
CAND_1036,1.73,0.0,1.04,,"AWS, Docker, Git, Machine Learning, NLP, NumPy, Pandas, Python, SQL, Scikit-learn"
CAND_1970,1.74,0.0,1.04,,"AWS, Docker, Git, Machine Learning, NLP, NumPy, Pandas, Python, SQL, Scikit-learn"
CAND_629,1.73,0.0,1.04,,"AWS, Docker, Git, Machine Learning, NLP, NumPy, Pandas, Python, SQL, Scikit-learn"
CAND_1298,1.73,0.0,1.04,,"AWS, Docker, Git, Machine Learning, NLP, NumPy, Pandas, Python, SQL, Scikit-learn"
CAND_2130,1.72,0.0,1.03,,"AWS, Docker, Git, Machine Learning, NLP, NumPy, Pandas, Python, SQL, Scikit-learn"
CAND_2267,1.72,0.0,1.03,,"AWS, Docker, Git, Machine Learning, NLP, NumPy, Pandas, Python, SQL, Scikit-learn"
CAND_1971,1.71,0.0,1.03,,"AWS, Docker, Git, Machine Learning, NLP, NumPy, Pandas, Python, SQL, Scikit-learn"
CAND_2011,1.7,0.0,1.02,,"AWS, Docker, Git, Machine Learning, NLP, NumPy, Pandas, Python, SQL, Scikit-learn"
CAND_1450,1.7,0.0,1.02,,"AWS, Docker, Git, Machine Learning, NLP, NumPy, Pandas, Python, SQL, Scikit-learn"
CAND_255,1.69,0.0,1.01,,"AWS, Docker, Git, Machine Learning, NLP, NumPy, Pandas, Python, SQL, Scikit-learn"
CAND_432,1.69,0.0,1.01,,"AWS, Docker, Git, Machine Learning, NLP, NumPy, Pandas, Python, SQL, Scikit-learn"
CAND_360,1.68,0.0,1.01,,"AWS, Docker, Git, Machine Learning, NLP, NumPy, Pandas, Python, SQL, Scikit-learn"
CAND_1177,1.69,0.0,1.01,,"AWS, Docker, Git, Machine Learning, NLP, NumPy, Pandas, Python, SQL, Scikit-learn"
CAND_172,1.69,0.0,1.01,,"AWS, Docker, Git, Machine Learning, NLP, NumPy, Pandas, Python, SQL, Scikit-learn"
CAND_1104,1.69,0.0,1.01,,"AWS, Docker, Git, Machine Learning, NLP, NumPy, Pandas, Python, SQL, Scikit-learn"
CAND_103,1.68,0.0,1.01,,"AWS, Docker, Git, Machine Learning, NLP, NumPy, Pandas, Python, SQL, Scikit-learn"
CAND_137,1.68,0.0,1.01,,"AWS, Docker, Git, Machine Learning, NLP, NumPy, Pandas, Python, SQL, Scikit-learn"
CAND_1369,1.66,0.0,1.0,,"AWS, Docker, Git, Machine Learning, NLP, NumPy, Pandas, Python, SQL, Scikit-learn"
CAND_2270,1.66,0.0,1.0,,"AWS, Docker, Git, Machine Learning, NLP, NumPy, Pandas, Python, SQL, Scikit-learn"
CAND_396,1.66,0.0,1.0,,"AWS, Docker, Git, Machine Learning, NLP, NumPy, Pandas, Python, SQL, Scikit-learn"
CAND_1373,1.67,0.0,1.0,,"AWS, Docker, Git, Machine Learning, NLP, NumPy, Pandas, Python, SQL, Scikit-learn"
CAND_1982,1.67,0.0,1.0,,"AWS, Docker, Git, Machine Learning, NLP, NumPy, Pandas, Python, SQL, Scikit-learn"
CAND_1179,1.67,0.0,1.0,,"AWS, Docker, Git, Machine Learning, NLP, NumPy, Pandas, Python, SQL, Scikit-learn"
CAND_2481,1.67,0.0,1.0,,"AWS, Docker, Git, Machine Learning, NLP, NumPy, Pandas, Python, SQL, Scikit-learn"
CAND_1749,1.65,0.0,0.99,,"AWS, Docker, Git, Machine Learning, NLP, NumPy, Pandas, Python, SQL, Scikit-learn"
CAND_1066,1.65,0.0,0.99,,"AWS, Docker, Git, Machine Learning, NLP, NumPy, Pandas, Python, SQL, Scikit-learn"
CAND_1622,1.65,0.0,0.99,,"AWS, Docker, Git, Machine Learning, NLP, NumPy, Pandas, Python, SQL, Scikit-learn"
CAND_1939,1.65,0.0,0.99,,"AWS, Docker, Git, Machine Learning, NLP, NumPy, Pandas, Python, SQL, Scikit-learn"
CAND_2210,1.65,0.0,0.99,,"AWS, Docker, Git, Machine Learning, NLP, NumPy, Pandas, Python, SQL, Scikit-learn"
CAND_247,1.64,0.0,0.98,,"AWS, Docker, Git, Machine Learning, NLP, NumPy, Pandas, Python, SQL, Scikit-learn"
CAND_1523,1.64,0.0,0.98,,"AWS, Docker, Git, Machine Learning, NLP, NumPy, Pandas, Python, SQL, Scikit-learn"
CAND_1633,1.64,0.0,0.98,,"AWS, Docker, Git, Machine Learning, NLP, NumPy, Pandas, Python, SQL, Scikit-learn"
CAND_2474,1.63,0.0,0.98,,"AWS, Docker, Git, Machine Learning, NLP, NumPy, Pandas, Python, SQL, Scikit-learn"
CAND_405,1.64,0.0,0.98,,"AWS, Docker, Git, Machine Learning, NLP, NumPy, Pandas, Python, SQL, Scikit-learn"
CAND_215,1.63,0.0,0.98,,"AWS, Docker, Git, Machine Learning, NLP, NumPy, Pandas, Python, SQL, Scikit-learn"
CAND_578,1.63,0.0,0.98,,"AWS, Docker, Git, Machine Learning, NLP, NumPy, Pandas, Python, SQL, Scikit-learn"
CAND_047,1.63,0.0,0.98,,"AWS, Docker, Git, Machine Learning, NLP, NumPy, Pandas, Python, SQL, Scikit-learn"
CAND_392,1.62,0.0,0.97,,"AWS, Docker, Git, Machine Learning, NLP, NumPy, Pandas, Python, SQL, Scikit-learn"
CAND_2008,1.61,0.0,0.97,,"AWS, Docker, Git, Machine Learning, NLP, NumPy, Pandas, Python, SQL, Scikit-learn"
CAND_301,1.62,0.0,0.97,,"AWS, Docker, Git, Machine Learning, NLP, NumPy, Pandas, Python, SQL, Scikit-learn"
CAND_2314,1.62,0.0,0.97,,"AWS, Docker, Git, Machine Learning, NLP, NumPy, Pandas, Python, SQL, Scikit-learn"
CAND_1352,1.6,0.0,0.96,,"AWS, Docker, Git, Machine Learning, NLP, NumPy, Pandas, Python, SQL, Scikit-learn"
CAND_915,1.6,0.0,0.96,,"AWS, Docker, Git, Machine Learning, NLP, NumPy, Pandas, Python, SQL, Scikit-learn"
CAND_913,1.6,0.0,0.96,,"AWS, Docker, Git, Machine Learning, NLP, NumPy, Pandas, Python, SQL, Scikit-learn"
CAND_455,1.6,0.0,0.96,,"AWS, Docker, Git, Machine Learning, NLP, NumPy, Pandas, Python, SQL, Scikit-learn"
CAND_1183,1.6,0.0,0.96,,"AWS, Docker, Git, Machine Learning, NLP, NumPy, Pandas, Python, SQL, Scikit-learn"
CAND_2109,1.6,0.0,0.96,,"AWS, Docker, Git, Machine Learning, NLP, NumPy, Pandas, Python, SQL, Scikit-learn"
CAND_2401,1.59,0.0,0.95,,"AWS, Docker, Git, Machine Learning, NLP, NumPy, Pandas, Python, SQL, Scikit-learn"
CAND_628,1.58,0.0,0.95,,"AWS, Docker, Git, Machine Learning, NLP, NumPy, Pandas, Python, SQL, Scikit-learn"
CAND_933,1.59,0.0,0.95,,"AWS, Docker, Git, Machine Learning, NLP, NumPy, Pandas, Python, SQL, Scikit-learn"
CAND_2341,1.59,0.0,0.95,,"AWS, Docker, Git, Machine Learning, NLP, NumPy, Pandas, Python, SQL, Scikit-learn"
CAND_345,1.58,0.0,0.95,,"AWS, Docker, Git, Machine Learning, NLP, NumPy, Pandas, Python, SQL, Scikit-learn"
CAND_1992,1.58,0.0,0.95,,"AWS, Docker, Git, Machine Learning, NLP, NumPy, Pandas, Python, SQL, Scikit-learn"
CAND_488,1.57,0.0,0.94,,"AWS, Docker, Git, Machine Learning, NLP, NumPy, Pandas, Python, SQL, Scikit-learn"
CAND_1130,1.56,0.0,0.94,,"AWS, Docker, Git, Machine Learning, NLP, NumPy, Pandas, Python, SQL, Scikit-learn"
CAND_1222,1.55,0.0,0.93,,"AWS, Docker, Git, Machine Learning, NLP, NumPy, Pandas, Python, SQL, Scikit-learn"
CAND_830,1.55,0.0,0.93,,"AWS, Docker, Git, Machine Learning, NLP, NumPy, Pandas, Python, SQL, Scikit-learn"
CAND_234,1.53,0.0,0.92,,"AWS, Docker, Git, Machine Learning, NLP, NumPy, Pandas, Python, SQL, Scikit-learn"
CAND_662,1.54,0.0,0.92,,"AWS, Docker, Git, Machine Learning, NLP, NumPy, Pandas, Python, SQL, Scikit-learn"
CAND_667,1.52,0.0,0.91,,"AWS, Docker, Git, Machine Learning, NLP, NumPy, Pandas, Python, SQL, Scikit-learn"
CAND_2369,1.52,0.0,0.91,,"AWS, Docker, Git, Machine Learning, NLP, NumPy, Pandas, Python, SQL, Scikit-learn"
CAND_1422,1.51,0.0,0.91,,"AWS, Docker, Git, Machine Learning, NLP, NumPy, Pandas, Python, SQL, Scikit-learn"
CAND_1292,1.52,0.0,0.91,,"AWS, Docker, Git, Machine Learning, NLP, NumPy, Pandas, Python, SQL, Scikit-learn"
CAND_871,1.52,0.0,0.91,,"AWS, Docker, Git, Machine Learning, NLP, NumPy, Pandas, Python, SQL, Scikit-learn"
CAND_407,1.52,0.0,0.91,,"AWS, Docker, Git, Machine Learning, NLP, NumPy, Pandas, Python, SQL, Scikit-learn"
CAND_2238,1.5,0.0,0.9,,"AWS, Docker, Git, Machine Learning, NLP, NumPy, Pandas, Python, SQL, Scikit-learn"
CAND_329,1.5,0.0,0.9,,"AWS, Docker, Git, Machine Learning, NLP, NumPy, Pandas, Python, SQL, Scikit-learn"
CAND_737,1.49,0.0,0.89,,"AWS, Docker, Git, Machine Learning, NLP, NumPy, Pandas, Python, SQL, Scikit-learn"
CAND_2392,1.49,0.0,0.89,,"AWS, Docker, Git, Machine Learning, NLP, NumPy, Pandas, Python, SQL, Scikit-learn"
CAND_519,1.46,0.0,0.88,,"AWS, Docker, Git, Machine Learning, NLP, NumPy, Pandas, Python, SQL, Scikit-learn"
CAND_150,1.46,0.0,0.88,,"AWS, Docker, Git, Machine Learning, NLP, NumPy, Pandas, Python, SQL, Scikit-learn"
CAND_1067,1.47,0.0,0.88,,"AWS, Docker, Git, Machine Learning, NLP, NumPy, Pandas, Python, SQL, Scikit-learn"
CAND_241,1.47,0.0,0.88,,"AWS, Docker, Git, Machine Learning, NLP, NumPy, Pandas, Python, SQL, Scikit-learn"
CAND_2018,1.45,0.0,0.87,,"AWS, Docker, Git, Machine Learning, NLP, NumPy, Pandas, Python, SQL, Scikit-learn"
CAND_083,1.45,0.0,0.87,,"AWS, Docker, Git, Machine Learning, NLP, NumPy, Pandas, Python, SQL, Scikit-learn"
CAND_953,1.45,0.0,0.87,,"AWS, Docker, Git, Machine Learning, NLP, NumPy, Pandas, Python, SQL, Scikit-learn"
CAND_748,1.45,0.0,0.87,,"AWS, Docker, Git, Machine Learning, NLP, NumPy, Pandas, Python, SQL, Scikit-learn"
CAND_339,1.45,0.0,0.87,,"AWS, Docker, Git, Machine Learning, NLP, NumPy, Pandas, Python, SQL, Scikit-learn"
CAND_364,1.44,0.0,0.86,,"AWS, Docker, Git, Machine Learning, NLP, NumPy, Pandas, Python, SQL, Scikit-learn"
CAND_864,1.44,0.0,0.86,,"AWS, Docker, Git, Machine Learning, NLP, NumPy, Pandas, Python, SQL, Scikit-learn"
CAND_120,1.42,0.0,0.85,,"AWS, Docker, Git, Machine Learning, NLP, NumPy, Pandas, Python, SQL, Scikit-learn"
CAND_374,1.42,0.0,0.85,,"AWS, Docker, Git, Machine Learning, NLP, NumPy, Pandas, Python, SQL, Scikit-learn"
CAND_2443,1.41,0.0,0.85,,"AWS, Docker, Git, Machine Learning, NLP, NumPy, Pandas, Python, SQL, Scikit-learn"
CAND_1648,1.42,0.0,0.85,,"AWS, Docker, Git, Machine Learning, NLP, NumPy, Pandas, Python, SQL, Scikit-learn"
CAND_489,1.42,0.0,0.85,,"AWS, Docker, Git, Machine Learning, NLP, NumPy, Pandas, Python, SQL, Scikit-learn"
CAND_2280,1.41,0.0,0.85,,"AWS, Docker, Git, Machine Learning, NLP, NumPy, Pandas, Python, SQL, Scikit-learn"
CAND_828,1.42,0.0,0.85,,"AWS, Docker, Git, Machine Learning, NLP, NumPy, Pandas, Python, SQL, Scikit-learn"
CAND_184,1.4,0.0,0.84,,"AWS, Docker, Git, Machine Learning, NLP, NumPy, Pandas, Python, SQL, Scikit-learn"
CAND_2234,1.4,0.0,0.84,,"AWS, Docker, Git, Machine Learning, NLP, NumPy, Pandas, Python, SQL, Scikit-learn"
CAND_1190,1.4,0.0,0.84,,"AWS, Docker, Git, Machine Learning, NLP, NumPy, Pandas, Python, SQL, Scikit-learn"
CAND_134,1.4,0.0,0.84,,"AWS, Docker, Git, Machine Learning, NLP, NumPy, Pandas, Python, SQL, Scikit-learn"
CAND_433,1.4,0.0,0.84,,"AWS, Docker, Git, Machine Learning, NLP, NumPy, Pandas, Python, SQL, Scikit-learn"
CAND_702,1.4,0.0,0.84,,"AWS, Docker, Git, Machine Learning, NLP, NumPy, Pandas, Python, SQL, Scikit-learn"
CAND_421,1.4,0.0,0.84,,"AWS, Docker, Git, Machine Learning, NLP, NumPy, Pandas, Python, SQL, Scikit-learn"
CAND_1004,1.38,0.0,0.83,,"AWS, Docker, Git, Machine Learning, NLP, NumPy, Pandas, Python, SQL, Scikit-learn"
CAND_1960,1.39,0.0,0.83,,"AWS, Docker, Git, Machine Learning, NLP, NumPy, Pandas, Python, SQL, Scikit-learn"
CAND_1363,1.39,0.0,0.83,,"AWS, Docker, Git, Machine Learning, NLP, NumPy, Pandas, Python, SQL, Scikit-learn"
CAND_337,1.39,0.0,0.83,,"AWS, Docker, Git, Machine Learning, NLP, NumPy, Pandas, Python, SQL, Scikit-learn"
CAND_012,1.36,0.0,0.82,,"AWS, Docker, Git, Machine Learning, NLP, NumPy, Pandas, Python, SQL, Scikit-learn"
CAND_481,1.36,0.0,0.82,,"AWS, Docker, Git, Machine Learning, NLP, NumPy, Pandas, Python, SQL, Scikit-learn"
CAND_2372,1.36,0.0,0.82,,"AWS, Docker, Git, Machine Learning, NLP, NumPy, Pandas, Python, SQL, Scikit-learn"
CAND_400,1.36,0.0,0.82,,"AWS, Docker, Git, Machine Learning, NLP, NumPy, Pandas, Python, SQL, Scikit-learn"
CAND_222,1.36,0.0,0.82,,"AWS, Docker, Git, Machine Learning, NLP, NumPy, Pandas, Python, SQL, Scikit-learn"
CAND_1333,1.35,0.0,0.81,,"AWS, Docker, Git, Machine Learning, NLP, NumPy, Pandas, Python, SQL, Scikit-learn"
CAND_552,1.35,0.0,0.81,,"AWS, Docker, Git, Machine Learning, NLP, NumPy, Pandas, Python, SQL, Scikit-learn"
CAND_2035,1.35,0.0,0.81,,"AWS, Docker, Git, Machine Learning, NLP, NumPy, Pandas, Python, SQL, Scikit-learn"
CAND_1203,1.34,0.0,0.8,,"AWS, Docker, Git, Machine Learning, NLP, NumPy, Pandas, Python, SQL, Scikit-learn"
CAND_1053,1.32,0.0,0.79,,"AWS, Docker, Git, Machine Learning, NLP, NumPy, Pandas, Python, SQL, Scikit-learn"
CAND_536,1.31,0.0,0.79,,"AWS, Docker, Git, Machine Learning, NLP, NumPy, Pandas, Python, SQL, Scikit-learn"
CAND_122,1.32,0.0,0.79,,"AWS, Docker, Git, Machine Learning, NLP, NumPy, Pandas, Python, SQL, Scikit-learn"
CAND_1914,1.32,0.0,0.79,,"AWS, Docker, Git, Machine Learning, NLP, NumPy, Pandas, Python, SQL, Scikit-learn"
CAND_1932,1.32,0.0,0.79,,"AWS, Docker, Git, Machine Learning, NLP, NumPy, Pandas, Python, SQL, Scikit-learn"
CAND_402,1.32,0.0,0.79,,"AWS, Docker, Git, Machine Learning, NLP, NumPy, Pandas, Python, SQL, Scikit-learn"
CAND_2393,1.3,0.0,0.78,,"AWS, Docker, Git, Machine Learning, NLP, NumPy, Pandas, Python, SQL, Scikit-learn"
CAND_413,1.3,0.0,0.78,,"AWS, Docker, Git, Machine Learning, NLP, NumPy, Pandas, Python, SQL, Scikit-learn"
CAND_743,1.3,0.0,0.78,,"AWS, Docker, Git, Machine Learning, NLP, NumPy, Pandas, Python, SQL, Scikit-learn"
CAND_964,1.3,0.0,0.78,,"AWS, Docker, Git, Machine Learning, NLP, NumPy, Pandas, Python, SQL, Scikit-learn"
CAND_2172,1.3,0.0,0.78,,"AWS, Docker, Git, Machine Learning, NLP, NumPy, Pandas, Python, SQL, Scikit-learn"
CAND_082,1.29,0.0,0.77,,"AWS, Docker, Git, Machine Learning, NLP, NumPy, Pandas, Python, SQL, Scikit-learn"
CAND_1944,1.29,0.0,0.77,,"AWS, Docker, Git, Machine Learning, NLP, NumPy, Pandas, Python, SQL, Scikit-learn"
CAND_943,1.29,0.0,0.77,,"AWS, Docker, Git, Machine Learning, NLP, NumPy, Pandas, Python, SQL, Scikit-learn"
CAND_454,1.29,0.0,0.77,,"AWS, Docker, Git, Machine Learning, NLP, NumPy, Pandas, Python, SQL, Scikit-learn"
CAND_196,1.28,0.0,0.77,,"AWS, Docker, Git, Machine Learning, NLP, NumPy, Pandas, Python, SQL, Scikit-learn"
CAND_1059,1.29,0.0,0.77,,"AWS, Docker, Git, Machine Learning, NLP, NumPy, Pandas, Python, SQL, Scikit-learn"
CAND_1977,1.29,0.0,0.77,,"AWS, Docker, Git, Machine Learning, NLP, NumPy, Pandas, Python, SQL, Scikit-learn"
CAND_142,1.28,0.0,0.77,,"AWS, Docker, Git, Machine Learning, NLP, NumPy, Pandas, Python, SQL, Scikit-learn"
CAND_1400,1.27,0.0,0.76,,"AWS, Docker, Git, Machine Learning, NLP, NumPy, Pandas, Python, SQL, Scikit-learn"
CAND_2129,1.26,0.0,0.76,,"AWS, Docker, Git, Machine Learning, NLP, NumPy, Pandas, Python, SQL, Scikit-learn"
CAND_1556,1.27,0.0,0.76,,"AWS, Docker, Git, Machine Learning, NLP, NumPy, Pandas, Python, SQL, Scikit-learn"
CAND_1449,1.27,0.0,0.76,,"AWS, Docker, Git, Machine Learning, NLP, NumPy, Pandas, Python, SQL, Scikit-learn"
CAND_341,1.27,0.0,0.76,,"AWS, Docker, Git, Machine Learning, NLP, NumPy, Pandas, Python, SQL, Scikit-learn"
CAND_1452,1.25,0.0,0.75,,"AWS, Docker, Git, Machine Learning, NLP, NumPy, Pandas, Python, SQL, Scikit-learn"
CAND_1126,1.25,0.0,0.75,,"AWS, Docker, Git, Machine Learning, NLP, NumPy, Pandas, Python, SQL, Scikit-learn"
CAND_1207,1.25,0.0,0.75,,"AWS, Docker, Git, Machine Learning, NLP, NumPy, Pandas, Python, SQL, Scikit-learn"
CAND_591,1.25,0.0,0.75,,"AWS, Docker, Git, Machine Learning, NLP, NumPy, Pandas, Python, SQL, Scikit-learn"
CAND_679,1.25,0.0,0.75,,"AWS, Docker, Git, Machine Learning, NLP, NumPy, Pandas, Python, SQL, Scikit-learn"
CAND_1998,1.24,0.0,0.74,,"AWS, Docker, Git, Machine Learning, NLP, NumPy, Pandas, Python, SQL, Scikit-learn"
CAND_070,1.23,0.0,0.74,,"AWS, Docker, Git, Machine Learning, NLP, NumPy, Pandas, Python, SQL, Scikit-learn"
CAND_2006,1.24,0.0,0.74,,"AWS, Docker, Git, Machine Learning, NLP, NumPy, Pandas, Python, SQL, Scikit-learn"
CAND_2134,1.24,0.0,0.74,,"AWS, Docker, Git, Machine Learning, NLP, NumPy, Pandas, Python, SQL, Scikit-learn"
CAND_485,1.23,0.0,0.74,,"AWS, Docker, Git, Machine Learning, NLP, NumPy, Pandas, Python, SQL, Scikit-learn"
CAND_783,1.21,0.0,0.73,,"AWS, Docker, Git, Machine Learning, NLP, NumPy, Pandas, Python, SQL, Scikit-learn"
CAND_445,1.22,0.0,0.73,,"AWS, Docker, Git, Machine Learning, NLP, NumPy, Pandas, Python, SQL, Scikit-learn"
CAND_562,1.22,0.0,0.73,,"AWS, Docker, Git, Machine Learning, NLP, NumPy, Pandas, Python, SQL, Scikit-learn"
CAND_1929,1.22,0.0,0.73,,"AWS, Docker, Git, Machine Learning, NLP, NumPy, Pandas, Python, SQL, Scikit-learn"
CAND_560,1.21,0.0,0.73,,"AWS, Docker, Git, Machine Learning, NLP, NumPy, Pandas, Python, SQL, Scikit-learn"
CAND_459,1.22,0.0,0.73,,"AWS, Docker, Git, Machine Learning, NLP, NumPy, Pandas, Python, SQL, Scikit-learn"
CAND_2354,1.21,0.0,0.73,,"AWS, Docker, Git, Machine Learning, NLP, NumPy, Pandas, Python, SQL, Scikit-learn"
CAND_2399,1.21,0.0,0.73,,"AWS, Docker, Git, Machine Learning, NLP, NumPy, Pandas, Python, SQL, Scikit-learn"
CAND_2222,1.22,0.0,0.73,,"AWS, Docker, Git, Machine Learning, NLP, NumPy, Pandas, Python, SQL, Scikit-learn"
CAND_116,1.22,0.0,0.73,,"AWS, Docker, Git, Machine Learning, NLP, NumPy, Pandas, Python, SQL, Scikit-learn"
CAND_687,1.2,0.0,0.72,,"AWS, Docker, Git, Machine Learning, NLP, NumPy, Pandas, Python, SQL, Scikit-learn"
CAND_2116,1.2,0.0,0.72,,"AWS, Docker, Git, Machine Learning, NLP, NumPy, Pandas, Python, SQL, Scikit-learn"
CAND_408,1.2,0.0,0.72,,"AWS, Docker, Git, Machine Learning, NLP, NumPy, Pandas, Python, SQL, Scikit-learn"
CAND_2040,1.2,0.0,0.72,,"AWS, Docker, Git, Machine Learning, NLP, NumPy, Pandas, Python, SQL, Scikit-learn"
CAND_071,1.2,0.0,0.72,,"AWS, Docker, Git, Machine Learning, NLP, NumPy, Pandas, Python, SQL, Scikit-learn"
CAND_1927,1.2,0.0,0.72,,"AWS, Docker, Git, Machine Learning, NLP, NumPy, Pandas, Python, SQL, Scikit-learn"
CAND_1089,1.18,0.0,0.71,,"AWS, Docker, Git, Machine Learning, NLP, NumPy, Pandas, Python, SQL, Scikit-learn"
CAND_1871,1.18,0.0,0.71,,"AWS, Docker, Git, Machine Learning, NLP, NumPy, Pandas, Python, SQL, Scikit-learn"
CAND_1396,1.18,0.0,0.71,,"AWS, Docker, Git, Machine Learning, NLP, NumPy, Pandas, Python, SQL, Scikit-learn"
CAND_026,1.18,0.0,0.71,,"AWS, Docker, Git, Machine Learning, NLP, NumPy, Pandas, Python, SQL, Scikit-learn"
CAND_373,1.19,0.0,0.71,,"AWS, Docker, Git, Machine Learning, NLP, NumPy, Pandas, Python, SQL, Scikit-learn"
CAND_1309,1.16,0.0,0.7,,"AWS, Docker, Git, Machine Learning, NLP, NumPy, Pandas, Python, SQL, Scikit-learn"
CAND_2326,1.16,0.0,0.7,,"AWS, Docker, Git, Machine Learning, NLP, NumPy, Pandas, Python, SQL, Scikit-learn"
CAND_2271,1.17,0.0,0.7,,"AWS, Docker, Git, Machine Learning, NLP, NumPy, Pandas, Python, SQL, Scikit-learn"
CAND_1548,1.16,0.0,0.7,,"AWS, Docker, Git, Machine Learning, NLP, NumPy, Pandas, Python, SQL, Scikit-learn"
CAND_2058,1.16,0.0,0.7,,"AWS, Docker, Git, Machine Learning, NLP, NumPy, Pandas, Python, SQL, Scikit-learn"
CAND_957,1.17,0.0,0.7,,"AWS, Docker, Git, Machine Learning, NLP, NumPy, Pandas, Python, SQL, Scikit-learn"
CAND_1451,1.17,0.0,0.7,,"AWS, Docker, Git, Machine Learning, NLP, NumPy, Pandas, Python, SQL, Scikit-learn"
CAND_2094,1.16,0.0,0.7,,"AWS, Docker, Git, Machine Learning, NLP, NumPy, Pandas, Python, SQL, Scikit-learn"
CAND_2087,1.17,0.0,0.7,,"AWS, Docker, Git, Machine Learning, NLP, NumPy, Pandas, Python, SQL, Scikit-learn"
CAND_2071,1.16,0.0,0.7,,"AWS, Docker, Git, Machine Learning, NLP, NumPy, Pandas, Python, SQL, Scikit-learn"
CAND_2082,1.16,0.0,0.7,,"AWS, Docker, Git, Machine Learning, NLP, NumPy, Pandas, Python, SQL, Scikit-learn"
CAND_2377,1.15,0.0,0.69,,"AWS, Docker, Git, Machine Learning, NLP, NumPy, Pandas, Python, SQL, Scikit-learn"
CAND_1010,1.15,0.0,0.69,,"AWS, Docker, Git, Machine Learning, NLP, NumPy, Pandas, Python, SQL, Scikit-learn"
CAND_296,1.15,0.0,0.69,,"AWS, Docker, Git, Machine Learning, NLP, NumPy, Pandas, Python, SQL, Scikit-learn"
CAND_1372,1.14,0.0,0.68,,"AWS, Docker, Git, Machine Learning, NLP, NumPy, Pandas, Python, SQL, Scikit-learn"
CAND_1003,1.14,0.0,0.68,,"AWS, Docker, Git, Machine Learning, NLP, NumPy, Pandas, Python, SQL, Scikit-learn"
CAND_044,1.14,0.0,0.68,,"AWS, Docker, Git, Machine Learning, NLP, NumPy, Pandas, Python, SQL, Scikit-learn"
CAND_1500,1.13,0.0,0.68,,"AWS, Docker, Git, Machine Learning, NLP, NumPy, Pandas, Python, SQL, Scikit-learn"
CAND_1386,1.14,0.0,0.68,,"AWS, Docker, Git, Machine Learning, NLP, NumPy, Pandas, Python, SQL, Scikit-learn"
CAND_1080,1.14,0.0,0.68,,"AWS, Docker, Git, Machine Learning, NLP, NumPy, Pandas, Python, SQL, Scikit-learn"
CAND_2268,1.13,0.0,0.68,,"AWS, Docker, Git, Machine Learning, NLP, NumPy, Pandas, Python, SQL, Scikit-learn"
CAND_456,1.14,0.0,0.68,,"AWS, Docker, Git, Machine Learning, NLP, NumPy, Pandas, Python, SQL, Scikit-learn"
CAND_2107,1.14,0.0,0.68,,"AWS, Docker, Git, Machine Learning, NLP, NumPy, Pandas, Python, SQL, Scikit-learn"
CAND_174,1.12,0.0,0.67,,"AWS, Docker, Git, Machine Learning, NLP, NumPy, Pandas, Python, SQL, Scikit-learn"
CAND_884,1.12,0.0,0.67,,"AWS, Docker, Git, Machine Learning, NLP, NumPy, Pandas, Python, SQL, Scikit-learn"
CAND_249,1.11,0.0,0.67,,"AWS, Docker, Git, Machine Learning, NLP, NumPy, Pandas, Python, SQL, Scikit-learn"
CAND_028,1.11,0.0,0.67,,"AWS, Docker, Git, Machine Learning, NLP, NumPy, Pandas, Python, SQL, Scikit-learn"
CAND_873,1.11,0.0,0.67,,"AWS, Docker, Git, Machine Learning, NLP, NumPy, Pandas, Python, SQL, Scikit-learn"
CAND_1344,1.11,0.0,0.67,,"AWS, Docker, Git, Machine Learning, NLP, NumPy, Pandas, Python, SQL, Scikit-learn"
CAND_1030,1.12,0.0,0.67,,"AWS, Docker, Git, Machine Learning, NLP, NumPy, Pandas, Python, SQL, Scikit-learn"
CAND_383,1.11,0.0,0.67,,"AWS, Docker, Git, Machine Learning, NLP, NumPy, Pandas, Python, SQL, Scikit-learn"
CAND_2014,1.1,0.0,0.66,,"AWS, Docker, Git, Machine Learning, NLP, NumPy, Pandas, Python, SQL, Scikit-learn"
CAND_2363,1.1,0.0,0.66,,"AWS, Docker, Git, Machine Learning, NLP, NumPy, Pandas, Python, SQL, Scikit-learn"
CAND_2437,1.1,0.0,0.66,,"AWS, Docker, Git, Machine Learning, NLP, NumPy, Pandas, Python, SQL, Scikit-learn"
CAND_1426,1.09,0.0,0.65,,"AWS, Docker, Git, Machine Learning, NLP, NumPy, Pandas, Python, SQL, Scikit-learn"
CAND_1940,1.08,0.0,0.65,,"AWS, Docker, Git, Machine Learning, NLP, NumPy, Pandas, Python, SQL, Scikit-learn"
CAND_1684,1.09,0.0,0.65,,"AWS, Docker, Git, Machine Learning, NLP, NumPy, Pandas, Python, SQL, Scikit-learn"
CAND_414,1.08,0.0,0.65,,"AWS, Docker, Git, Machine Learning, NLP, NumPy, Pandas, Python, SQL, Scikit-learn"
CAND_1392,1.09,0.0,0.65,,"AWS, Docker, Git, Machine Learning, NLP, NumPy, Pandas, Python, SQL, Scikit-learn"
CAND_1171,1.09,0.0,0.65,,"AWS, Docker, Git, Machine Learning, NLP, NumPy, Pandas, Python, SQL, Scikit-learn"
CAND_1384,1.08,0.0,0.65,,"AWS, Docker, Git, Machine Learning, NLP, NumPy, Pandas, Python, SQL, Scikit-learn"
CAND_1150,1.09,0.0,0.65,,"AWS, Docker, Git, Machine Learning, NLP, NumPy, Pandas, Python, SQL, Scikit-learn"
CAND_531,1.09,0.0,0.65,,"AWS, Docker, Git, Machine Learning, NLP, NumPy, Pandas, Python, SQL, Scikit-learn"
CAND_1307,1.08,0.0,0.65,,"AWS, Docker, Git, Machine Learning, NLP, NumPy, Pandas, Python, SQL, Scikit-learn"
CAND_2374,1.09,0.0,0.65,,"AWS, Docker, Git, Machine Learning, NLP, NumPy, Pandas, Python, SQL, Scikit-learn"
CAND_729,1.08,0.0,0.65,,"AWS, Docker, Git, Machine Learning, NLP, NumPy, Pandas, Python, SQL, Scikit-learn"
CAND_937,1.09,0.0,0.65,,"AWS, Docker, Git, Machine Learning, NLP, NumPy, Pandas, Python, SQL, Scikit-learn"
CAND_2360,1.09,0.0,0.65,,"AWS, Docker, Git, Machine Learning, NLP, NumPy, Pandas, Python, SQL, Scikit-learn"
CAND_753,1.09,0.0,0.65,,"AWS, Docker, Git, Machine Learning, NLP, NumPy, Pandas, Python, SQL, Scikit-learn"
CAND_344,1.07,0.0,0.64,,"AWS, Docker, Git, Machine Learning, NLP, NumPy, Pandas, Python, SQL, Scikit-learn"
CAND_575,1.06,0.0,0.64,,"AWS, Docker, Git, Machine Learning, NLP, NumPy, Pandas, Python, SQL, Scikit-learn"
CAND_2482,1.06,0.0,0.64,,"AWS, Docker, Git, Machine Learning, NLP, NumPy, Pandas, Python, SQL, Scikit-learn"
CAND_484,1.07,0.0,0.64,,"AWS, Docker, Git, Machine Learning, NLP, NumPy, Pandas, Python, SQL, Scikit-learn"
CAND_1465,1.06,0.0,0.64,,"AWS, Docker, Git, Machine Learning, NLP, NumPy, Pandas, Python, SQL, Scikit-learn"
CAND_1838,1.07,0.0,0.64,,"AWS, Docker, Git, Machine Learning, NLP, NumPy, Pandas, Python, SQL, Scikit-learn"
CAND_1214,1.06,0.0,0.64,,"AWS, Docker, Git, Machine Learning, NLP, NumPy, Pandas, Python, SQL, Scikit-learn"
CAND_1152,1.05,0.0,0.63,,"AWS, Docker, Git, Machine Learning, NLP, NumPy, Pandas, Python, SQL, Scikit-learn"
CAND_749,1.05,0.0,0.63,,"AWS, Docker, Git, Machine Learning, NLP, NumPy, Pandas, Python, SQL, Scikit-learn"
CAND_947,1.05,0.0,0.63,,"AWS, Docker, Git, Machine Learning, NLP, NumPy, Pandas, Python, SQL, Scikit-learn"
CAND_451,1.05,0.0,0.63,,"AWS, Docker, Git, Machine Learning, NLP, NumPy, Pandas, Python, SQL, Scikit-learn"
CAND_157,1.05,0.0,0.63,,"AWS, Docker, Git, Machine Learning, NLP, NumPy, Pandas, Python, SQL, Scikit-learn"
CAND_2298,1.05,0.0,0.63,,"AWS, Docker, Git, Machine Learning, NLP, NumPy, Pandas, Python, SQL, Scikit-learn"
CAND_974,1.03,0.0,0.62,,"AWS, Docker, Git, Machine Learning, NLP, NumPy, Pandas, Python, SQL, Scikit-learn"
CAND_680,1.03,0.0,0.62,,"AWS, Docker, Git, Machine Learning, NLP, NumPy, Pandas, Python, SQL, Scikit-learn"
CAND_765,1.03,0.0,0.62,,"AWS, Docker, Git, Machine Learning, NLP, NumPy, Pandas, Python, SQL, Scikit-learn"
CAND_1280,1.04,0.0,0.62,,"AWS, Docker, Git, Machine Learning, NLP, NumPy, Pandas, Python, SQL, Scikit-learn"
CAND_1377,1.04,0.0,0.62,,"AWS, Docker, Git, Machine Learning, NLP, NumPy, Pandas, Python, SQL, Scikit-learn"
CAND_1133,1.03,0.0,0.62,,"AWS, Docker, Git, Machine Learning, NLP, NumPy, Pandas, Python, SQL, Scikit-learn"
CAND_886,1.04,0.0,0.62,,"AWS, Docker, Git, Machine Learning, NLP, NumPy, Pandas, Python, SQL, Scikit-learn"
CAND_901,1.04,0.0,0.62,,"AWS, Docker, Git, Machine Learning, NLP, NumPy, Pandas, Python, SQL, Scikit-learn"
CAND_449,1.04,0.0,0.62,,"AWS, Docker, Git, Machine Learning, NLP, NumPy, Pandas, Python, SQL, Scikit-learn"
CAND_1111,1.03,0.0,0.62,,"AWS, Docker, Git, Machine Learning, NLP, NumPy, Pandas, Python, SQL, Scikit-learn"
CAND_1447,1.01,0.0,0.61,,"AWS, Docker, Git, Machine Learning, NLP, NumPy, Pandas, Python, SQL, Scikit-learn"
CAND_123,1.01,0.0,0.61,,"AWS, Docker, Git, Machine Learning, NLP, NumPy, Pandas, Python, SQL, Scikit-learn"
CAND_801,1.02,0.0,0.61,,"AWS, Docker, Git, Machine Learning, NLP, NumPy, Pandas, Python, SQL, Scikit-learn"
CAND_2420,1.01,0.0,0.61,,"AWS, Docker, Git, Machine Learning, NLP, NumPy, Pandas, Python, SQL, Scikit-learn"
CAND_193,1.01,0.0,0.61,,"AWS, Docker, Git, Machine Learning, NLP, NumPy, Pandas, Python, SQL, Scikit-learn"
CAND_1258,1.01,0.0,0.61,,"AWS, Docker, Git, Machine Learning, NLP, NumPy, Pandas, Python, SQL, Scikit-learn"
CAND_757,1.01,0.0,0.61,,"AWS, Docker, Git, Machine Learning, NLP, NumPy, Pandas, Python, SQL, Scikit-learn"
CAND_2336,1.01,0.0,0.61,,"AWS, Docker, Git, Machine Learning, NLP, NumPy, Pandas, Python, SQL, Scikit-learn"
CAND_566,1.02,0.0,0.61,,"AWS, Docker, Git, Machine Learning, NLP, NumPy, Pandas, Python, SQL, Scikit-learn"
CAND_1197,1.02,0.0,0.61,,"AWS, Docker, Git, Machine Learning, NLP, NumPy, Pandas, Python, SQL, Scikit-learn"
CAND_1782,1.01,0.0,0.61,,"AWS, Docker, Git, Machine Learning, NLP, NumPy, Pandas, Python, SQL, Scikit-learn"
CAND_037,1.02,0.0,0.61,,"AWS, Docker, Git, Machine Learning, NLP, NumPy, Pandas, Python, SQL, Scikit-learn"
CAND_942,1.02,0.0,0.61,,"AWS, Docker, Git, Machine Learning, NLP, NumPy, Pandas, Python, SQL, Scikit-learn"
CAND_207,1.01,0.0,0.61,,"AWS, Docker, Git, Machine Learning, NLP, NumPy, Pandas, Python, SQL, Scikit-learn"
CAND_2378,1.0,0.0,0.6,,"AWS, Docker, Git, Machine Learning, NLP, NumPy, Pandas, Python, SQL, Scikit-learn"
CAND_2269,1.0,0.0,0.6,,"AWS, Docker, Git, Machine Learning, NLP, NumPy, Pandas, Python, SQL, Scikit-learn"
CAND_559,1.0,0.0,0.6,,"AWS, Docker, Git, Machine Learning, NLP, NumPy, Pandas, Python, SQL, Scikit-learn"
CAND_2297,1.0,0.0,0.6,,"AWS, Docker, Git, Machine Learning, NLP, NumPy, Pandas, Python, SQL, Scikit-learn"
CAND_1773,1.0,0.0,0.6,,"AWS, Docker, Git, Machine Learning, NLP, NumPy, Pandas, Python, SQL, Scikit-learn"
CAND_631,1.0,0.0,0.6,,"AWS, Docker, Git, Machine Learning, NLP, NumPy, Pandas, Python, SQL, Scikit-learn"
CAND_1471,1.0,0.0,0.6,,"AWS, Docker, Git, Machine Learning, NLP, NumPy, Pandas, Python, SQL, Scikit-learn"
CAND_896,0.99,0.0,0.59,,"AWS, Docker, Git, Machine Learning, NLP, NumPy, Pandas, Python, SQL, Scikit-learn"
CAND_2257,0.99,0.0,0.59,,"AWS, Docker, Git, Machine Learning, NLP, NumPy, Pandas, Python, SQL, Scikit-learn"
CAND_727,0.98,0.0,0.59,,"AWS, Docker, Git, Machine Learning, NLP, NumPy, Pandas, Python, SQL, Scikit-learn"
CAND_2379,0.98,0.0,0.59,,"AWS, Docker, Git, Machine Learning, NLP, NumPy, Pandas, Python, SQL, Scikit-learn"
CAND_2371,0.99,0.0,0.59,,"AWS, Docker, Git, Machine Learning, NLP, NumPy, Pandas, Python, SQL, Scikit-learn"
CAND_1029,0.99,0.0,0.59,,"AWS, Docker, Git, Machine Learning, NLP, NumPy, Pandas, Python, SQL, Scikit-learn"
CAND_1533,0.98,0.0,0.59,,"AWS, Docker, Git, Machine Learning, NLP, NumPy, Pandas, Python, SQL, Scikit-learn"
CAND_469,0.98,0.0,0.59,,"AWS, Docker, Git, Machine Learning, NLP, NumPy, Pandas, Python, SQL, Scikit-learn"
CAND_776,0.98,0.0,0.59,,"AWS, Docker, Git, Machine Learning, NLP, NumPy, Pandas, Python, SQL, Scikit-learn"
CAND_1129,0.99,0.0,0.59,,"AWS, Docker, Git, Machine Learning, NLP, NumPy, Pandas, Python, SQL, Scikit-learn"
CAND_1297,0.98,0.0,0.59,,"AWS, Docker, Git, Machine Learning, NLP, NumPy, Pandas, Python, SQL, Scikit-learn"
CAND_331,0.98,0.0,0.59,,"AWS, Docker, Git, Machine Learning, NLP, NumPy, Pandas, Python, SQL, Scikit-learn"
CAND_1167,0.98,0.0,0.59,,"AWS, Docker, Git, Machine Learning, NLP, NumPy, Pandas, Python, SQL, Scikit-learn"
CAND_2259,0.96,0.0,0.58,,"AWS, Docker, Git, Machine Learning, NLP, NumPy, Pandas, Python, SQL, Scikit-learn"
CAND_418,0.96,0.0,0.58,,"AWS, Docker, Git, Machine Learning, NLP, NumPy, Pandas, Python, SQL, Scikit-learn"
CAND_1965,0.97,0.0,0.58,,"AWS, Docker, Git, Machine Learning, NLP, NumPy, Pandas, Python, SQL, Scikit-learn"
CAND_546,0.96,0.0,0.58,,"AWS, Docker, Git, Machine Learning, NLP, NumPy, Pandas, Python, SQL, Scikit-learn"
CAND_1283,0.97,0.0,0.58,,"AWS, Docker, Git, Machine Learning, NLP, NumPy, Pandas, Python, SQL, Scikit-learn"
CAND_194,0.97,0.0,0.58,,"AWS, Docker, Git, Machine Learning, NLP, NumPy, Pandas, Python, SQL, Scikit-learn"
CAND_880,0.97,0.0,0.58,,"AWS, Docker, Git, Machine Learning, NLP, NumPy, Pandas, Python, SQL, Scikit-learn"
CAND_2214,0.97,0.0,0.58,,"AWS, Docker, Git, Machine Learning, NLP, NumPy, Pandas, Python, SQL, Scikit-learn"
CAND_067,0.96,0.0,0.58,,"AWS, Docker, Git, Machine Learning, NLP, NumPy, Pandas, Python, SQL, Scikit-learn"
CAND_1291,0.96,0.0,0.58,,"AWS, Docker, Git, Machine Learning, NLP, NumPy, Pandas, Python, SQL, Scikit-learn"
CAND_809,0.96,0.0,0.58,,"AWS, Docker, Git, Machine Learning, NLP, NumPy, Pandas, Python, SQL, Scikit-learn"
CAND_077,0.97,0.0,0.58,,"AWS, Docker, Git, Machine Learning, NLP, NumPy, Pandas, Python, SQL, Scikit-learn"
CAND_1991,0.96,0.0,0.58,,"AWS, Docker, Git, Machine Learning, NLP, NumPy, Pandas, Python, SQL, Scikit-learn"
CAND_893,0.96,0.0,0.58,,"AWS, Docker, Git, Machine Learning, NLP, NumPy, Pandas, Python, SQL, Scikit-learn"
CAND_1296,0.95,0.0,0.57,,"AWS, Docker, Git, Machine Learning, NLP, NumPy, Pandas, Python, SQL, Scikit-learn"
CAND_675,0.95,0.0,0.57,,"AWS, Docker, Git, Machine Learning, NLP, NumPy, Pandas, Python, SQL, Scikit-learn"
CAND_153,0.95,0.0,0.57,,"AWS, Docker, Git, Machine Learning, NLP, NumPy, Pandas, Python, SQL, Scikit-learn"
CAND_904,0.95,0.0,0.57,,"AWS, Docker, Git, Machine Learning, NLP, NumPy, Pandas, Python, SQL, Scikit-learn"
CAND_1581,0.94,0.0,0.56,,"AWS, Docker, Git, Machine Learning, NLP, NumPy, Pandas, Python, SQL, Scikit-learn"
CAND_1379,0.94,0.0,0.56,,"AWS, Docker, Git, Machine Learning, NLP, NumPy, Pandas, Python, SQL, Scikit-learn"
CAND_237,0.93,0.0,0.56,,"AWS, Docker, Git, Machine Learning, NLP, NumPy, Pandas, Python, SQL, Scikit-learn"
CAND_1498,0.94,0.0,0.56,,"AWS, Docker, Git, Machine Learning, NLP, NumPy, Pandas, Python, SQL, Scikit-learn"
CAND_1660,0.93,0.0,0.56,,"AWS, Docker, Git, Machine Learning, NLP, NumPy, Pandas, Python, SQL, Scikit-learn"
CAND_714,0.93,0.0,0.56,,"AWS, Docker, Git, Machine Learning, NLP, NumPy, Pandas, Python, SQL, Scikit-learn"
CAND_2441,0.93,0.0,0.56,,"AWS, Docker, Git, Machine Learning, NLP, NumPy, Pandas, Python, SQL, Scikit-learn"
CAND_1218,0.94,0.0,0.56,,"AWS, Docker, Git, Machine Learning, NLP, NumPy, Pandas, Python, SQL, Scikit-learn"
CAND_574,0.94,0.0,0.56,,"AWS, Docker, Git, Machine Learning, NLP, NumPy, Pandas, Python, SQL, Scikit-learn"
CAND_655,0.94,0.0,0.56,,"AWS, Docker, Git, Machine Learning, NLP, NumPy, Pandas, Python, SQL, Scikit-learn"
CAND_1491,0.93,0.0,0.56,,"AWS, Docker, Git, Machine Learning, NLP, NumPy, Pandas, Python, SQL, Scikit-learn"
CAND_2177,0.94,0.0,0.56,,"AWS, Docker, Git, Machine Learning, NLP, NumPy, Pandas, Python, SQL, Scikit-learn"
CAND_505,0.91,0.0,0.55,,"AWS, Docker, Git, Machine Learning, NLP, NumPy, Pandas, Python, SQL, Scikit-learn"
CAND_989,0.92,0.0,0.55,,"AWS, Docker, Git, Machine Learning, NLP, NumPy, Pandas, Python, SQL, Scikit-learn"
CAND_1448,0.91,0.0,0.55,,"AWS, Docker, Git, Machine Learning, NLP, NumPy, Pandas, Python, SQL, Scikit-learn"
CAND_2074,0.91,0.0,0.55,,"AWS, Docker, Git, Machine Learning, NLP, NumPy, Pandas, Python, SQL, Scikit-learn"
CAND_2430,0.91,0.0,0.55,,"AWS, Docker, Git, Machine Learning, NLP, NumPy, Pandas, Python, SQL, Scikit-learn"
CAND_1565,0.91,0.0,0.55,,"AWS, Docker, Git, Machine Learning, NLP, NumPy, Pandas, Python, SQL, Scikit-learn"
CAND_440,0.91,0.0,0.55,,"AWS, Docker, Git, Machine Learning, NLP, NumPy, Pandas, Python, SQL, Scikit-learn"
CAND_2143,0.9,0.0,0.54,,"AWS, Docker, Git, Machine Learning, NLP, NumPy, Pandas, Python, SQL, Scikit-learn"
CAND_1375,0.9,0.0,0.54,,"AWS, Docker, Git, Machine Learning, NLP, NumPy, Pandas, Python, SQL, Scikit-learn"
CAND_804,0.9,0.0,0.54,,"AWS, Docker, Git, Machine Learning, NLP, NumPy, Pandas, Python, SQL, Scikit-learn"
CAND_1319,0.9,0.0,0.54,,"AWS, Docker, Git, Machine Learning, NLP, NumPy, Pandas, Python, SQL, Scikit-learn"
CAND_2215,0.9,0.0,0.54,,"AWS, Docker, Git, Machine Learning, NLP, NumPy, Pandas, Python, SQL, Scikit-learn"
CAND_1454,0.88,0.0,0.53,,"AWS, Docker, Git, Machine Learning, NLP, NumPy, Pandas, Python, SQL, Scikit-learn"
CAND_2217,0.88,0.0,0.53,,"AWS, Docker, Git, Machine Learning, NLP, NumPy, Pandas, Python, SQL, Scikit-learn"
CAND_668,0.88,0.0,0.53,,"AWS, Docker, Git, Machine Learning, NLP, NumPy, Pandas, Python, SQL, Scikit-learn"
CAND_530,0.89,0.0,0.53,,"AWS, Docker, Git, Machine Learning, NLP, NumPy, Pandas, Python, SQL, Scikit-learn"
CAND_697,0.88,0.0,0.53,,"AWS, Docker, Git, Machine Learning, NLP, NumPy, Pandas, Python, SQL, Scikit-learn"
CAND_1966,0.89,0.0,0.53,,"AWS, Docker, Git, Machine Learning, NLP, NumPy, Pandas, Python, SQL, Scikit-learn"
CAND_1358,0.88,0.0,0.53,,"AWS, Docker, Git, Machine Learning, NLP, NumPy, Pandas, Python, SQL, Scikit-learn"
CAND_2194,0.88,0.0,0.53,,"AWS, Docker, Git, Machine Learning, NLP, NumPy, Pandas, Python, SQL, Scikit-learn"
CAND_1468,0.87,0.0,0.52,,"AWS, Docker, Git, Machine Learning, NLP, NumPy, Pandas, Python, SQL, Scikit-learn"
CAND_2353,0.87,0.0,0.52,,"AWS, Docker, Git, Machine Learning, NLP, NumPy, Pandas, Python, SQL, Scikit-learn"
CAND_1639,0.87,0.0,0.52,,"AWS, Docker, Git, Machine Learning, NLP, NumPy, Pandas, Python, SQL, Scikit-learn"
CAND_984,0.86,0.0,0.52,,"AWS, Docker, Git, Machine Learning, NLP, NumPy, Pandas, Python, SQL, Scikit-learn"
CAND_1109,0.86,0.0,0.52,,"AWS, Docker, Git, Machine Learning, NLP, NumPy, Pandas, Python, SQL, Scikit-learn"
CAND_1028,0.86,0.0,0.52,,"AWS, Docker, Git, Machine Learning, NLP, NumPy, Pandas, Python, SQL, Scikit-learn"
CAND_2432,0.86,0.0,0.52,,"AWS, Docker, Git, Machine Learning, NLP, NumPy, Pandas, Python, SQL, Scikit-learn"
CAND_2340,0.86,0.0,0.52,,"AWS, Docker, Git, Machine Learning, NLP, NumPy, Pandas, Python, SQL, Scikit-learn"
CAND_1665,0.87,0.0,0.52,,"AWS, Docker, Git, Machine Learning, NLP, NumPy, Pandas, Python, SQL, Scikit-learn"
CAND_1986,0.87,0.0,0.52,,"AWS, Docker, Git, Machine Learning, NLP, NumPy, Pandas, Python, SQL, Scikit-learn"
CAND_1070,0.86,0.0,0.52,,"AWS, Docker, Git, Machine Learning, NLP, NumPy, Pandas, Python, SQL, Scikit-learn"
CAND_366,0.87,0.0,0.52,,"AWS, Docker, Git, Machine Learning, NLP, NumPy, Pandas, Python, SQL, Scikit-learn"
CAND_1156,0.87,0.0,0.52,,"AWS, Docker, Git, Machine Learning, NLP, NumPy, Pandas, Python, SQL, Scikit-learn"
CAND_1060,0.86,0.0,0.52,,"AWS, Docker, Git, Machine Learning, NLP, NumPy, Pandas, Python, SQL, Scikit-learn"
CAND_1489,0.86,0.0,0.52,,"AWS, Docker, Git, Machine Learning, NLP, NumPy, Pandas, Python, SQL, Scikit-learn"
CAND_1119,0.85,0.0,0.51,,"AWS, Docker, Git, Machine Learning, NLP, NumPy, Pandas, Python, SQL, Scikit-learn"
CAND_752,0.85,0.0,0.51,,"AWS, Docker, Git, Machine Learning, NLP, NumPy, Pandas, Python, SQL, Scikit-learn"
CAND_1019,0.85,0.0,0.51,,"AWS, Docker, Git, Machine Learning, NLP, NumPy, Pandas, Python, SQL, Scikit-learn"
CAND_1522,0.85,0.0,0.51,,"AWS, Docker, Git, Machine Learning, NLP, NumPy, Pandas, Python, SQL, Scikit-learn"
CAND_2030,0.85,0.0,0.51,,"AWS, Docker, Git, Machine Learning, NLP, NumPy, Pandas, Python, SQL, Scikit-learn"
CAND_1948,0.83,0.0,0.5,,"AWS, Docker, Git, Machine Learning, NLP, NumPy, Pandas, Python, SQL, Scikit-learn"
CAND_490,0.83,0.0,0.5,,"AWS, Docker, Git, Machine Learning, NLP, NumPy, Pandas, Python, SQL, Scikit-learn"
CAND_061,0.83,0.0,0.5,,"AWS, Docker, Git, Machine Learning, NLP, NumPy, Pandas, Python, SQL, Scikit-learn"
CAND_1433,0.83,0.0,0.5,,"AWS, Docker, Git, Machine Learning, NLP, NumPy, Pandas, Python, SQL, Scikit-learn"
CAND_716,0.84,0.0,0.5,,"AWS, Docker, Git, Machine Learning, NLP, NumPy, Pandas, Python, SQL, Scikit-learn"
CAND_742,0.83,0.0,0.5,,"AWS, Docker, Git, Machine Learning, NLP, NumPy, Pandas, Python, SQL, Scikit-learn"
CAND_538,0.84,0.0,0.5,,"AWS, Docker, Git, Machine Learning, NLP, NumPy, Pandas, Python, SQL, Scikit-learn"
CAND_763,0.83,0.0,0.5,,"AWS, Docker, Git, Machine Learning, NLP, NumPy, Pandas, Python, SQL, Scikit-learn"
CAND_1525,0.83,0.0,0.5,,"AWS, Docker, Git, Machine Learning, NLP, NumPy, Pandas, Python, SQL, Scikit-learn"
CAND_162,0.84,0.0,0.5,,"AWS, Docker, Git, Machine Learning, NLP, NumPy, Pandas, Python, SQL, Scikit-learn"
CAND_307,0.83,0.0,0.5,,"AWS, Docker, Git, Machine Learning, NLP, NumPy, Pandas, Python, SQL, Scikit-learn"
CAND_580,0.84,0.0,0.5,,"AWS, Docker, Git, Machine Learning, NLP, NumPy, Pandas, Python, SQL, Scikit-learn"
CAND_314,0.84,0.0,0.5,,"AWS, Docker, Git, Machine Learning, NLP, NumPy, Pandas, Python, SQL, Scikit-learn"
CAND_1616,0.83,0.0,0.5,,"AWS, Docker, Git, Machine Learning, NLP, NumPy, Pandas, Python, SQL, Scikit-learn"
CAND_785,0.84,0.0,0.5,,"AWS, Docker, Git, Machine Learning, NLP, NumPy, Pandas, Python, SQL, Scikit-learn"
CAND_263,0.84,0.0,0.5,,"AWS, Docker, Git, Machine Learning, NLP, NumPy, Pandas, Python, SQL, Scikit-learn"
CAND_2442,0.82,0.0,0.49,,"AWS, Docker, Git, Machine Learning, NLP, NumPy, Pandas, Python, SQL, Scikit-learn"
CAND_2391,0.81,0.0,0.49,,"AWS, Docker, Git, Machine Learning, NLP, NumPy, Pandas, Python, SQL, Scikit-learn"
CAND_686,0.82,0.0,0.49,,"AWS, Docker, Git, Machine Learning, NLP, NumPy, Pandas, Python, SQL, Scikit-learn"
CAND_033,0.82,0.0,0.49,,"AWS, Docker, Git, Machine Learning, NLP, NumPy, Pandas, Python, SQL, Scikit-learn"
CAND_1158,0.81,0.0,0.49,,"AWS, Docker, Git, Machine Learning, NLP, NumPy, Pandas, Python, SQL, Scikit-learn"
CAND_043,0.82,0.0,0.49,,"AWS, Docker, Git, Machine Learning, NLP, NumPy, Pandas, Python, SQL, Scikit-learn"
CAND_1833,0.81,0.0,0.49,,"AWS, Docker, Git, Machine Learning, NLP, NumPy, Pandas, Python, SQL, Scikit-learn"
CAND_781,0.82,0.0,0.49,,"AWS, Docker, Git, Machine Learning, NLP, NumPy, Pandas, Python, SQL, Scikit-learn"
CAND_223,0.82,0.0,0.49,,"AWS, Docker, Git, Machine Learning, NLP, NumPy, Pandas, Python, SQL, Scikit-learn"
CAND_840,0.82,0.0,0.49,,"AWS, Docker, Git, Machine Learning, NLP, NumPy, Pandas, Python, SQL, Scikit-learn"
CAND_2237,0.81,0.0,0.49,,"AWS, Docker, Git, Machine Learning, NLP, NumPy, Pandas, Python, SQL, Scikit-learn"
CAND_2182,0.81,0.0,0.49,,"AWS, Docker, Git, Machine Learning, NLP, NumPy, Pandas, Python, SQL, Scikit-learn"
CAND_817,0.81,0.0,0.49,,"AWS, Docker, Git, Machine Learning, NLP, NumPy, Pandas, Python, SQL, Scikit-learn"
CAND_1380,0.81,0.0,0.49,,"AWS, Docker, Git, Machine Learning, NLP, NumPy, Pandas, Python, SQL, Scikit-learn"
CAND_2127,0.82,0.0,0.49,,"AWS, Docker, Git, Machine Learning, NLP, NumPy, Pandas, Python, SQL, Scikit-learn"
CAND_1231,0.82,0.0,0.49,,"AWS, Docker, Git, Machine Learning, NLP, NumPy, Pandas, Python, SQL, Scikit-learn"
CAND_119,0.81,0.0,0.49,,"AWS, Docker, Git, Machine Learning, NLP, NumPy, Pandas, Python, SQL, Scikit-learn"
CAND_2350,0.81,0.0,0.49,,"AWS, Docker, Git, Machine Learning, NLP, NumPy, Pandas, Python, SQL, Scikit-learn"
CAND_637,0.82,0.0,0.49,,"AWS, Docker, Git, Machine Learning, NLP, NumPy, Pandas, Python, SQL, Scikit-learn"
CAND_1117,0.81,0.0,0.49,,"AWS, Docker, Git, Machine Learning, NLP, NumPy, Pandas, Python, SQL, Scikit-learn"
CAND_1289,0.8,0.0,0.48,,"AWS, Docker, Git, Machine Learning, NLP, NumPy, Pandas, Python, SQL, Scikit-learn"
CAND_1198,0.8,0.0,0.48,,"AWS, Docker, Git, Machine Learning, NLP, NumPy, Pandas, Python, SQL, Scikit-learn"
CAND_1411,0.8,0.0,0.48,,"AWS, Docker, Git, Machine Learning, NLP, NumPy, Pandas, Python, SQL, Scikit-learn"
CAND_2045,0.8,0.0,0.48,,"AWS, Docker, Git, Machine Learning, NLP, NumPy, Pandas, Python, SQL, Scikit-learn"
CAND_2329,0.8,0.0,0.48,,"AWS, Docker, Git, Machine Learning, NLP, NumPy, Pandas, Python, SQL, Scikit-learn"
CAND_2355,0.8,0.0,0.48,,"AWS, Docker, Git, Machine Learning, NLP, NumPy, Pandas, Python, SQL, Scikit-learn"
CAND_058,0.8,0.0,0.48,,"AWS, Docker, Git, Machine Learning, NLP, NumPy, Pandas, Python, SQL, Scikit-learn"
CAND_1554,0.8,0.0,0.48,,"AWS, Docker, Git, Machine Learning, NLP, NumPy, Pandas, Python, SQL, Scikit-learn"
CAND_651,0.78,0.0,0.47,,"AWS, Docker, Git, Machine Learning, NLP, NumPy, Pandas, Python, SQL, Scikit-learn"
CAND_166,0.78,0.0,0.47,,"AWS, Docker, Git, Machine Learning, NLP, NumPy, Pandas, Python, SQL, Scikit-learn"
CAND_2359,0.78,0.0,0.47,,"AWS, Docker, Git, Machine Learning, NLP, NumPy, Pandas, Python, SQL, Scikit-learn"
CAND_1438,0.78,0.0,0.47,,"AWS, Docker, Git, Machine Learning, NLP, NumPy, Pandas, Python, SQL, Scikit-learn"
CAND_838,0.79,0.0,0.47,,"AWS, Docker, Git, Machine Learning, NLP, NumPy, Pandas, Python, SQL, Scikit-learn"
CAND_970,0.79,0.0,0.47,,"AWS, Docker, Git, Machine Learning, NLP, NumPy, Pandas, Python, SQL, Scikit-learn"
CAND_2275,0.78,0.0,0.47,,"AWS, Docker, Git, Machine Learning, NLP, NumPy, Pandas, Python, SQL, Scikit-learn"
CAND_102,0.79,0.0,0.47,,"AWS, Docker, Git, Machine Learning, NLP, NumPy, Pandas, Python, SQL, Scikit-learn"
CAND_1587,0.79,0.0,0.47,,"AWS, Docker, Git, Machine Learning, NLP, NumPy, Pandas, Python, SQL, Scikit-learn"
CAND_1320,0.79,0.0,0.47,,"AWS, Docker, Git, Machine Learning, NLP, NumPy, Pandas, Python, SQL, Scikit-learn"
CAND_1063,0.78,0.0,0.47,,"AWS, Docker, Git, Machine Learning, NLP, NumPy, Pandas, Python, SQL, Scikit-learn"
CAND_2124,0.79,0.0,0.47,,"AWS, Docker, Git, Machine Learning, NLP, NumPy, Pandas, Python, SQL, Scikit-learn"
CAND_039,0.79,0.0,0.47,,"AWS, Docker, Git, Machine Learning, NLP, NumPy, Pandas, Python, SQL, Scikit-learn"
CAND_111,0.79,0.0,0.47,,"AWS, Docker, Git, Machine Learning, NLP, NumPy, Pandas, Python, SQL, Scikit-learn"
CAND_750,0.76,0.0,0.46,,"AWS, Docker, Git, Machine Learning, NLP, NumPy, Pandas, Python, SQL, Scikit-learn"
CAND_1997,0.76,0.0,0.46,,"AWS, Docker, Git, Machine Learning, NLP, NumPy, Pandas, Python, SQL, Scikit-learn"
CAND_2034,0.76,0.0,0.46,,"AWS, Docker, Git, Machine Learning, NLP, NumPy, Pandas, Python, SQL, Scikit-learn"
CAND_1100,0.77,0.0,0.46,,"AWS, Docker, Git, Machine Learning, NLP, NumPy, Pandas, Python, SQL, Scikit-learn"
CAND_630,0.77,0.0,0.46,,"AWS, Docker, Git, Machine Learning, NLP, NumPy, Pandas, Python, SQL, Scikit-learn"
CAND_204,0.76,0.0,0.46,,"AWS, Docker, Git, Machine Learning, NLP, NumPy, Pandas, Python, SQL, Scikit-learn"
CAND_1937,0.76,0.0,0.46,,"AWS, Docker, Git, Machine Learning, NLP, NumPy, Pandas, Python, SQL, Scikit-learn"
CAND_1580,0.75,0.0,0.45,,"AWS, Docker, Git, Machine Learning, NLP, NumPy, Pandas, Python, SQL, Scikit-learn"
CAND_1512,0.75,0.0,0.45,,"AWS, Docker, Git, Machine Learning, NLP, NumPy, Pandas, Python, SQL, Scikit-learn"
CAND_285,0.75,0.0,0.45,,"AWS, Docker, Git, Machine Learning, NLP, NumPy, Pandas, Python, SQL, Scikit-learn"
CAND_463,0.75,0.0,0.45,,"AWS, Docker, Git, Machine Learning, NLP, NumPy, Pandas, Python, SQL, Scikit-learn"
CAND_1442,0.75,0.0,0.45,,"AWS, Docker, Git, Machine Learning, NLP, NumPy, Pandas, Python, SQL, Scikit-learn"
CAND_1192,0.75,0.0,0.45,,"AWS, Docker, Git, Machine Learning, NLP, NumPy, Pandas, Python, SQL, Scikit-learn"
CAND_2313,0.73,0.0,0.44,,"AWS, Docker, Git, Machine Learning, NLP, NumPy, Pandas, Python, SQL, Scikit-learn"
CAND_1199,0.74,0.0,0.44,,"AWS, Docker, Git, Machine Learning, NLP, NumPy, Pandas, Python, SQL, Scikit-learn"
CAND_2013,0.73,0.0,0.44,,"AWS, Docker, Git, Machine Learning, NLP, NumPy, Pandas, Python, SQL, Scikit-learn"
CAND_1094,0.73,0.0,0.44,,"AWS, Docker, Git, Machine Learning, NLP, NumPy, Pandas, Python, SQL, Scikit-learn"
CAND_1347,0.74,0.0,0.44,,"AWS, Docker, Git, Machine Learning, NLP, NumPy, Pandas, Python, SQL, Scikit-learn"
CAND_653,0.73,0.0,0.44,,"AWS, Docker, Git, Machine Learning, NLP, NumPy, Pandas, Python, SQL, Scikit-learn"
CAND_1421,0.73,0.0,0.44,,"AWS, Docker, Git, Machine Learning, NLP, NumPy, Pandas, Python, SQL, Scikit-learn"
CAND_1652,0.74,0.0,0.44,,"AWS, Docker, Git, Machine Learning, NLP, NumPy, Pandas, Python, SQL, Scikit-learn"
CAND_2192,0.73,0.0,0.44,,"AWS, Docker, Git, Machine Learning, NLP, NumPy, Pandas, Python, SQL, Scikit-learn"
CAND_1025,0.73,0.0,0.44,,"AWS, Docker, Git, Machine Learning, NLP, NumPy, Pandas, Python, SQL, Scikit-learn"
CAND_990,0.74,0.0,0.44,,"AWS, Docker, Git, Machine Learning, NLP, NumPy, Pandas, Python, SQL, Scikit-learn"
CAND_1023,0.73,0.0,0.44,,"AWS, Docker, Git, Machine Learning, NLP, NumPy, Pandas, Python, SQL, Scikit-learn"
CAND_2309,0.73,0.0,0.44,,"AWS, Docker, Git, Machine Learning, NLP, NumPy, Pandas, Python, SQL, Scikit-learn"
CAND_2028,0.74,0.0,0.44,,"AWS, Docker, Git, Machine Learning, NLP, NumPy, Pandas, Python, SQL, Scikit-learn"
CAND_1872,0.72,0.0,0.43,,"AWS, Docker, Git, Machine Learning, NLP, NumPy, Pandas, Python, SQL, Scikit-learn"
CAND_2098,0.72,0.0,0.43,,"AWS, Docker, Git, Machine Learning, NLP, NumPy, Pandas, Python, SQL, Scikit-learn"
CAND_1013,0.72,0.0,0.43,,"AWS, Docker, Git, Machine Learning, NLP, NumPy, Pandas, Python, SQL, Scikit-learn"
CAND_1261,0.72,0.0,0.43,,"AWS, Docker, Git, Machine Learning, NLP, NumPy, Pandas, Python, SQL, Scikit-learn"
CAND_706,0.71,0.0,0.43,,"AWS, Docker, Git, Machine Learning, NLP, NumPy, Pandas, Python, SQL, Scikit-learn"
CAND_1281,0.72,0.0,0.43,,"AWS, Docker, Git, Machine Learning, NLP, NumPy, Pandas, Python, SQL, Scikit-learn"
CAND_911,0.72,0.0,0.43,,"AWS, Docker, Git, Machine Learning, NLP, NumPy, Pandas, Python, SQL, Scikit-learn"
CAND_2376,0.72,0.0,0.43,,"AWS, Docker, Git, Machine Learning, NLP, NumPy, Pandas, Python, SQL, Scikit-learn"
CAND_503,0.71,0.0,0.43,,"AWS, Docker, Git, Machine Learning, NLP, NumPy, Pandas, Python, SQL, Scikit-learn"
CAND_594,0.72,0.0,0.43,,"AWS, Docker, Git, Machine Learning, NLP, NumPy, Pandas, Python, SQL, Scikit-learn"
CAND_1381,0.71,0.0,0.43,,"AWS, Docker, Git, Machine Learning, NLP, NumPy, Pandas, Python, SQL, Scikit-learn"
CAND_1546,0.7,0.0,0.42,,"AWS, Docker, Git, Machine Learning, NLP, NumPy, Pandas, Python, SQL, Scikit-learn"
CAND_569,0.7,0.0,0.42,,"AWS, Docker, Git, Machine Learning, NLP, NumPy, Pandas, Python, SQL, Scikit-learn"
CAND_2083,0.7,0.0,0.42,,"AWS, Docker, Git, Machine Learning, NLP, NumPy, Pandas, Python, SQL, Scikit-learn"
CAND_1505,0.7,0.0,0.42,,"AWS, Docker, Git, Machine Learning, NLP, NumPy, Pandas, Python, SQL, Scikit-learn"
CAND_2325,0.7,0.0,0.42,,"AWS, Docker, Git, Machine Learning, NLP, NumPy, Pandas, Python, SQL, Scikit-learn"
CAND_176,0.7,0.0,0.42,,"AWS, Docker, Git, Machine Learning, NLP, NumPy, Pandas, Python, SQL, Scikit-learn"
CAND_850,0.7,0.0,0.42,,"AWS, Docker, Git, Machine Learning, NLP, NumPy, Pandas, Python, SQL, Scikit-learn"
CAND_1958,0.69,0.0,0.41,,"AWS, Docker, Git, Machine Learning, NLP, NumPy, Pandas, Python, SQL, Scikit-learn"
CAND_2178,0.68,0.0,0.41,,"AWS, Docker, Git, Machine Learning, NLP, NumPy, Pandas, Python, SQL, Scikit-learn"
CAND_1943,0.69,0.0,0.41,,"AWS, Docker, Git, Machine Learning, NLP, NumPy, Pandas, Python, SQL, Scikit-learn"
CAND_1864,0.69,0.0,0.41,,"AWS, Docker, Git, Machine Learning, NLP, NumPy, Pandas, Python, SQL, Scikit-learn"
CAND_2111,0.68,0.0,0.41,,"AWS, Docker, Git, Machine Learning, NLP, NumPy, Pandas, Python, SQL, Scikit-learn"
CAND_1242,0.68,0.0,0.41,,"AWS, Docker, Git, Machine Learning, NLP, NumPy, Pandas, Python, SQL, Scikit-learn"
CAND_093,0.68,0.0,0.41,,"AWS, Docker, Git, Machine Learning, NLP, NumPy, Pandas, Python, SQL, Scikit-learn"
CAND_095,0.69,0.0,0.41,,"AWS, Docker, Git, Machine Learning, NLP, NumPy, Pandas, Python, SQL, Scikit-learn"
CAND_1082,0.68,0.0,0.41,,"AWS, Docker, Git, Machine Learning, NLP, NumPy, Pandas, Python, SQL, Scikit-learn"
CAND_512,0.68,0.0,0.41,,"AWS, Docker, Git, Machine Learning, NLP, NumPy, Pandas, Python, SQL, Scikit-learn"
CAND_885,0.67,0.0,0.4,,"AWS, Docker, Git, Machine Learning, NLP, NumPy, Pandas, Python, SQL, Scikit-learn"
CAND_960,0.67,0.0,0.4,,"AWS, Docker, Git, Machine Learning, NLP, NumPy, Pandas, Python, SQL, Scikit-learn"
CAND_1265,0.66,0.0,0.4,,"AWS, Docker, Git, Machine Learning, NLP, NumPy, Pandas, Python, SQL, Scikit-learn"
CAND_2445,0.66,0.0,0.4,,"AWS, Docker, Git, Machine Learning, NLP, NumPy, Pandas, Python, SQL, Scikit-learn"
CAND_1951,0.66,0.0,0.4,,"AWS, Docker, Git, Machine Learning, NLP, NumPy, Pandas, Python, SQL, Scikit-learn"
CAND_027,0.66,0.0,0.4,,"AWS, Docker, Git, Machine Learning, NLP, NumPy, Pandas, Python, SQL, Scikit-learn"
CAND_2117,0.66,0.0,0.4,,"AWS, Docker, Git, Machine Learning, NLP, NumPy, Pandas, Python, SQL, Scikit-learn"
CAND_475,0.66,0.0,0.4,,"AWS, Docker, Git, Machine Learning, NLP, NumPy, Pandas, Python, SQL, Scikit-learn"
CAND_1618,0.67,0.0,0.4,,"AWS, Docker, Git, Machine Learning, NLP, NumPy, Pandas, Python, SQL, Scikit-learn"
CAND_1507,0.65,0.0,0.39,,"AWS, Docker, Git, Machine Learning, NLP, NumPy, Pandas, Python, SQL, Scikit-learn"
CAND_856,0.65,0.0,0.39,,"AWS, Docker, Git, Machine Learning, NLP, NumPy, Pandas, Python, SQL, Scikit-learn"
CAND_2064,0.65,0.0,0.39,,"AWS, Docker, Git, Machine Learning, NLP, NumPy, Pandas, Python, SQL, Scikit-learn"
CAND_1904,0.65,0.0,0.39,,"AWS, Docker, Git, Machine Learning, NLP, NumPy, Pandas, Python, SQL, Scikit-learn"
CAND_1896,0.65,0.0,0.39,,"AWS, Docker, Git, Machine Learning, NLP, NumPy, Pandas, Python, SQL, Scikit-learn"
CAND_2154,0.65,0.0,0.39,,"AWS, Docker, Git, Machine Learning, NLP, NumPy, Pandas, Python, SQL, Scikit-learn"
CAND_579,0.64,0.0,0.38,,"AWS, Docker, Git, Machine Learning, NLP, NumPy, Pandas, Python, SQL, Scikit-learn"
CAND_1532,0.63,0.0,0.38,,"AWS, Docker, Git, Machine Learning, NLP, NumPy, Pandas, Python, SQL, Scikit-learn"
CAND_1990,0.64,0.0,0.38,,"AWS, Docker, Git, Machine Learning, NLP, NumPy, Pandas, Python, SQL, Scikit-learn"
CAND_585,0.63,0.0,0.38,,"AWS, Docker, Git, Machine Learning, NLP, NumPy, Pandas, Python, SQL, Scikit-learn"
CAND_1287,0.63,0.0,0.38,,"AWS, Docker, Git, Machine Learning, NLP, NumPy, Pandas, Python, SQL, Scikit-learn"
CAND_1470,0.63,0.0,0.38,,"AWS, Docker, Git, Machine Learning, NLP, NumPy, Pandas, Python, SQL, Scikit-learn"
CAND_2072,0.63,0.0,0.38,,"AWS, Docker, Git, Machine Learning, NLP, NumPy, Pandas, Python, SQL, Scikit-learn"
CAND_1671,0.64,0.0,0.38,,"AWS, Docker, Git, Machine Learning, NLP, NumPy, Pandas, Python, SQL, Scikit-learn"
CAND_294,0.63,0.0,0.38,,"AWS, Docker, Git, Machine Learning, NLP, NumPy, Pandas, Python, SQL, Scikit-learn"
CAND_238,0.63,0.0,0.38,,"AWS, Docker, Git, Machine Learning, NLP, NumPy, Pandas, Python, SQL, Scikit-learn"
CAND_647,0.64,0.0,0.38,,"AWS, Docker, Git, Machine Learning, NLP, NumPy, Pandas, Python, SQL, Scikit-learn"
CAND_1577,0.64,0.0,0.38,,"AWS, Docker, Git, Machine Learning, NLP, NumPy, Pandas, Python, SQL, Scikit-learn"
CAND_1348,0.64,0.0,0.38,,"AWS, Docker, Git, Machine Learning, NLP, NumPy, Pandas, Python, SQL, Scikit-learn"
CAND_883,0.61,0.0,0.37,,"AWS, Docker, Git, Machine Learning, NLP, NumPy, Pandas, Python, SQL, Scikit-learn"
CAND_868,0.62,0.0,0.37,,"AWS, Docker, Git, Machine Learning, NLP, NumPy, Pandas, Python, SQL, Scikit-learn"
CAND_2388,0.62,0.0,0.37,,"AWS, Docker, Git, Machine Learning, NLP, NumPy, Pandas, Python, SQL, Scikit-learn"
CAND_782,0.61,0.0,0.37,,"AWS, Docker, Git, Machine Learning, NLP, NumPy, Pandas, Python, SQL, Scikit-learn"
CAND_1829,0.61,0.0,0.37,,"AWS, Docker, Git, Machine Learning, NLP, NumPy, Pandas, Python, SQL, Scikit-learn"
CAND_1483,0.61,0.0,0.37,,"AWS, Docker, Git, Machine Learning, NLP, NumPy, Pandas, Python, SQL, Scikit-learn"
CAND_1346,0.61,0.0,0.37,,"AWS, Docker, Git, Machine Learning, NLP, NumPy, Pandas, Python, SQL, Scikit-learn"
CAND_1247,0.62,0.0,0.37,,"AWS, Docker, Git, Machine Learning, NLP, NumPy, Pandas, Python, SQL, Scikit-learn"
CAND_1995,0.61,0.0,0.37,,"AWS, Docker, Git, Machine Learning, NLP, NumPy, Pandas, Python, SQL, Scikit-learn"
CAND_023,0.62,0.0,0.37,,"AWS, Docker, Git, Machine Learning, NLP, NumPy, Pandas, Python, SQL, Scikit-learn"
CAND_1233,0.61,0.0,0.37,,"AWS, Docker, Git, Machine Learning, NLP, NumPy, Pandas, Python, SQL, Scikit-learn"
CAND_2168,0.6,0.0,0.36,,"AWS, Docker, Git, Machine Learning, NLP, NumPy, Pandas, Python, SQL, Scikit-learn"
CAND_1873,0.6,0.0,0.36,,"AWS, Docker, Git, Machine Learning, NLP, NumPy, Pandas, Python, SQL, Scikit-learn"
CAND_1964,0.6,0.0,0.36,,"AWS, Docker, Git, Machine Learning, NLP, NumPy, Pandas, Python, SQL, Scikit-learn"
CAND_2114,0.6,0.0,0.36,,"AWS, Docker, Git, Machine Learning, NLP, NumPy, Pandas, Python, SQL, Scikit-learn"
CAND_835,0.58,0.0,0.35,,"AWS, Docker, Git, Machine Learning, NLP, NumPy, Pandas, Python, SQL, Scikit-learn"
CAND_2265,0.59,0.0,0.35,,"AWS, Docker, Git, Machine Learning, NLP, NumPy, Pandas, Python, SQL, Scikit-learn"
CAND_2023,0.58,0.0,0.35,,"AWS, Docker, Git, Machine Learning, NLP, NumPy, Pandas, Python, SQL, Scikit-learn"
CAND_1680,0.59,0.0,0.35,,"AWS, Docker, Git, Machine Learning, NLP, NumPy, Pandas, Python, SQL, Scikit-learn"
CAND_1012,0.59,0.0,0.35,,"AWS, Docker, Git, Machine Learning, NLP, NumPy, Pandas, Python, SQL, Scikit-learn"
CAND_1187,0.58,0.0,0.35,,"AWS, Docker, Git, Machine Learning, NLP, NumPy, Pandas, Python, SQL, Scikit-learn"
CAND_2480,0.59,0.0,0.35,,"AWS, Docker, Git, Machine Learning, NLP, NumPy, Pandas, Python, SQL, Scikit-learn"
CAND_1339,0.58,0.0,0.35,,"AWS, Docker, Git, Machine Learning, NLP, NumPy, Pandas, Python, SQL, Scikit-learn"
CAND_208,0.58,0.0,0.35,,"AWS, Docker, Git, Machine Learning, NLP, NumPy, Pandas, Python, SQL, Scikit-learn"
CAND_1399,0.59,0.0,0.35,,"AWS, Docker, Git, Machine Learning, NLP, NumPy, Pandas, Python, SQL, Scikit-learn"
CAND_1515,0.59,0.0,0.35,,"AWS, Docker, Git, Machine Learning, NLP, NumPy, Pandas, Python, SQL, Scikit-learn"
CAND_2100,0.59,0.0,0.35,,"AWS, Docker, Git, Machine Learning, NLP, NumPy, Pandas, Python, SQL, Scikit-learn"
CAND_1840,0.58,0.0,0.35,,"AWS, Docker, Git, Machine Learning, NLP, NumPy, Pandas, Python, SQL, Scikit-learn"
CAND_1861,0.57,0.0,0.34,,"AWS, Docker, Git, Machine Learning, NLP, NumPy, Pandas, Python, SQL, Scikit-learn"
CAND_1843,0.56,0.0,0.34,,"AWS, Docker, Git, Machine Learning, NLP, NumPy, Pandas, Python, SQL, Scikit-learn"
CAND_2001,0.57,0.0,0.34,,"AWS, Docker, Git, Machine Learning, NLP, NumPy, Pandas, Python, SQL, Scikit-learn"
CAND_471,0.57,0.0,0.34,,"AWS, Docker, Git, Machine Learning, NLP, NumPy, Pandas, Python, SQL, Scikit-learn"
CAND_1993,0.56,0.0,0.34,,"AWS, Docker, Git, Machine Learning, NLP, NumPy, Pandas, Python, SQL, Scikit-learn"
CAND_005,0.56,0.0,0.34,,"AWS, Docker, Git, Machine Learning, NLP, NumPy, Pandas, Python, SQL, Scikit-learn"
CAND_862,0.57,0.0,0.34,,"AWS, Docker, Git, Machine Learning, NLP, NumPy, Pandas, Python, SQL, Scikit-learn"
CAND_2334,0.57,0.0,0.34,,"AWS, Docker, Git, Machine Learning, NLP, NumPy, Pandas, Python, SQL, Scikit-learn"
CAND_892,0.56,0.0,0.34,,"AWS, Docker, Git, Machine Learning, NLP, NumPy, Pandas, Python, SQL, Scikit-learn"
CAND_1146,0.57,0.0,0.34,,"AWS, Docker, Git, Machine Learning, NLP, NumPy, Pandas, Python, SQL, Scikit-learn"
CAND_678,0.55,0.0,0.33,,"AWS, Docker, Git, Machine Learning, NLP, NumPy, Pandas, Python, SQL, Scikit-learn"
CAND_1679,0.54,0.0,0.32,,"AWS, Docker, Git, Machine Learning, NLP, NumPy, Pandas, Python, SQL, Scikit-learn"
CAND_928,0.53,0.0,0.32,,"AWS, Docker, Git, Machine Learning, NLP, NumPy, Pandas, Python, SQL, Scikit-learn"
CAND_1366,0.54,0.0,0.32,,"AWS, Docker, Git, Machine Learning, NLP, NumPy, Pandas, Python, SQL, Scikit-learn"
CAND_645,0.54,0.0,0.32,,"AWS, Docker, Git, Machine Learning, NLP, NumPy, Pandas, Python, SQL, Scikit-learn"
CAND_1236,0.54,0.0,0.32,,"AWS, Docker, Git, Machine Learning, NLP, NumPy, Pandas, Python, SQL, Scikit-learn"
CAND_1600,0.54,0.0,0.32,,"AWS, Docker, Git, Machine Learning, NLP, NumPy, Pandas, Python, SQL, Scikit-learn"
CAND_1868,0.54,0.0,0.32,,"AWS, Docker, Git, Machine Learning, NLP, NumPy, Pandas, Python, SQL, Scikit-learn"
CAND_1601,0.52,0.0,0.31,,"AWS, Docker, Git, Machine Learning, NLP, NumPy, Pandas, Python, SQL, Scikit-learn"
CAND_256,0.51,0.0,0.31,,"AWS, Docker, Git, Machine Learning, NLP, NumPy, Pandas, Python, SQL, Scikit-learn"
CAND_2235,0.52,0.0,0.31,,"AWS, Docker, Git, Machine Learning, NLP, NumPy, Pandas, Python, SQL, Scikit-learn"
CAND_008,0.52,0.0,0.31,,"AWS, Docker, Git, Machine Learning, NLP, NumPy, Pandas, Python, SQL, Scikit-learn"
CAND_792,0.52,0.0,0.31,,"AWS, Docker, Git, Machine Learning, NLP, NumPy, Pandas, Python, SQL, Scikit-learn"
CAND_1327,0.51,0.0,0.31,,"AWS, Docker, Git, Machine Learning, NLP, NumPy, Pandas, Python, SQL, Scikit-learn"
CAND_1595,0.52,0.0,0.31,,"AWS, Docker, Git, Machine Learning, NLP, NumPy, Pandas, Python, SQL, Scikit-learn"
CAND_1038,0.51,0.0,0.31,,"AWS, Docker, Git, Machine Learning, NLP, NumPy, Pandas, Python, SQL, Scikit-learn"
CAND_1898,0.5,0.0,0.3,,"AWS, Docker, Git, Machine Learning, NLP, NumPy, Pandas, Python, SQL, Scikit-learn"
CAND_2016,0.5,0.0,0.3,,"AWS, Docker, Git, Machine Learning, NLP, NumPy, Pandas, Python, SQL, Scikit-learn"
CAND_2099,0.5,0.0,0.3,,"AWS, Docker, Git, Machine Learning, NLP, NumPy, Pandas, Python, SQL, Scikit-learn"
CAND_720,0.49,0.0,0.29,,"AWS, Docker, Git, Machine Learning, NLP, NumPy, Pandas, Python, SQL, Scikit-learn"
CAND_1360,0.48,0.0,0.29,,"AWS, Docker, Git, Machine Learning, NLP, NumPy, Pandas, Python, SQL, Scikit-learn"
CAND_573,0.49,0.0,0.29,,"AWS, Docker, Git, Machine Learning, NLP, NumPy, Pandas, Python, SQL, Scikit-learn"
CAND_2467,0.49,0.0,0.29,,"AWS, Docker, Git, Machine Learning, NLP, NumPy, Pandas, Python, SQL, Scikit-learn"
CAND_754,0.48,0.0,0.29,,"AWS, Docker, Git, Machine Learning, NLP, NumPy, Pandas, Python, SQL, Scikit-learn"
CAND_1413,0.49,0.0,0.29,,"AWS, Docker, Git, Machine Learning, NLP, NumPy, Pandas, Python, SQL, Scikit-learn"
CAND_802,0.48,0.0,0.29,,"AWS, Docker, Git, Machine Learning, NLP, NumPy, Pandas, Python, SQL, Scikit-learn"
CAND_2288,0.49,0.0,0.29,,"AWS, Docker, Git, Machine Learning, NLP, NumPy, Pandas, Python, SQL, Scikit-learn"
CAND_1098,0.49,0.0,0.29,,"AWS, Docker, Git, Machine Learning, NLP, NumPy, Pandas, Python, SQL, Scikit-learn"
CAND_034,0.49,0.0,0.29,,"AWS, Docker, Git, Machine Learning, NLP, NumPy, Pandas, Python, SQL, Scikit-learn"
CAND_1140,0.46,0.0,0.28,,"AWS, Docker, Git, Machine Learning, NLP, NumPy, Pandas, Python, SQL, Scikit-learn"
CAND_1103,0.46,0.0,0.28,,"AWS, Docker, Git, Machine Learning, NLP, NumPy, Pandas, Python, SQL, Scikit-learn"
CAND_955,0.47,0.0,0.28,,"AWS, Docker, Git, Machine Learning, NLP, NumPy, Pandas, Python, SQL, Scikit-learn"
CAND_2231,0.46,0.0,0.28,,"AWS, Docker, Git, Machine Learning, NLP, NumPy, Pandas, Python, SQL, Scikit-learn"
CAND_2414,0.46,0.0,0.28,,"AWS, Docker, Git, Machine Learning, NLP, NumPy, Pandas, Python, SQL, Scikit-learn"
CAND_554,0.47,0.0,0.28,,"AWS, Docker, Git, Machine Learning, NLP, NumPy, Pandas, Python, SQL, Scikit-learn"
CAND_1389,0.45,0.0,0.27,,"AWS, Docker, Git, Machine Learning, NLP, NumPy, Pandas, Python, SQL, Scikit-learn"
CAND_212,0.45,0.0,0.27,,"AWS, Docker, Git, Machine Learning, NLP, NumPy, Pandas, Python, SQL, Scikit-learn"
CAND_831,0.43,0.0,0.26,,"AWS, Docker, Git, Machine Learning, NLP, NumPy, Pandas, Python, SQL, Scikit-learn"
CAND_2346,0.44,0.0,0.26,,"AWS, Docker, Git, Machine Learning, NLP, NumPy, Pandas, Python, SQL, Scikit-learn"
CAND_1120,0.44,0.0,0.26,,"AWS, Docker, Git, Machine Learning, NLP, NumPy, Pandas, Python, SQL, Scikit-learn"
CAND_2389,0.44,0.0,0.26,,"AWS, Docker, Git, Machine Learning, NLP, NumPy, Pandas, Python, SQL, Scikit-learn"
CAND_2464,0.43,0.0,0.26,,"AWS, Docker, Git, Machine Learning, NLP, NumPy, Pandas, Python, SQL, Scikit-learn"
CAND_1244,0.41,0.0,0.25,,"AWS, Docker, Git, Machine Learning, NLP, NumPy, Pandas, Python, SQL, Scikit-learn"
CAND_860,0.42,0.0,0.25,,"AWS, Docker, Git, Machine Learning, NLP, NumPy, Pandas, Python, SQL, Scikit-learn"
CAND_1359,0.42,0.0,0.25,,"AWS, Docker, Git, Machine Learning, NLP, NumPy, Pandas, Python, SQL, Scikit-learn"
CAND_1647,0.41,0.0,0.25,,"AWS, Docker, Git, Machine Learning, NLP, NumPy, Pandas, Python, SQL, Scikit-learn"
CAND_1526,0.42,0.0,0.25,,"AWS, Docker, Git, Machine Learning, NLP, NumPy, Pandas, Python, SQL, Scikit-learn"
CAND_586,0.41,0.0,0.25,,"AWS, Docker, Git, Machine Learning, NLP, NumPy, Pandas, Python, SQL, Scikit-learn"
CAND_188,0.41,0.0,0.25,,"AWS, Docker, Git, Machine Learning, NLP, NumPy, Pandas, Python, SQL, Scikit-learn"
CAND_774,0.41,0.0,0.25,,"AWS, Docker, Git, Machine Learning, NLP, NumPy, Pandas, Python, SQL, Scikit-learn"
CAND_1308,0.42,0.0,0.25,,"AWS, Docker, Git, Machine Learning, NLP, NumPy, Pandas, Python, SQL, Scikit-learn"
CAND_236,0.42,0.0,0.25,,"AWS, Docker, Git, Machine Learning, NLP, NumPy, Pandas, Python, SQL, Scikit-learn"
CAND_760,0.41,0.0,0.25,,"AWS, Docker, Git, Machine Learning, NLP, NumPy, Pandas, Python, SQL, Scikit-learn"
CAND_1882,0.42,0.0,0.25,,"AWS, Docker, Git, Machine Learning, NLP, NumPy, Pandas, Python, SQL, Scikit-learn"
CAND_020,0.42,0.0,0.25,,"AWS, Docker, Git, Machine Learning, NLP, NumPy, Pandas, Python, SQL, Scikit-learn"
CAND_1559,0.41,0.0,0.25,,"AWS, Docker, Git, Machine Learning, NLP, NumPy, Pandas, Python, SQL, Scikit-learn"
CAND_968,0.42,0.0,0.25,,"AWS, Docker, Git, Machine Learning, NLP, NumPy, Pandas, Python, SQL, Scikit-learn"
CAND_2092,0.42,0.0,0.25,,"AWS, Docker, Git, Machine Learning, NLP, NumPy, Pandas, Python, SQL, Scikit-learn"
CAND_1666,0.42,0.0,0.25,,"AWS, Docker, Git, Machine Learning, NLP, NumPy, Pandas, Python, SQL, Scikit-learn"
CAND_842,0.41,0.0,0.25,,"AWS, Docker, Git, Machine Learning, NLP, NumPy, Pandas, Python, SQL, Scikit-learn"
CAND_614,0.42,0.0,0.25,,"AWS, Docker, Git, Machine Learning, NLP, NumPy, Pandas, Python, SQL, Scikit-learn"
CAND_2138,0.4,0.0,0.24,,"AWS, Docker, Git, Machine Learning, NLP, NumPy, Pandas, Python, SQL, Scikit-learn"
CAND_2337,0.4,0.0,0.24,,"AWS, Docker, Git, Machine Learning, NLP, NumPy, Pandas, Python, SQL, Scikit-learn"
CAND_696,0.4,0.0,0.24,,"AWS, Docker, Git, Machine Learning, NLP, NumPy, Pandas, Python, SQL, Scikit-learn"
CAND_692,0.4,0.0,0.24,,"AWS, Docker, Git, Machine Learning, NLP, NumPy, Pandas, Python, SQL, Scikit-learn"
CAND_1536,0.38,0.0,0.23,,"AWS, Docker, Git, Machine Learning, NLP, NumPy, Pandas, Python, SQL, Scikit-learn"
CAND_1318,0.38,0.0,0.23,,"AWS, Docker, Git, Machine Learning, NLP, NumPy, Pandas, Python, SQL, Scikit-learn"
CAND_2088,0.39,0.0,0.23,,"AWS, Docker, Git, Machine Learning, NLP, NumPy, Pandas, Python, SQL, Scikit-learn"
CAND_1822,0.39,0.0,0.23,,"AWS, Docker, Git, Machine Learning, NLP, NumPy, Pandas, Python, SQL, Scikit-learn"
CAND_2063,0.38,0.0,0.23,,"AWS, Docker, Git, Machine Learning, NLP, NumPy, Pandas, Python, SQL, Scikit-learn"
CAND_1430,0.39,0.0,0.23,,"AWS, Docker, Git, Machine Learning, NLP, NumPy, Pandas, Python, SQL, Scikit-learn"
CAND_2258,0.38,0.0,0.23,,"AWS, Docker, Git, Machine Learning, NLP, NumPy, Pandas, Python, SQL, Scikit-learn"
CAND_2244,0.37,0.0,0.22,,"AWS, Docker, Git, Machine Learning, NLP, NumPy, Pandas, Python, SQL, Scikit-learn"
CAND_1302,0.37,0.0,0.22,,"AWS, Docker, Git, Machine Learning, NLP, NumPy, Pandas, Python, SQL, Scikit-learn"
CAND_1391,0.37,0.0,0.22,,"AWS, Docker, Git, Machine Learning, NLP, NumPy, Pandas, Python, SQL, Scikit-learn"
CAND_179,0.37,0.0,0.22,,"AWS, Docker, Git, Machine Learning, NLP, NumPy, Pandas, Python, SQL, Scikit-learn"
CAND_1401,0.36,0.0,0.22,,"AWS, Docker, Git, Machine Learning, NLP, NumPy, Pandas, Python, SQL, Scikit-learn"
CAND_2368,0.37,0.0,0.22,,"AWS, Docker, Git, Machine Learning, NLP, NumPy, Pandas, Python, SQL, Scikit-learn"
CAND_615,0.36,0.0,0.22,,"AWS, Docker, Git, Machine Learning, NLP, NumPy, Pandas, Python, SQL, Scikit-learn"
CAND_550,0.36,0.0,0.22,,"AWS, Docker, Git, Machine Learning, NLP, NumPy, Pandas, Python, SQL, Scikit-learn"
CAND_1912,0.37,0.0,0.22,,"AWS, Docker, Git, Machine Learning, NLP, NumPy, Pandas, Python, SQL, Scikit-learn"
CAND_1406,0.37,0.0,0.22,,"AWS, Docker, Git, Machine Learning, NLP, NumPy, Pandas, Python, SQL, Scikit-learn"
CAND_182,0.36,0.0,0.22,,"AWS, Docker, Git, Machine Learning, NLP, NumPy, Pandas, Python, SQL, Scikit-learn"
CAND_2167,0.36,0.0,0.22,,"AWS, Docker, Git, Machine Learning, NLP, NumPy, Pandas, Python, SQL, Scikit-learn"
CAND_2296,0.36,0.0,0.22,,"AWS, Docker, Git, Machine Learning, NLP, NumPy, Pandas, Python, SQL, Scikit-learn"
CAND_847,0.36,0.0,0.22,,"AWS, Docker, Git, Machine Learning, NLP, NumPy, Pandas, Python, SQL, Scikit-learn"
CAND_677,0.37,0.0,0.22,,"AWS, Docker, Git, Machine Learning, NLP, NumPy, Pandas, Python, SQL, Scikit-learn"
CAND_1093,0.36,0.0,0.22,,"AWS, Docker, Git, Machine Learning, NLP, NumPy, Pandas, Python, SQL, Scikit-learn"
CAND_1521,0.37,0.0,0.22,,"AWS, Docker, Git, Machine Learning, NLP, NumPy, Pandas, Python, SQL, Scikit-learn"
CAND_815,0.36,0.0,0.22,,"AWS, Docker, Git, Machine Learning, NLP, NumPy, Pandas, Python, SQL, Scikit-learn"
CAND_072,0.35,0.0,0.21,,"AWS, Docker, Git, Machine Learning, NLP, NumPy, Pandas, Python, SQL, Scikit-learn"
CAND_1571,0.35,0.0,0.21,,"AWS, Docker, Git, Machine Learning, NLP, NumPy, Pandas, Python, SQL, Scikit-learn"
CAND_1079,0.35,0.0,0.21,,"AWS, Docker, Git, Machine Learning, NLP, NumPy, Pandas, Python, SQL, Scikit-learn"
CAND_2118,0.35,0.0,0.21,,"AWS, Docker, Git, Machine Learning, NLP, NumPy, Pandas, Python, SQL, Scikit-learn"
CAND_1273,0.35,0.0,0.21,,"AWS, Docker, Git, Machine Learning, NLP, NumPy, Pandas, Python, SQL, Scikit-learn"
CAND_2152,0.35,0.0,0.21,,"AWS, Docker, Git, Machine Learning, NLP, NumPy, Pandas, Python, SQL, Scikit-learn"
CAND_2145,0.35,0.0,0.21,,"AWS, Docker, Git, Machine Learning, NLP, NumPy, Pandas, Python, SQL, Scikit-learn"
CAND_1517,0.33,0.0,0.2,,"AWS, Docker, Git, Machine Learning, NLP, NumPy, Pandas, Python, SQL, Scikit-learn"
CAND_148,0.33,0.0,0.2,,"AWS, Docker, Git, Machine Learning, NLP, NumPy, Pandas, Python, SQL, Scikit-learn"
CAND_2308,0.34,0.0,0.2,,"AWS, Docker, Git, Machine Learning, NLP, NumPy, Pandas, Python, SQL, Scikit-learn"
CAND_1415,0.33,0.0,0.2,,"AWS, Docker, Git, Machine Learning, NLP, NumPy, Pandas, Python, SQL, Scikit-learn"
CAND_1897,0.33,0.0,0.2,,"AWS, Docker, Git, Machine Learning, NLP, NumPy, Pandas, Python, SQL, Scikit-learn"
CAND_2110,0.34,0.0,0.2,,"AWS, Docker, Git, Machine Learning, NLP, NumPy, Pandas, Python, SQL, Scikit-learn"
CAND_509,0.33,0.0,0.2,,"AWS, Docker, Git, Machine Learning, NLP, NumPy, Pandas, Python, SQL, Scikit-learn"
CAND_611,0.33,0.0,0.2,,"AWS, Docker, Git, Machine Learning, NLP, NumPy, Pandas, Python, SQL, Scikit-learn"
CAND_700,0.34,0.0,0.2,,"AWS, Docker, Git, Machine Learning, NLP, NumPy, Pandas, Python, SQL, Scikit-learn"
CAND_1432,0.33,0.0,0.2,,"AWS, Docker, Git, Machine Learning, NLP, NumPy, Pandas, Python, SQL, Scikit-learn"
CAND_2209,0.33,0.0,0.2,,"AWS, Docker, Git, Machine Learning, NLP, NumPy, Pandas, Python, SQL, Scikit-learn"
CAND_367,0.33,0.0,0.2,,"AWS, Docker, Git, Machine Learning, NLP, NumPy, Pandas, Python, SQL, Scikit-learn"
CAND_806,0.34,0.0,0.2,,"AWS, Docker, Git, Machine Learning, NLP, NumPy, Pandas, Python, SQL, Scikit-learn"
CAND_925,0.34,0.0,0.2,,"AWS, Docker, Git, Machine Learning, NLP, NumPy, Pandas, Python, SQL, Scikit-learn"
CAND_581,0.33,0.0,0.2,,"AWS, Docker, Git, Machine Learning, NLP, NumPy, Pandas, Python, SQL, Scikit-learn"
CAND_1859,0.33,0.0,0.2,,"AWS, Docker, Git, Machine Learning, NLP, NumPy, Pandas, Python, SQL, Scikit-learn"
CAND_066,0.34,0.0,0.2,,"AWS, Docker, Git, Machine Learning, NLP, NumPy, Pandas, Python, SQL, Scikit-learn"
CAND_1123,0.32,0.0,0.19,,"AWS, Docker, Git, Machine Learning, NLP, NumPy, Pandas, Python, SQL, Scikit-learn"
CAND_1625,0.32,0.0,0.19,,"AWS, Docker, Git, Machine Learning, NLP, NumPy, Pandas, Python, SQL, Scikit-learn"
CAND_372,0.31,0.0,0.19,,"AWS, Docker, Git, Machine Learning, NLP, NumPy, Pandas, Python, SQL, Scikit-learn"
CAND_088,0.32,0.0,0.19,,"AWS, Docker, Git, Machine Learning, NLP, NumPy, Pandas, Python, SQL, Scikit-learn"
CAND_691,0.31,0.0,0.19,,"AWS, Docker, Git, Machine Learning, NLP, NumPy, Pandas, Python, SQL, Scikit-learn"
CAND_2076,0.32,0.0,0.19,,"AWS, Docker, Git, Machine Learning, NLP, NumPy, Pandas, Python, SQL, Scikit-learn"
CAND_1001,0.32,0.0,0.19,,"AWS, Docker, Git, Machine Learning, NLP, NumPy, Pandas, Python, SQL, Scikit-learn"
CAND_1949,0.32,0.0,0.19,,"AWS, Docker, Git, Machine Learning, NLP, NumPy, Pandas, Python, SQL, Scikit-learn"
CAND_2241,0.31,0.0,0.19,,"AWS, Docker, Git, Machine Learning, NLP, NumPy, Pandas, Python, SQL, Scikit-learn"
CAND_1621,0.31,0.0,0.19,,"AWS, Docker, Git, Machine Learning, NLP, NumPy, Pandas, Python, SQL, Scikit-learn"
CAND_912,0.32,0.0,0.19,,"AWS, Docker, Git, Machine Learning, NLP, NumPy, Pandas, Python, SQL, Scikit-learn"
CAND_941,0.31,0.0,0.19,,"AWS, Docker, Git, Machine Learning, NLP, NumPy, Pandas, Python, SQL, Scikit-learn"
CAND_1088,0.32,0.0,0.19,,"AWS, Docker, Git, Machine Learning, NLP, NumPy, Pandas, Python, SQL, Scikit-learn"
CAND_308,0.31,0.0,0.19,,"AWS, Docker, Git, Machine Learning, NLP, NumPy, Pandas, Python, SQL, Scikit-learn"
CAND_1390,0.31,0.0,0.19,,"AWS, Docker, Git, Machine Learning, NLP, NumPy, Pandas, Python, SQL, Scikit-learn"
CAND_1206,0.31,0.0,0.19,,"AWS, Docker, Git, Machine Learning, NLP, NumPy, Pandas, Python, SQL, Scikit-learn"
CAND_1368,0.31,0.0,0.19,,"AWS, Docker, Git, Machine Learning, NLP, NumPy, Pandas, Python, SQL, Scikit-learn"
CAND_1371,0.31,0.0,0.19,,"AWS, Docker, Git, Machine Learning, NLP, NumPy, Pandas, Python, SQL, Scikit-learn"
CAND_1402,0.32,0.0,0.19,,"AWS, Docker, Git, Machine Learning, NLP, NumPy, Pandas, Python, SQL, Scikit-learn"
CAND_1044,0.32,0.0,0.19,,"AWS, Docker, Git, Machine Learning, NLP, NumPy, Pandas, Python, SQL, Scikit-learn"
CAND_1876,0.31,0.0,0.19,,"AWS, Docker, Git, Machine Learning, NLP, NumPy, Pandas, Python, SQL, Scikit-learn"
CAND_688,0.3,0.0,0.18,,"AWS, Docker, Git, Machine Learning, NLP, NumPy, Pandas, Python, SQL, Scikit-learn"
CAND_516,0.3,0.0,0.18,,"AWS, Docker, Git, Machine Learning, NLP, NumPy, Pandas, Python, SQL, Scikit-learn"
CAND_1892,0.3,0.0,0.18,,"AWS, Docker, Git, Machine Learning, NLP, NumPy, Pandas, Python, SQL, Scikit-learn"
CAND_326,0.3,0.0,0.18,,"AWS, Docker, Git, Machine Learning, NLP, NumPy, Pandas, Python, SQL, Scikit-learn"
CAND_799,0.3,0.0,0.18,,"AWS, Docker, Git, Machine Learning, NLP, NumPy, Pandas, Python, SQL, Scikit-learn"
CAND_620,0.3,0.0,0.18,,"AWS, Docker, Git, Machine Learning, NLP, NumPy, Pandas, Python, SQL, Scikit-learn"
CAND_1178,0.3,0.0,0.18,,"AWS, Docker, Git, Machine Learning, NLP, NumPy, Pandas, Python, SQL, Scikit-learn"
CAND_2477,0.3,0.0,0.18,,"AWS, Docker, Git, Machine Learning, NLP, NumPy, Pandas, Python, SQL, Scikit-learn"
CAND_1604,0.3,0.0,0.18,,"AWS, Docker, Git, Machine Learning, NLP, NumPy, Pandas, Python, SQL, Scikit-learn"
CAND_1926,0.3,0.0,0.18,,"AWS, Docker, Git, Machine Learning, NLP, NumPy, Pandas, Python, SQL, Scikit-learn"
CAND_1915,0.3,0.0,0.18,,"AWS, Docker, Git, Machine Learning, NLP, NumPy, Pandas, Python, SQL, Scikit-learn"
CAND_1299,0.3,0.0,0.18,,"AWS, Docker, Git, Machine Learning, NLP, NumPy, Pandas, Python, SQL, Scikit-learn"
CAND_1403,0.3,0.0,0.18,,"AWS, Docker, Git, Machine Learning, NLP, NumPy, Pandas, Python, SQL, Scikit-learn"
CAND_2003,0.28,0.0,0.17,,"AWS, Docker, Git, Machine Learning, NLP, NumPy, Pandas, Python, SQL, Scikit-learn"
CAND_1614,0.29,0.0,0.17,,"AWS, Docker, Git, Machine Learning, NLP, NumPy, Pandas, Python, SQL, Scikit-learn"
CAND_966,0.28,0.0,0.17,,"AWS, Docker, Git, Machine Learning, NLP, NumPy, Pandas, Python, SQL, Scikit-learn"
CAND_1463,0.28,0.0,0.17,,"AWS, Docker, Git, Machine Learning, NLP, NumPy, Pandas, Python, SQL, Scikit-learn"
CAND_386,0.29,0.0,0.17,,"AWS, Docker, Git, Machine Learning, NLP, NumPy, Pandas, Python, SQL, Scikit-learn"
CAND_393,0.29,0.0,0.17,,"AWS, Docker, Git, Machine Learning, NLP, NumPy, Pandas, Python, SQL, Scikit-learn"
CAND_1467,0.28,0.0,0.17,,"AWS, Docker, Git, Machine Learning, NLP, NumPy, Pandas, Python, SQL, Scikit-learn"
CAND_764,0.29,0.0,0.17,,"AWS, Docker, Git, Machine Learning, NLP, NumPy, Pandas, Python, SQL, Scikit-learn"
CAND_921,0.28,0.0,0.17,,"AWS, Docker, Git, Machine Learning, NLP, NumPy, Pandas, Python, SQL, Scikit-learn"
CAND_054,0.29,0.0,0.17,,"AWS, Docker, Git, Machine Learning, NLP, NumPy, Pandas, Python, SQL, Scikit-learn"
CAND_265,0.29,0.0,0.17,,"AWS, Docker, Git, Machine Learning, NLP, NumPy, Pandas, Python, SQL, Scikit-learn"
CAND_601,0.28,0.0,0.17,,"AWS, Docker, Git, Machine Learning, NLP, NumPy, Pandas, Python, SQL, Scikit-learn"
CAND_705,0.28,0.0,0.17,,"AWS, Docker, Git, Machine Learning, NLP, NumPy, Pandas, Python, SQL, Scikit-learn"
CAND_1056,0.28,0.0,0.17,,"AWS, Docker, Git, Machine Learning, NLP, NumPy, Pandas, Python, SQL, Scikit-learn"
CAND_600,0.29,0.0,0.17,,"AWS, Docker, Git, Machine Learning, NLP, NumPy, Pandas, Python, SQL, Scikit-learn"
CAND_434,0.28,0.0,0.17,,"AWS, Docker, Git, Machine Learning, NLP, NumPy, Pandas, Python, SQL, Scikit-learn"
CAND_1095,0.29,0.0,0.17,,"AWS, Docker, Git, Machine Learning, NLP, NumPy, Pandas, Python, SQL, Scikit-learn"
CAND_1270,0.28,0.0,0.17,,"AWS, Docker, Git, Machine Learning, NLP, NumPy, Pandas, Python, SQL, Scikit-learn"
CAND_1267,0.29,0.0,0.17,,"AWS, Docker, Git, Machine Learning, NLP, NumPy, Pandas, Python, SQL, Scikit-learn"
CAND_462,0.28,0.0,0.17,,"AWS, Docker, Git, Machine Learning, NLP, NumPy, Pandas, Python, SQL, Scikit-learn"
CAND_1504,0.28,0.0,0.17,,"AWS, Docker, Git, Machine Learning, NLP, NumPy, Pandas, Python, SQL, Scikit-learn"
CAND_1404,0.28,0.0,0.17,,"AWS, Docker, Git, Machine Learning, NLP, NumPy, Pandas, Python, SQL, Scikit-learn"
CAND_046,0.29,0.0,0.17,,"AWS, Docker, Git, Machine Learning, NLP, NumPy, Pandas, Python, SQL, Scikit-learn"
CAND_819,0.28,0.0,0.17,,"AWS, Docker, Git, Machine Learning, NLP, NumPy, Pandas, Python, SQL, Scikit-learn"
CAND_813,0.29,0.0,0.17,,"AWS, Docker, Git, Machine Learning, NLP, NumPy, Pandas, Python, SQL, Scikit-learn"
CAND_1042,0.28,0.0,0.17,,"AWS, Docker, Git, Machine Learning, NLP, NumPy, Pandas, Python, SQL, Scikit-learn"
CAND_2468,0.29,0.0,0.17,,"AWS, Docker, Git, Machine Learning, NLP, NumPy, Pandas, Python, SQL, Scikit-learn"
CAND_669,0.29,0.0,0.17,,"AWS, Docker, Git, Machine Learning, NLP, NumPy, Pandas, Python, SQL, Scikit-learn"
CAND_1606,0.28,0.0,0.17,,"AWS, Docker, Git, Machine Learning, NLP, NumPy, Pandas, Python, SQL, Scikit-learn"
CAND_2447,0.29,0.0,0.17,,"AWS, Docker, Git, Machine Learning, NLP, NumPy, Pandas, Python, SQL, Scikit-learn"
CAND_2024,0.28,0.0,0.17,,"AWS, Docker, Git, Machine Learning, NLP, NumPy, Pandas, Python, SQL, Scikit-learn"
CAND_2050,0.28,0.0,0.17,,"AWS, Docker, Git, Machine Learning, NLP, NumPy, Pandas, Python, SQL, Scikit-learn"
CAND_670,0.29,0.0,0.17,,"AWS, Docker, Git, Machine Learning, NLP, NumPy, Pandas, Python, SQL, Scikit-learn"
CAND_2049,0.29,0.0,0.17,,"AWS, Docker, Git, Machine Learning, NLP, NumPy, Pandas, Python, SQL, Scikit-learn"
CAND_220,0.29,0.0,0.17,,"AWS, Docker, Git, Machine Learning, NLP, NumPy, Pandas, Python, SQL, Scikit-learn"
CAND_969,0.26,0.0,0.16,,"AWS, Docker, Git, Machine Learning, NLP, NumPy, Pandas, Python, SQL, Scikit-learn"
CAND_1200,0.27,0.0,0.16,,"AWS, Docker, Git, Machine Learning, NLP, NumPy, Pandas, Python, SQL, Scikit-learn"
CAND_2156,0.26,0.0,0.16,,"AWS, Docker, Git, Machine Learning, NLP, NumPy, Pandas, Python, SQL, Scikit-learn"
CAND_1813,0.26,0.0,0.16,,"AWS, Docker, Git, Machine Learning, NLP, NumPy, Pandas, Python, SQL, Scikit-learn"
CAND_978,0.26,0.0,0.16,,"AWS, Docker, Git, Machine Learning, NLP, NumPy, Pandas, Python, SQL, Scikit-learn"
CAND_053,0.26,0.0,0.16,,"AWS, Docker, Git, Machine Learning, NLP, NumPy, Pandas, Python, SQL, Scikit-learn"
CAND_975,0.26,0.0,0.16,,"AWS, Docker, Git, Machine Learning, NLP, NumPy, Pandas, Python, SQL, Scikit-learn"
CAND_2054,0.27,0.0,0.16,,"AWS, Docker, Git, Machine Learning, NLP, NumPy, Pandas, Python, SQL, Scikit-learn"
CAND_1365,0.26,0.0,0.16,,"AWS, Docker, Git, Machine Learning, NLP, NumPy, Pandas, Python, SQL, Scikit-learn"
CAND_1637,0.27,0.0,0.16,,"AWS, Docker, Git, Machine Learning, NLP, NumPy, Pandas, Python, SQL, Scikit-learn"
CAND_1361,0.27,0.0,0.16,,"AWS, Docker, Git, Machine Learning, NLP, NumPy, Pandas, Python, SQL, Scikit-learn"
CAND_511,0.27,0.0,0.16,,"AWS, Docker, Git, Machine Learning, NLP, NumPy, Pandas, Python, SQL, Scikit-learn"
CAND_945,0.27,0.0,0.16,,"AWS, Docker, Git, Machine Learning, NLP, NumPy, Pandas, Python, SQL, Scikit-learn"
CAND_2140,0.27,0.0,0.16,,"AWS, Docker, Git, Machine Learning, NLP, NumPy, Pandas, Python, SQL, Scikit-learn"
CAND_496,0.27,0.0,0.16,,"AWS, Docker, Git, Machine Learning, NLP, NumPy, Pandas, Python, SQL, Scikit-learn"
CAND_052,0.27,0.0,0.16,,"AWS, Docker, Git, Machine Learning, NLP, NumPy, Pandas, Python, SQL, Scikit-learn"
CAND_889,0.27,0.0,0.16,,"AWS, Docker, Git, Machine Learning, NLP, NumPy, Pandas, Python, SQL, Scikit-learn"
CAND_278,0.26,0.0,0.16,,"AWS, Docker, Git, Machine Learning, NLP, NumPy, Pandas, Python, SQL, Scikit-learn"
CAND_954,0.26,0.0,0.16,,"AWS, Docker, Git, Machine Learning, NLP, NumPy, Pandas, Python, SQL, Scikit-learn"
CAND_2357,0.26,0.0,0.16,,"AWS, Docker, Git, Machine Learning, NLP, NumPy, Pandas, Python, SQL, Scikit-learn"
CAND_197,0.26,0.0,0.16,,"AWS, Docker, Git, Machine Learning, NLP, NumPy, Pandas, Python, SQL, Scikit-learn"
CAND_908,0.26,0.0,0.16,,"AWS, Docker, Git, Machine Learning, NLP, NumPy, Pandas, Python, SQL, Scikit-learn"
CAND_2402,0.26,0.0,0.16,,"AWS, Docker, Git, Machine Learning, NLP, NumPy, Pandas, Python, SQL, Scikit-learn"
CAND_1862,0.27,0.0,0.16,,"AWS, Docker, Git, Machine Learning, NLP, NumPy, Pandas, Python, SQL, Scikit-learn"
CAND_1598,0.27,0.0,0.16,,"AWS, Docker, Git, Machine Learning, NLP, NumPy, Pandas, Python, SQL, Scikit-learn"
CAND_1457,0.27,0.0,0.16,,"AWS, Docker, Git, Machine Learning, NLP, NumPy, Pandas, Python, SQL, Scikit-learn"
CAND_1809,0.26,0.0,0.16,,"AWS, Docker, Git, Machine Learning, NLP, NumPy, Pandas, Python, SQL, Scikit-learn"
CAND_995,0.26,0.0,0.16,,"AWS, Docker, Git, Machine Learning, NLP, NumPy, Pandas, Python, SQL, Scikit-learn"
CAND_1312,0.26,0.0,0.16,,"AWS, Docker, Git, Machine Learning, NLP, NumPy, Pandas, Python, SQL, Scikit-learn"
CAND_1378,0.27,0.0,0.16,,"AWS, Docker, Git, Machine Learning, NLP, NumPy, Pandas, Python, SQL, Scikit-learn"
CAND_2349,0.26,0.0,0.16,,"AWS, Docker, Git, Machine Learning, NLP, NumPy, Pandas, Python, SQL, Scikit-learn"
CAND_2458,0.26,0.0,0.16,,"AWS, Docker, Git, Machine Learning, NLP, NumPy, Pandas, Python, SQL, Scikit-learn"
CAND_1891,0.26,0.0,0.16,,"AWS, Docker, Git, Machine Learning, NLP, NumPy, Pandas, Python, SQL, Scikit-learn"
CAND_1446,0.27,0.0,0.16,,"AWS, Docker, Git, Machine Learning, NLP, NumPy, Pandas, Python, SQL, Scikit-learn"
CAND_654,0.26,0.0,0.16,,"AWS, Docker, Git, Machine Learning, NLP, NumPy, Pandas, Python, SQL, Scikit-learn"
CAND_313,0.26,0.0,0.16,,"AWS, Docker, Git, Machine Learning, NLP, NumPy, Pandas, Python, SQL, Scikit-learn"
CAND_786,0.27,0.0,0.16,,"AWS, Docker, Git, Machine Learning, NLP, NumPy, Pandas, Python, SQL, Scikit-learn"
CAND_032,0.26,0.0,0.16,,"AWS, Docker, Git, Machine Learning, NLP, NumPy, Pandas, Python, SQL, Scikit-learn"
CAND_676,0.27,0.0,0.16,,"AWS, Docker, Git, Machine Learning, NLP, NumPy, Pandas, Python, SQL, Scikit-learn"
CAND_1300,0.27,0.0,0.16,,"AWS, Docker, Git, Machine Learning, NLP, NumPy, Pandas, Python, SQL, Scikit-learn"
CAND_699,0.26,0.0,0.16,,"AWS, Docker, Git, Machine Learning, NLP, NumPy, Pandas, Python, SQL, Scikit-learn"
CAND_1954,0.27,0.0,0.16,,"AWS, Docker, Git, Machine Learning, NLP, NumPy, Pandas, Python, SQL, Scikit-learn"
CAND_113,0.26,0.0,0.16,,"AWS, Docker, Git, Machine Learning, NLP, NumPy, Pandas, Python, SQL, Scikit-learn"
CAND_2165,0.27,0.0,0.16,,"AWS, Docker, Git, Machine Learning, NLP, NumPy, Pandas, Python, SQL, Scikit-learn"
CAND_1663,0.26,0.0,0.16,,"AWS, Docker, Git, Machine Learning, NLP, NumPy, Pandas, Python, SQL, Scikit-learn"
CAND_1531,0.25,0.0,0.15,,"AWS, Docker, Git, Machine Learning, NLP, NumPy, Pandas, Python, SQL, Scikit-learn"
CAND_704,0.25,0.0,0.15,,"AWS, Docker, Git, Machine Learning, NLP, NumPy, Pandas, Python, SQL, Scikit-learn"
CAND_1254,0.25,0.0,0.15,,"AWS, Docker, Git, Machine Learning, NLP, NumPy, Pandas, Python, SQL, Scikit-learn"
CAND_483,0.25,0.0,0.15,,"AWS, Docker, Git, Machine Learning, NLP, NumPy, Pandas, Python, SQL, Scikit-learn"
CAND_1811,0.25,0.0,0.15,,"AWS, Docker, Git, Machine Learning, NLP, NumPy, Pandas, Python, SQL, Scikit-learn"
CAND_602,0.25,0.0,0.15,,"AWS, Docker, Git, Machine Learning, NLP, NumPy, Pandas, Python, SQL, Scikit-learn"
CAND_703,0.25,0.0,0.15,,"AWS, Docker, Git, Machine Learning, NLP, NumPy, Pandas, Python, SQL, Scikit-learn"
CAND_191,0.25,0.0,0.15,,"AWS, Docker, Git, Machine Learning, NLP, NumPy, Pandas, Python, SQL, Scikit-learn"
CAND_1427,0.25,0.0,0.15,,"AWS, Docker, Git, Machine Learning, NLP, NumPy, Pandas, Python, SQL, Scikit-learn"
CAND_078,0.25,0.0,0.15,,"AWS, Docker, Git, Machine Learning, NLP, NumPy, Pandas, Python, SQL, Scikit-learn"
CAND_1607,0.25,0.0,0.15,,"AWS, Docker, Git, Machine Learning, NLP, NumPy, Pandas, Python, SQL, Scikit-learn"
CAND_1866,0.25,0.0,0.15,,"AWS, Docker, Git, Machine Learning, NLP, NumPy, Pandas, Python, SQL, Scikit-learn"
CAND_309,0.25,0.0,0.15,,"AWS, Docker, Git, Machine Learning, NLP, NumPy, Pandas, Python, SQL, Scikit-learn"
CAND_797,0.25,0.0,0.15,,"AWS, Docker, Git, Machine Learning, NLP, NumPy, Pandas, Python, SQL, Scikit-learn"
CAND_004,0.25,0.0,0.15,,"AWS, Docker, Git, Machine Learning, NLP, NumPy, Pandas, Python, SQL, Scikit-learn"
CAND_1343,0.25,0.0,0.15,,"AWS, Docker, Git, Machine Learning, NLP, NumPy, Pandas, Python, SQL, Scikit-learn"
CAND_190,0.25,0.0,0.15,,"AWS, Docker, Git, Machine Learning, NLP, NumPy, Pandas, Python, SQL, Scikit-learn"
CAND_2175,0.25,0.0,0.15,,"AWS, Docker, Git, Machine Learning, NLP, NumPy, Pandas, Python, SQL, Scikit-learn"
CAND_824,0.25,0.0,0.15,,"AWS, Docker, Git, Machine Learning, NLP, NumPy, Pandas, Python, SQL, Scikit-learn"
CAND_2305,0.25,0.0,0.15,,"AWS, Docker, Git, Machine Learning, NLP, NumPy, Pandas, Python, SQL, Scikit-learn"
CAND_790,0.25,0.0,0.15,,"AWS, Docker, Git, Machine Learning, NLP, NumPy, Pandas, Python, SQL, Scikit-learn"
CAND_2073,0.24,0.0,0.14,,"AWS, Docker, Git, Machine Learning, NLP, NumPy, Pandas, Python, SQL, Scikit-learn"
CAND_2010,0.23,0.0,0.14,,"AWS, Docker, Git, Machine Learning, NLP, NumPy, Pandas, Python, SQL, Scikit-learn"
CAND_1189,0.24,0.0,0.14,,"AWS, Docker, Git, Machine Learning, NLP, NumPy, Pandas, Python, SQL, Scikit-learn"
CAND_545,0.23,0.0,0.14,,"AWS, Docker, Git, Machine Learning, NLP, NumPy, Pandas, Python, SQL, Scikit-learn"
CAND_1194,0.24,0.0,0.14,,"AWS, Docker, Git, Machine Learning, NLP, NumPy, Pandas, Python, SQL, Scikit-learn"
CAND_2466,0.24,0.0,0.14,,"AWS, Docker, Git, Machine Learning, NLP, NumPy, Pandas, Python, SQL, Scikit-learn"
CAND_2055,0.24,0.0,0.14,,"AWS, Docker, Git, Machine Learning, NLP, NumPy, Pandas, Python, SQL, Scikit-learn"
CAND_2057,0.23,0.0,0.14,,"AWS, Docker, Git, Machine Learning, NLP, NumPy, Pandas, Python, SQL, Scikit-learn"
CAND_2186,0.24,0.0,0.14,,"AWS, Docker, Git, Machine Learning, NLP, NumPy, Pandas, Python, SQL, Scikit-learn"
CAND_2380,0.23,0.0,0.14,,"AWS, Docker, Git, Machine Learning, NLP, NumPy, Pandas, Python, SQL, Scikit-learn"
CAND_866,0.23,0.0,0.14,,"AWS, Docker, Git, Machine Learning, NLP, NumPy, Pandas, Python, SQL, Scikit-learn"
CAND_619,0.24,0.0,0.14,,"AWS, Docker, Git, Machine Learning, NLP, NumPy, Pandas, Python, SQL, Scikit-learn"
CAND_621,0.24,0.0,0.14,,"AWS, Docker, Git, Machine Learning, NLP, NumPy, Pandas, Python, SQL, Scikit-learn"
CAND_1678,0.23,0.0,0.14,,"AWS, Docker, Git, Machine Learning, NLP, NumPy, Pandas, Python, SQL, Scikit-learn"
CAND_1176,0.24,0.0,0.14,,"AWS, Docker, Git, Machine Learning, NLP, NumPy, Pandas, Python, SQL, Scikit-learn"
CAND_2229,0.24,0.0,0.14,,"AWS, Docker, Git, Machine Learning, NLP, NumPy, Pandas, Python, SQL, Scikit-learn"
CAND_1429,0.23,0.0,0.14,,"AWS, Docker, Git, Machine Learning, NLP, NumPy, Pandas, Python, SQL, Scikit-learn"
CAND_803,0.24,0.0,0.14,,"AWS, Docker, Git, Machine Learning, NLP, NumPy, Pandas, Python, SQL, Scikit-learn"
CAND_1376,0.24,0.0,0.14,,"AWS, Docker, Git, Machine Learning, NLP, NumPy, Pandas, Python, SQL, Scikit-learn"
CAND_1931,0.23,0.0,0.14,,"AWS, Docker, Git, Machine Learning, NLP, NumPy, Pandas, Python, SQL, Scikit-learn"
CAND_1310,0.24,0.0,0.14,,"AWS, Docker, Git, Machine Learning, NLP, NumPy, Pandas, Python, SQL, Scikit-learn"
CAND_1061,0.24,0.0,0.14,,"AWS, Docker, Git, Machine Learning, NLP, NumPy, Pandas, Python, SQL, Scikit-learn"
CAND_2347,0.23,0.0,0.14,,"AWS, Docker, Git, Machine Learning, NLP, NumPy, Pandas, Python, SQL, Scikit-learn"
CAND_226,0.23,0.0,0.14,,"AWS, Docker, Git, Machine Learning, NLP, NumPy, Pandas, Python, SQL, Scikit-learn"
CAND_841,0.24,0.0,0.14,,"AWS, Docker, Git, Machine Learning, NLP, NumPy, Pandas, Python, SQL, Scikit-learn"
CAND_646,0.24,0.0,0.14,,"AWS, Docker, Git, Machine Learning, NLP, NumPy, Pandas, Python, SQL, Scikit-learn"
CAND_321,0.24,0.0,0.14,,"AWS, Docker, Git, Machine Learning, NLP, NumPy, Pandas, Python, SQL, Scikit-learn"
CAND_1336,0.24,0.0,0.14,,"AWS, Docker, Git, Machine Learning, NLP, NumPy, Pandas, Python, SQL, Scikit-learn"
CAND_1337,0.23,0.0,0.14,,"AWS, Docker, Git, Machine Learning, NLP, NumPy, Pandas, Python, SQL, Scikit-learn"
CAND_1460,0.24,0.0,0.14,,"AWS, Docker, Git, Machine Learning, NLP, NumPy, Pandas, Python, SQL, Scikit-learn"
CAND_128,0.24,0.0,0.14,,"AWS, Docker, Git, Machine Learning, NLP, NumPy, Pandas, Python, SQL, Scikit-learn"
CAND_2112,0.24,0.0,0.14,,"AWS, Docker, Git, Machine Learning, NLP, NumPy, Pandas, Python, SQL, Scikit-learn"
CAND_895,0.23,0.0,0.14,,"AWS, Docker, Git, Machine Learning, NLP, NumPy, Pandas, Python, SQL, Scikit-learn"
CAND_038,0.23,0.0,0.14,,"AWS, Docker, Git, Machine Learning, NLP, NumPy, Pandas, Python, SQL, Scikit-learn"
CAND_1511,0.24,0.0,0.14,,"AWS, Docker, Git, Machine Learning, NLP, NumPy, Pandas, Python, SQL, Scikit-learn"
CAND_2342,0.23,0.0,0.14,,"AWS, Docker, Git, Machine Learning, NLP, NumPy, Pandas, Python, SQL, Scikit-learn"
CAND_141,0.24,0.0,0.14,,"AWS, Docker, Git, Machine Learning, NLP, NumPy, Pandas, Python, SQL, Scikit-learn"
CAND_200,0.23,0.0,0.14,,"AWS, Docker, Git, Machine Learning, NLP, NumPy, Pandas, Python, SQL, Scikit-learn"
CAND_2406,0.24,0.0,0.14,,"AWS, Docker, Git, Machine Learning, NLP, NumPy, Pandas, Python, SQL, Scikit-learn"
CAND_1484,0.23,0.0,0.14,,"AWS, Docker, Git, Machine Learning, NLP, NumPy, Pandas, Python, SQL, Scikit-learn"
CAND_1276,0.24,0.0,0.14,,"AWS, Docker, Git, Machine Learning, NLP, NumPy, Pandas, Python, SQL, Scikit-learn"
CAND_1278,0.23,0.0,0.14,,"AWS, Docker, Git, Machine Learning, NLP, NumPy, Pandas, Python, SQL, Scikit-learn"
CAND_1661,0.24,0.0,0.14,,"AWS, Docker, Git, Machine Learning, NLP, NumPy, Pandas, Python, SQL, Scikit-learn"
CAND_2185,0.23,0.0,0.14,,"AWS, Docker, Git, Machine Learning, NLP, NumPy, Pandas, Python, SQL, Scikit-learn"
CAND_1462,0.24,0.0,0.14,,"AWS, Docker, Git, Machine Learning, NLP, NumPy, Pandas, Python, SQL, Scikit-learn"
CAND_1890,0.21,0.0,0.13,,"AWS, Docker, Git, Machine Learning, NLP, NumPy, Pandas, Python, SQL, Scikit-learn"
CAND_1903,0.22,0.0,0.13,,"AWS, Docker, Git, Machine Learning, NLP, NumPy, Pandas, Python, SQL, Scikit-learn"
CAND_565,0.22,0.0,0.13,,"AWS, Docker, Git, Machine Learning, NLP, NumPy, Pandas, Python, SQL, Scikit-learn"
CAND_794,0.21,0.0,0.13,,"AWS, Docker, Git, Machine Learning, NLP, NumPy, Pandas, Python, SQL, Scikit-learn"
CAND_521,0.22,0.0,0.13,,"AWS, Docker, Git, Machine Learning, NLP, NumPy, Pandas, Python, SQL, Scikit-learn"
CAND_846,0.22,0.0,0.13,,"AWS, Docker, Git, Machine Learning, NLP, NumPy, Pandas, Python, SQL, Scikit-learn"
CAND_865,0.22,0.0,0.13,,"AWS, Docker, Git, Machine Learning, NLP, NumPy, Pandas, Python, SQL, Scikit-learn"
CAND_1867,0.22,0.0,0.13,,"AWS, Docker, Git, Machine Learning, NLP, NumPy, Pandas, Python, SQL, Scikit-learn"
CAND_1667,0.21,0.0,0.13,,"AWS, Docker, Git, Machine Learning, NLP, NumPy, Pandas, Python, SQL, Scikit-learn"
CAND_656,0.22,0.0,0.13,,"AWS, Docker, Git, Machine Learning, NLP, NumPy, Pandas, Python, SQL, Scikit-learn"
CAND_590,0.22,0.0,0.13,,"AWS, Docker, Git, Machine Learning, NLP, NumPy, Pandas, Python, SQL, Scikit-learn"
CAND_659,0.22,0.0,0.13,,"AWS, Docker, Git, Machine Learning, NLP, NumPy, Pandas, Python, SQL, Scikit-learn"
CAND_577,0.21,0.0,0.13,,"AWS, Docker, Git, Machine Learning, NLP, NumPy, Pandas, Python, SQL, Scikit-learn"
CAND_721,0.21,0.0,0.13,,"AWS, Docker, Git, Machine Learning, NLP, NumPy, Pandas, Python, SQL, Scikit-learn"
CAND_1591,0.22,0.0,0.13,,"AWS, Docker, Git, Machine Learning, NLP, NumPy, Pandas, Python, SQL, Scikit-learn"
CAND_1846,0.22,0.0,0.13,,"AWS, Docker, Git, Machine Learning, NLP, NumPy, Pandas, Python, SQL, Scikit-learn"
CAND_1417,0.22,0.0,0.13,,"AWS, Docker, Git, Machine Learning, NLP, NumPy, Pandas, Python, SQL, Scikit-learn"
CAND_1420,0.22,0.0,0.13,,"AWS, Docker, Git, Machine Learning, NLP, NumPy, Pandas, Python, SQL, Scikit-learn"
CAND_2358,0.21,0.0,0.13,,"AWS, Docker, Git, Machine Learning, NLP, NumPy, Pandas, Python, SQL, Scikit-learn"
CAND_140,0.21,0.0,0.13,,"AWS, Docker, Git, Machine Learning, NLP, NumPy, Pandas, Python, SQL, Scikit-learn"
CAND_1383,0.21,0.0,0.13,,"AWS, Docker, Git, Machine Learning, NLP, NumPy, Pandas, Python, SQL, Scikit-learn"
CAND_2284,0.22,0.0,0.13,,"AWS, Docker, Git, Machine Learning, NLP, NumPy, Pandas, Python, SQL, Scikit-learn"
CAND_1050,0.22,0.0,0.13,,"AWS, Docker, Git, Machine Learning, NLP, NumPy, Pandas, Python, SQL, Scikit-learn"
CAND_246,0.21,0.0,0.13,,"AWS, Docker, Git, Machine Learning, NLP, NumPy, Pandas, Python, SQL, Scikit-learn"
CAND_952,0.22,0.0,0.13,,"AWS, Docker, Git, Machine Learning, NLP, NumPy, Pandas, Python, SQL, Scikit-learn"
CAND_2101,0.22,0.0,0.13,,"AWS, Docker, Git, Machine Learning, NLP, NumPy, Pandas, Python, SQL, Scikit-learn"
CAND_2243,0.22,0.0,0.13,,"AWS, Docker, Git, Machine Learning, NLP, NumPy, Pandas, Python, SQL, Scikit-learn"
CAND_2366,0.21,0.0,0.13,,"AWS, Docker, Git, Machine Learning, NLP, NumPy, Pandas, Python, SQL, Scikit-learn"
CAND_1441,0.22,0.0,0.13,,"AWS, Docker, Git, Machine Learning, NLP, NumPy, Pandas, Python, SQL, Scikit-learn"
CAND_2113,0.22,0.0,0.13,,"AWS, Docker, Git, Machine Learning, NLP, NumPy, Pandas, Python, SQL, Scikit-learn"
CAND_1519,0.21,0.0,0.13,,"AWS, Docker, Git, Machine Learning, NLP, NumPy, Pandas, Python, SQL, Scikit-learn"
CAND_997,0.22,0.0,0.13,,"AWS, Docker, Git, Machine Learning, NLP, NumPy, Pandas, Python, SQL, Scikit-learn"
CAND_2115,0.22,0.0,0.13,,"AWS, Docker, Git, Machine Learning, NLP, NumPy, Pandas, Python, SQL, Scikit-learn"
CAND_399,0.22,0.0,0.13,,"AWS, Docker, Git, Machine Learning, NLP, NumPy, Pandas, Python, SQL, Scikit-learn"
CAND_1473,0.22,0.0,0.13,,"AWS, Docker, Git, Machine Learning, NLP, NumPy, Pandas, Python, SQL, Scikit-learn"
CAND_1487,0.21,0.0,0.13,,"AWS, Docker, Git, Machine Learning, NLP, NumPy, Pandas, Python, SQL, Scikit-learn"
CAND_1106,0.21,0.0,0.13,,"AWS, Docker, Git, Machine Learning, NLP, NumPy, Pandas, Python, SQL, Scikit-learn"
CAND_1496,0.22,0.0,0.13,,"AWS, Docker, Git, Machine Learning, NLP, NumPy, Pandas, Python, SQL, Scikit-learn"
CAND_1573,0.22,0.0,0.13,,"AWS, Docker, Git, Machine Learning, NLP, NumPy, Pandas, Python, SQL, Scikit-learn"
CAND_2060,0.21,0.0,0.13,,"AWS, Docker, Git, Machine Learning, NLP, NumPy, Pandas, Python, SQL, Scikit-learn"
CAND_031,0.22,0.0,0.13,,"AWS, Docker, Git, Machine Learning, NLP, NumPy, Pandas, Python, SQL, Scikit-learn"
CAND_2046,0.21,0.0,0.13,,"AWS, Docker, Git, Machine Learning, NLP, NumPy, Pandas, Python, SQL, Scikit-learn"
CAND_1256,0.21,0.0,0.13,,"AWS, Docker, Git, Machine Learning, NLP, NumPy, Pandas, Python, SQL, Scikit-learn"
CAND_040,0.21,0.0,0.13,,"AWS, Docker, Git, Machine Learning, NLP, NumPy, Pandas, Python, SQL, Scikit-learn"
CAND_016,0.22,0.0,0.13,,"AWS, Docker, Git, Machine Learning, NLP, NumPy, Pandas, Python, SQL, Scikit-learn"
CAND_1562,0.21,0.0,0.13,,"AWS, Docker, Git, Machine Learning, NLP, NumPy, Pandas, Python, SQL, Scikit-learn"
CAND_062,0.22,0.0,0.13,,"AWS, Docker, Git, Machine Learning, NLP, NumPy, Pandas, Python, SQL, Scikit-learn"
CAND_1212,0.21,0.0,0.13,,"AWS, Docker, Git, Machine Learning, NLP, NumPy, Pandas, Python, SQL, Scikit-learn"
CAND_2033,0.21,0.0,0.13,,"AWS, Docker, Git, Machine Learning, NLP, NumPy, Pandas, Python, SQL, Scikit-learn"
CAND_1574,0.21,0.0,0.13,,"AWS, Docker, Git, Machine Learning, NLP, NumPy, Pandas, Python, SQL, Scikit-learn"
CAND_1437,0.2,0.0,0.12,,"AWS, Docker, Git, Machine Learning, NLP, NumPy, Pandas, Python, SQL, Scikit-learn"
CAND_2446,0.2,0.0,0.12,,"AWS, Docker, Git, Machine Learning, NLP, NumPy, Pandas, Python, SQL, Scikit-learn"
CAND_2440,0.2,0.0,0.12,,"AWS, Docker, Git, Machine Learning, NLP, NumPy, Pandas, Python, SQL, Scikit-learn"
CAND_1204,0.2,0.0,0.12,,"AWS, Docker, Git, Machine Learning, NLP, NumPy, Pandas, Python, SQL, Scikit-learn"
CAND_1455,0.2,0.0,0.12,,"AWS, Docker, Git, Machine Learning, NLP, NumPy, Pandas, Python, SQL, Scikit-learn"
CAND_086,0.2,0.0,0.12,,"AWS, Docker, Git, Machine Learning, NLP, NumPy, Pandas, Python, SQL, Scikit-learn"
CAND_1424,0.2,0.0,0.12,,"AWS, Docker, Git, Machine Learning, NLP, NumPy, Pandas, Python, SQL, Scikit-learn"
CAND_1293,0.2,0.0,0.12,,"AWS, Docker, Git, Machine Learning, NLP, NumPy, Pandas, Python, SQL, Scikit-learn"
CAND_1921,0.2,0.0,0.12,,"AWS, Docker, Git, Machine Learning, NLP, NumPy, Pandas, Python, SQL, Scikit-learn"
CAND_2418,0.2,0.0,0.12,,"AWS, Docker, Git, Machine Learning, NLP, NumPy, Pandas, Python, SQL, Scikit-learn"
CAND_1905,0.2,0.0,0.12,,"AWS, Docker, Git, Machine Learning, NLP, NumPy, Pandas, Python, SQL, Scikit-learn"
CAND_201,0.2,0.0,0.12,,"AWS, Docker, Git, Machine Learning, NLP, NumPy, Pandas, Python, SQL, Scikit-learn"
CAND_1853,0.2,0.0,0.12,,"AWS, Docker, Git, Machine Learning, NLP, NumPy, Pandas, Python, SQL, Scikit-learn"
CAND_453,0.2,0.0,0.12,,"AWS, Docker, Git, Machine Learning, NLP, NumPy, Pandas, Python, SQL, Scikit-learn"
CAND_796,0.2,0.0,0.12,,"AWS, Docker, Git, Machine Learning, NLP, NumPy, Pandas, Python, SQL, Scikit-learn"
CAND_1330,0.2,0.0,0.12,,"AWS, Docker, Git, Machine Learning, NLP, NumPy, Pandas, Python, SQL, Scikit-learn"
CAND_2131,0.2,0.0,0.12,,"AWS, Docker, Git, Machine Learning, NLP, NumPy, Pandas, Python, SQL, Scikit-learn"
CAND_547,0.2,0.0,0.12,,"AWS, Docker, Git, Machine Learning, NLP, NumPy, Pandas, Python, SQL, Scikit-learn"
CAND_466,0.2,0.0,0.12,,"AWS, Docker, Git, Machine Learning, NLP, NumPy, Pandas, Python, SQL, Scikit-learn"
CAND_572,0.2,0.0,0.12,,"AWS, Docker, Git, Machine Learning, NLP, NumPy, Pandas, Python, SQL, Scikit-learn"
CAND_582,0.2,0.0,0.12,,"AWS, Docker, Git, Machine Learning, NLP, NumPy, Pandas, Python, SQL, Scikit-learn"
CAND_951,0.2,0.0,0.12,,"AWS, Docker, Git, Machine Learning, NLP, NumPy, Pandas, Python, SQL, Scikit-learn"
CAND_1394,0.19,0.0,0.11,,"AWS, Docker, Git, Machine Learning, NLP, NumPy, Pandas, Python, SQL, Scikit-learn"
CAND_827,0.19,0.0,0.11,,"AWS, Docker, Git, Machine Learning, NLP, NumPy, Pandas, Python, SQL, Scikit-learn"
CAND_834,0.18,0.0,0.11,,"AWS, Docker, Git, Machine Learning, NLP, NumPy, Pandas, Python, SQL, Scikit-learn"
CAND_056,0.18,0.0,0.11,,"AWS, Docker, Git, Machine Learning, NLP, NumPy, Pandas, Python, SQL, Scikit-learn"
CAND_1620,0.18,0.0,0.11,,"AWS, Docker, Git, Machine Learning, NLP, NumPy, Pandas, Python, SQL, Scikit-learn"
CAND_1851,0.18,0.0,0.11,,"AWS, Docker, Git, Machine Learning, NLP, NumPy, Pandas, Python, SQL, Scikit-learn"
CAND_1149,0.18,0.0,0.11,,"AWS, Docker, Git, Machine Learning, NLP, NumPy, Pandas, Python, SQL, Scikit-learn"
CAND_1271,0.19,0.0,0.11,,"AWS, Docker, Git, Machine Learning, NLP, NumPy, Pandas, Python, SQL, Scikit-learn"
CAND_822,0.19,0.0,0.11,,"AWS, Docker, Git, Machine Learning, NLP, NumPy, Pandas, Python, SQL, Scikit-learn"
CAND_1906,0.19,0.0,0.11,,"AWS, Docker, Git, Machine Learning, NLP, NumPy, Pandas, Python, SQL, Scikit-learn"
CAND_902,0.19,0.0,0.11,,"AWS, Docker, Git, Machine Learning, NLP, NumPy, Pandas, Python, SQL, Scikit-learn"
CAND_1408,0.19,0.0,0.11,,"AWS, Docker, Git, Machine Learning, NLP, NumPy, Pandas, Python, SQL, Scikit-learn"
CAND_1842,0.18,0.0,0.11,,"AWS, Docker, Git, Machine Learning, NLP, NumPy, Pandas, Python, SQL, Scikit-learn"
CAND_2052,0.19,0.0,0.11,,"AWS, Docker, Git, Machine Learning, NLP, NumPy, Pandas, Python, SQL, Scikit-learn"
CAND_2261,0.18,0.0,0.11,,"AWS, Docker, Git, Machine Learning, NLP, NumPy, Pandas, Python, SQL, Scikit-learn"
CAND_1918,0.19,0.0,0.11,,"AWS, Docker, Git, Machine Learning, NLP, NumPy, Pandas, Python, SQL, Scikit-learn"
CAND_482,0.18,0.0,0.11,,"AWS, Docker, Git, Machine Learning, NLP, NumPy, Pandas, Python, SQL, Scikit-learn"
CAND_537,0.18,0.0,0.11,,"AWS, Docker, Git, Machine Learning, NLP, NumPy, Pandas, Python, SQL, Scikit-learn"
CAND_063,0.18,0.0,0.11,,"AWS, Docker, Git, Machine Learning, NLP, NumPy, Pandas, Python, SQL, Scikit-learn"
CAND_2312,0.19,0.0,0.11,,"AWS, Docker, Git, Machine Learning, NLP, NumPy, Pandas, Python, SQL, Scikit-learn"
CAND_2081,0.18,0.0,0.11,,"AWS, Docker, Git, Machine Learning, NLP, NumPy, Pandas, Python, SQL, Scikit-learn"
CAND_648,0.19,0.0,0.11,,"AWS, Docker, Git, Machine Learning, NLP, NumPy, Pandas, Python, SQL, Scikit-learn"
CAND_1315,0.19,0.0,0.11,,"AWS, Docker, Git, Machine Learning, NLP, NumPy, Pandas, Python, SQL, Scikit-learn"
CAND_649,0.19,0.0,0.11,,"AWS, Docker, Git, Machine Learning, NLP, NumPy, Pandas, Python, SQL, Scikit-learn"
CAND_1557,0.19,0.0,0.11,,"AWS, Docker, Git, Machine Learning, NLP, NumPy, Pandas, Python, SQL, Scikit-learn"
CAND_1322,0.19,0.0,0.11,,"AWS, Docker, Git, Machine Learning, NLP, NumPy, Pandas, Python, SQL, Scikit-learn"
CAND_080,0.18,0.0,0.11,,"AWS, Docker, Git, Machine Learning, NLP, NumPy, Pandas, Python, SQL, Scikit-learn"
CAND_935,0.18,0.0,0.11,,"AWS, Docker, Git, Machine Learning, NLP, NumPy, Pandas, Python, SQL, Scikit-learn"
CAND_1325,0.19,0.0,0.11,,"AWS, Docker, Git, Machine Learning, NLP, NumPy, Pandas, Python, SQL, Scikit-learn"
CAND_1331,0.19,0.0,0.11,,"AWS, Docker, Git, Machine Learning, NLP, NumPy, Pandas, Python, SQL, Scikit-learn"
CAND_1830,0.19,0.0,0.11,,"AWS, Docker, Git, Machine Learning, NLP, NumPy, Pandas, Python, SQL, Scikit-learn"
CAND_1332,0.18,0.0,0.11,,"AWS, Docker, Git, Machine Learning, NLP, NumPy, Pandas, Python, SQL, Scikit-learn"
CAND_075,0.18,0.0,0.11,,"AWS, Docker, Git, Machine Learning, NLP, NumPy, Pandas, Python, SQL, Scikit-learn"
CAND_1888,0.19,0.0,0.11,,"AWS, Docker, Git, Machine Learning, NLP, NumPy, Pandas, Python, SQL, Scikit-learn"
CAND_131,0.19,0.0,0.11,,"AWS, Docker, Git, Machine Learning, NLP, NumPy, Pandas, Python, SQL, Scikit-learn"
CAND_2332,0.19,0.0,0.11,,"AWS, Docker, Git, Machine Learning, NLP, NumPy, Pandas, Python, SQL, Scikit-learn"
CAND_1549,0.19,0.0,0.11,,"AWS, Docker, Git, Machine Learning, NLP, NumPy, Pandas, Python, SQL, Scikit-learn"
CAND_1353,0.18,0.0,0.11,,"AWS, Docker, Git, Machine Learning, NLP, NumPy, Pandas, Python, SQL, Scikit-learn"
CAND_1135,0.18,0.0,0.11,,"AWS, Docker, Git, Machine Learning, NLP, NumPy, Pandas, Python, SQL, Scikit-learn"
CAND_1555,0.19,0.0,0.11,,"AWS, Docker, Git, Machine Learning, NLP, NumPy, Pandas, Python, SQL, Scikit-learn"
CAND_1590,0.19,0.0,0.11,,"AWS, Docker, Git, Machine Learning, NLP, NumPy, Pandas, Python, SQL, Scikit-learn"
CAND_2015,0.19,0.0,0.11,,"AWS, Docker, Git, Machine Learning, NLP, NumPy, Pandas, Python, SQL, Scikit-learn"
CAND_1243,0.18,0.0,0.11,,"AWS, Docker, Git, Machine Learning, NLP, NumPy, Pandas, Python, SQL, Scikit-learn"
CAND_1516,0.19,0.0,0.11,,"AWS, Docker, Git, Machine Learning, NLP, NumPy, Pandas, Python, SQL, Scikit-learn"
CAND_986,0.19,0.0,0.11,,"AWS, Docker, Git, Machine Learning, NLP, NumPy, Pandas, Python, SQL, Scikit-learn"
CAND_025,0.19,0.0,0.11,,"AWS, Docker, Git, Machine Learning, NLP, NumPy, Pandas, Python, SQL, Scikit-learn"
CAND_1509,0.19,0.0,0.11,,"AWS, Docker, Git, Machine Learning, NLP, NumPy, Pandas, Python, SQL, Scikit-learn"
CAND_2174,0.18,0.0,0.11,,"AWS, Docker, Git, Machine Learning, NLP, NumPy, Pandas, Python, SQL, Scikit-learn"
CAND_920,0.19,0.0,0.11,,"AWS, Docker, Git, Machine Learning, NLP, NumPy, Pandas, Python, SQL, Scikit-learn"
CAND_982,0.19,0.0,0.11,,"AWS, Docker, Git, Machine Learning, NLP, NumPy, Pandas, Python, SQL, Scikit-learn"
CAND_2166,0.18,0.0,0.11,,"AWS, Docker, Git, Machine Learning, NLP, NumPy, Pandas, Python, SQL, Scikit-learn"
CAND_1016,0.18,0.0,0.11,,"AWS, Docker, Git, Machine Learning, NLP, NumPy, Pandas, Python, SQL, Scikit-learn"
CAND_926,0.18,0.0,0.11,,"AWS, Docker, Git, Machine Learning, NLP, NumPy, Pandas, Python, SQL, Scikit-learn"
CAND_1230,0.18,0.0,0.11,,"AWS, Docker, Git, Machine Learning, NLP, NumPy, Pandas, Python, SQL, Scikit-learn"
CAND_881,0.19,0.0,0.11,,"AWS, Docker, Git, Machine Learning, NLP, NumPy, Pandas, Python, SQL, Scikit-learn"
CAND_013,0.18,0.0,0.11,,"AWS, Docker, Git, Machine Learning, NLP, NumPy, Pandas, Python, SQL, Scikit-learn"
CAND_2150,0.18,0.0,0.11,,"AWS, Docker, Git, Machine Learning, NLP, NumPy, Pandas, Python, SQL, Scikit-learn"
CAND_922,0.18,0.0,0.11,,"AWS, Docker, Git, Machine Learning, NLP, NumPy, Pandas, Python, SQL, Scikit-learn"
CAND_888,0.18,0.0,0.11,,"AWS, Docker, Git, Machine Learning, NLP, NumPy, Pandas, Python, SQL, Scikit-learn"
CAND_1251,0.19,0.0,0.11,,"AWS, Docker, Git, Machine Learning, NLP, NumPy, Pandas, Python, SQL, Scikit-learn"
CAND_1923,0.18,0.0,0.11,,"AWS, Docker, Git, Machine Learning, NLP, NumPy, Pandas, Python, SQL, Scikit-learn"
CAND_1253,0.18,0.0,0.11,,"AWS, Docker, Git, Machine Learning, NLP, NumPy, Pandas, Python, SQL, Scikit-learn"
CAND_625,0.18,0.0,0.11,,"AWS, Docker, Git, Machine Learning, NLP, NumPy, Pandas, Python, SQL, Scikit-learn"
CAND_1820,0.18,0.0,0.11,,"AWS, Docker, Git, Machine Learning, NLP, NumPy, Pandas, Python, SQL, Scikit-learn"
CAND_2213,0.18,0.0,0.11,,"AWS, Docker, Git, Machine Learning, NLP, NumPy, Pandas, Python, SQL, Scikit-learn"
CAND_1163,0.18,0.0,0.11,,"AWS, Docker, Git, Machine Learning, NLP, NumPy, Pandas, Python, SQL, Scikit-learn"
CAND_1027,0.19,0.0,0.11,,"AWS, Docker, Git, Machine Learning, NLP, NumPy, Pandas, Python, SQL, Scikit-learn"
CAND_961,0.18,0.0,0.11,,"AWS, Docker, Git, Machine Learning, NLP, NumPy, Pandas, Python, SQL, Scikit-learn"
CAND_1816,0.19,0.0,0.11,,"AWS, Docker, Git, Machine Learning, NLP, NumPy, Pandas, Python, SQL, Scikit-learn"
CAND_665,0.18,0.0,0.11,,"AWS, Docker, Git, Machine Learning, NLP, NumPy, Pandas, Python, SQL, Scikit-learn"
CAND_2249,0.18,0.0,0.11,,"AWS, Docker, Git, Machine Learning, NLP, NumPy, Pandas, Python, SQL, Scikit-learn"
CAND_1626,0.18,0.0,0.11,,"AWS, Docker, Git, Machine Learning, NLP, NumPy, Pandas, Python, SQL, Scikit-learn"
CAND_514,0.17,0.0,0.1,,"AWS, Docker, Git, Machine Learning, NLP, NumPy, Pandas, Python, SQL, Scikit-learn"
CAND_2427,0.16,0.0,0.1,,"AWS, Docker, Git, Machine Learning, NLP, NumPy, Pandas, Python, SQL, Scikit-learn"
CAND_085,0.16,0.0,0.1,,"AWS, Docker, Git, Machine Learning, NLP, NumPy, Pandas, Python, SQL, Scikit-learn"
CAND_2036,0.16,0.0,0.1,,"AWS, Docker, Git, Machine Learning, NLP, NumPy, Pandas, Python, SQL, Scikit-learn"
CAND_089,0.16,0.0,0.1,,"AWS, Docker, Git, Machine Learning, NLP, NumPy, Pandas, Python, SQL, Scikit-learn"
CAND_1837,0.17,0.0,0.1,,"AWS, Docker, Git, Machine Learning, NLP, NumPy, Pandas, Python, SQL, Scikit-learn"
CAND_2454,0.17,0.0,0.1,,"AWS, Docker, Git, Machine Learning, NLP, NumPy, Pandas, Python, SQL, Scikit-learn"
CAND_1852,0.16,0.0,0.1,,"AWS, Docker, Git, Machine Learning, NLP, NumPy, Pandas, Python, SQL, Scikit-learn"
CAND_019,0.16,0.0,0.1,,"AWS, Docker, Git, Machine Learning, NLP, NumPy, Pandas, Python, SQL, Scikit-learn"
CAND_017,0.16,0.0,0.1,,"AWS, Docker, Git, Machine Learning, NLP, NumPy, Pandas, Python, SQL, Scikit-learn"
CAND_2416,0.16,0.0,0.1,,"AWS, Docker, Git, Machine Learning, NLP, NumPy, Pandas, Python, SQL, Scikit-learn"
CAND_1865,0.17,0.0,0.1,,"AWS, Docker, Git, Machine Learning, NLP, NumPy, Pandas, Python, SQL, Scikit-learn"
CAND_2051,0.16,0.0,0.1,,"AWS, Docker, Git, Machine Learning, NLP, NumPy, Pandas, Python, SQL, Scikit-learn"
CAND_674,0.16,0.0,0.1,,"AWS, Docker, Git, Machine Learning, NLP, NumPy, Pandas, Python, SQL, Scikit-learn"
CAND_666,0.17,0.0,0.1,,"AWS, Docker, Git, Machine Learning, NLP, NumPy, Pandas, Python, SQL, Scikit-learn"
CAND_2419,0.17,0.0,0.1,,"AWS, Docker, Git, Machine Learning, NLP, NumPy, Pandas, Python, SQL, Scikit-learn"
CAND_057,0.16,0.0,0.1,,"AWS, Docker, Git, Machine Learning, NLP, NumPy, Pandas, Python, SQL, Scikit-learn"
CAND_2021,0.17,0.0,0.1,,"AWS, Docker, Git, Machine Learning, NLP, NumPy, Pandas, Python, SQL, Scikit-learn"
CAND_502,0.17,0.0,0.1,,"AWS, Docker, Git, Machine Learning, NLP, NumPy, Pandas, Python, SQL, Scikit-learn"
CAND_029,0.16,0.0,0.1,,"AWS, Docker, Git, Machine Learning, NLP, NumPy, Pandas, Python, SQL, Scikit-learn"
CAND_458,0.16,0.0,0.1,,"AWS, Docker, Git, Machine Learning, NLP, NumPy, Pandas, Python, SQL, Scikit-learn"
CAND_094,0.16,0.0,0.1,,"AWS, Docker, Git, Machine Learning, NLP, NumPy, Pandas, Python, SQL, Scikit-learn"
CAND_1952,0.16,0.0,0.1,,"AWS, Docker, Git, Machine Learning, NLP, NumPy, Pandas, Python, SQL, Scikit-learn"
CAND_479,0.17,0.0,0.1,,"AWS, Docker, Git, Machine Learning, NLP, NumPy, Pandas, Python, SQL, Scikit-learn"
CAND_567,0.16,0.0,0.1,,"AWS, Docker, Git, Machine Learning, NLP, NumPy, Pandas, Python, SQL, Scikit-learn"
CAND_627,0.16,0.0,0.1,,"AWS, Docker, Git, Machine Learning, NLP, NumPy, Pandas, Python, SQL, Scikit-learn"
CAND_1935,0.17,0.0,0.1,,"AWS, Docker, Git, Machine Learning, NLP, NumPy, Pandas, Python, SQL, Scikit-learn"
CAND_2223,0.16,0.0,0.1,,"AWS, Docker, Git, Machine Learning, NLP, NumPy, Pandas, Python, SQL, Scikit-learn"
CAND_570,0.16,0.0,0.1,,"AWS, Docker, Git, Machine Learning, NLP, NumPy, Pandas, Python, SQL, Scikit-learn"
CAND_318,0.16,0.0,0.1,,"AWS, Docker, Git, Machine Learning, NLP, NumPy, Pandas, Python, SQL, Scikit-learn"
CAND_2205,0.16,0.0,0.1,,"AWS, Docker, Git, Machine Learning, NLP, NumPy, Pandas, Python, SQL, Scikit-learn"
CAND_2193,0.16,0.0,0.1,,"AWS, Docker, Git, Machine Learning, NLP, NumPy, Pandas, Python, SQL, Scikit-learn"
CAND_2183,0.16,0.0,0.1,,"AWS, Docker, Git, Machine Learning, NLP, NumPy, Pandas, Python, SQL, Scikit-learn"
CAND_425,0.16,0.0,0.1,,"AWS, Docker, Git, Machine Learning, NLP, NumPy, Pandas, Python, SQL, Scikit-learn"
CAND_634,0.17,0.0,0.1,,"AWS, Docker, Git, Machine Learning, NLP, NumPy, Pandas, Python, SQL, Scikit-learn"
CAND_609,0.16,0.0,0.1,,"AWS, Docker, Git, Machine Learning, NLP, NumPy, Pandas, Python, SQL, Scikit-learn"
CAND_2158,0.17,0.0,0.1,,"AWS, Docker, Git, Machine Learning, NLP, NumPy, Pandas, Python, SQL, Scikit-learn"
CAND_428,0.17,0.0,0.1,,"AWS, Docker, Git, Machine Learning, NLP, NumPy, Pandas, Python, SQL, Scikit-learn"
CAND_465,0.16,0.0,0.1,,"AWS, Docker, Git, Machine Learning, NLP, NumPy, Pandas, Python, SQL, Scikit-learn"
CAND_597,0.17,0.0,0.1,,"AWS, Docker, Git, Machine Learning, NLP, NumPy, Pandas, Python, SQL, Scikit-learn"
CAND_595,0.17,0.0,0.1,,"AWS, Docker, Git, Machine Learning, NLP, NumPy, Pandas, Python, SQL, Scikit-learn"
CAND_592,0.17,0.0,0.1,,"AWS, Docker, Git, Machine Learning, NLP, NumPy, Pandas, Python, SQL, Scikit-learn"
CAND_430,0.17,0.0,0.1,,"AWS, Docker, Git, Machine Learning, NLP, NumPy, Pandas, Python, SQL, Scikit-learn"
CAND_442,0.17,0.0,0.1,,"AWS, Docker, Git, Machine Learning, NLP, NumPy, Pandas, Python, SQL, Scikit-learn"
CAND_587,0.17,0.0,0.1,,"AWS, Docker, Git, Machine Learning, NLP, NumPy, Pandas, Python, SQL, Scikit-learn"
CAND_2247,0.17,0.0,0.1,,"AWS, Docker, Git, Machine Learning, NLP, NumPy, Pandas, Python, SQL, Scikit-learn"
CAND_640,0.16,0.0,0.1,,"AWS, Docker, Git, Machine Learning, NLP, NumPy, Pandas, Python, SQL, Scikit-learn"
CAND_2075,0.17,0.0,0.1,,"AWS, Docker, Git, Machine Learning, NLP, NumPy, Pandas, Python, SQL, Scikit-learn"
CAND_187,0.17,0.0,0.1,,"AWS, Docker, Git, Machine Learning, NLP, NumPy, Pandas, Python, SQL, Scikit-learn"
CAND_098,0.17,0.0,0.1,,"AWS, Docker, Git, Machine Learning, NLP, NumPy, Pandas, Python, SQL, Scikit-learn"
CAND_099,0.17,0.0,0.1,,"AWS, Docker, Git, Machine Learning, NLP, NumPy, Pandas, Python, SQL, Scikit-learn"
CAND_499,0.16,0.0,0.1,,"AWS, Docker, Git, Machine Learning, NLP, NumPy, Pandas, Python, SQL, Scikit-learn"
CAND_100,0.17,0.0,0.1,,"AWS, Docker, Git, Machine Learning, NLP, NumPy, Pandas, Python, SQL, Scikit-learn"
CAND_101,0.17,0.0,0.1,,"AWS, Docker, Git, Machine Learning, NLP, NumPy, Pandas, Python, SQL, Scikit-learn"
CAND_1886,0.17,0.0,0.1,,"AWS, Docker, Git, Machine Learning, NLP, NumPy, Pandas, Python, SQL, Scikit-learn"
CAND_110,0.17,0.0,0.1,,"AWS, Docker, Git, Machine Learning, NLP, NumPy, Pandas, Python, SQL, Scikit-learn"
CAND_2321,0.16,0.0,0.1,,"AWS, Docker, Git, Machine Learning, NLP, NumPy, Pandas, Python, SQL, Scikit-learn"
CAND_695,0.16,0.0,0.1,,"AWS, Docker, Git, Machine Learning, NLP, NumPy, Pandas, Python, SQL, Scikit-learn"
CAND_163,0.16,0.0,0.1,,"AWS, Docker, Git, Machine Learning, NLP, NumPy, Pandas, Python, SQL, Scikit-learn"
CAND_2090,0.17,0.0,0.1,,"AWS, Docker, Git, Machine Learning, NLP, NumPy, Pandas, Python, SQL, Scikit-learn"
CAND_2255,0.16,0.0,0.1,,"AWS, Docker, Git, Machine Learning, NLP, NumPy, Pandas, Python, SQL, Scikit-learn"
CAND_1902,0.16,0.0,0.1,,"AWS, Docker, Git, Machine Learning, NLP, NumPy, Pandas, Python, SQL, Scikit-learn"
CAND_557,0.17,0.0,0.1,,"AWS, Docker, Git, Machine Learning, NLP, NumPy, Pandas, Python, SQL, Scikit-learn"
CAND_216,0.17,0.0,0.1,,"AWS, Docker, Git, Machine Learning, NLP, NumPy, Pandas, Python, SQL, Scikit-learn"
CAND_2097,0.16,0.0,0.1,,"AWS, Docker, Git, Machine Learning, NLP, NumPy, Pandas, Python, SQL, Scikit-learn"
CAND_2274,0.16,0.0,0.1,,"AWS, Docker, Git, Machine Learning, NLP, NumPy, Pandas, Python, SQL, Scikit-learn"
CAND_1909,0.16,0.0,0.1,,"AWS, Docker, Git, Machine Learning, NLP, NumPy, Pandas, Python, SQL, Scikit-learn"
CAND_1911,0.16,0.0,0.1,,"AWS, Docker, Git, Machine Learning, NLP, NumPy, Pandas, Python, SQL, Scikit-learn"
CAND_262,0.16,0.0,0.1,,"AWS, Docker, Git, Machine Learning, NLP, NumPy, Pandas, Python, SQL, Scikit-learn"
CAND_2031,0.16,0.0,0.1,,"AWS, Docker, Git, Machine Learning, NLP, NumPy, Pandas, Python, SQL, Scikit-learn"
CAND_1925,0.16,0.0,0.1,,"AWS, Docker, Git, Machine Learning, NLP, NumPy, Pandas, Python, SQL, Scikit-learn"
CAND_2317,0.16,0.0,0.1,,"AWS, Docker, Git, Machine Learning, NLP, NumPy, Pandas, Python, SQL, Scikit-learn"
CAND_001,0.16,0.0,0.1,,"AWS, Docker, Git, Machine Learning, NLP, NumPy, Pandas, Python, SQL, Scikit-learn"
CAND_1161,0.16,0.0,0.1,,"AWS, Docker, Git, Machine Learning, NLP, NumPy, Pandas, Python, SQL, Scikit-learn"
CAND_1039,0.17,0.0,0.1,,"AWS, Docker, Git, Machine Learning, NLP, NumPy, Pandas, Python, SQL, Scikit-learn"
CAND_1175,0.16,0.0,0.1,,"AWS, Docker, Git, Machine Learning, NLP, NumPy, Pandas, Python, SQL, Scikit-learn"
CAND_1241,0.16,0.0,0.1,,"AWS, Docker, Git, Machine Learning, NLP, NumPy, Pandas, Python, SQL, Scikit-learn"
CAND_1495,0.16,0.0,0.1,,"AWS, Docker, Git, Machine Learning, NLP, NumPy, Pandas, Python, SQL, Scikit-learn"
CAND_740,0.16,0.0,0.1,,"AWS, Docker, Git, Machine Learning, NLP, NumPy, Pandas, Python, SQL, Scikit-learn"
CAND_741,0.16,0.0,0.1,,"AWS, Docker, Git, Machine Learning, NLP, NumPy, Pandas, Python, SQL, Scikit-learn"
CAND_1164,0.16,0.0,0.1,,"AWS, Docker, Git, Machine Learning, NLP, NumPy, Pandas, Python, SQL, Scikit-learn"
CAND_991,0.16,0.0,0.1,,"AWS, Docker, Git, Machine Learning, NLP, NumPy, Pandas, Python, SQL, Scikit-learn"
CAND_1631,0.16,0.0,0.1,,"AWS, Docker, Git, Machine Learning, NLP, NumPy, Pandas, Python, SQL, Scikit-learn"
CAND_1645,0.16,0.0,0.1,,"AWS, Docker, Git, Machine Learning, NLP, NumPy, Pandas, Python, SQL, Scikit-learn"
CAND_1435,0.16,0.0,0.1,,"AWS, Docker, Git, Machine Learning, NLP, NumPy, Pandas, Python, SQL, Scikit-learn"
CAND_1410,0.17,0.0,0.1,,"AWS, Docker, Git, Machine Learning, NLP, NumPy, Pandas, Python, SQL, Scikit-learn"
CAND_967,0.17,0.0,0.1,,"AWS, Docker, Git, Machine Learning, NLP, NumPy, Pandas, Python, SQL, Scikit-learn"
CAND_1397,0.17,0.0,0.1,,"AWS, Docker, Git, Machine Learning, NLP, NumPy, Pandas, Python, SQL, Scikit-learn"
CAND_1395,0.16,0.0,0.1,,"AWS, Docker, Git, Machine Learning, NLP, NumPy, Pandas, Python, SQL, Scikit-learn"
CAND_1049,0.17,0.0,0.1,,"AWS, Docker, Git, Machine Learning, NLP, NumPy, Pandas, Python, SQL, Scikit-learn"
CAND_1382,0.16,0.0,0.1,,"AWS, Docker, Git, Machine Learning, NLP, NumPy, Pandas, Python, SQL, Scikit-learn"
CAND_848,0.16,0.0,0.1,,"AWS, Docker, Git, Machine Learning, NLP, NumPy, Pandas, Python, SQL, Scikit-learn"
CAND_1321,0.16,0.0,0.1,,"AWS, Docker, Git, Machine Learning, NLP, NumPy, Pandas, Python, SQL, Scikit-learn"
CAND_1074,0.17,0.0,0.1,,"AWS, Docker, Git, Machine Learning, NLP, NumPy, Pandas, Python, SQL, Scikit-learn"
CAND_1099,0.16,0.0,0.1,,"AWS, Docker, Git, Machine Learning, NLP, NumPy, Pandas, Python, SQL, Scikit-learn"
CAND_1338,0.17,0.0,0.1,,"AWS, Docker, Git, Machine Learning, NLP, NumPy, Pandas, Python, SQL, Scikit-learn"
CAND_1078,0.17,0.0,0.1,,"AWS, Docker, Git, Machine Learning, NLP, NumPy, Pandas, Python, SQL, Scikit-learn"
CAND_1514,0.17,0.0,0.1,,"AWS, Docker, Git, Machine Learning, NLP, NumPy, Pandas, Python, SQL, Scikit-learn"
CAND_798,0.17,0.0,0.1,,"AWS, Docker, Git, Machine Learning, NLP, NumPy, Pandas, Python, SQL, Scikit-learn"
CAND_734,0.17,0.0,0.1,,"AWS, Docker, Git, Machine Learning, NLP, NumPy, Pandas, Python, SQL, Scikit-learn"
CAND_710,0.17,0.0,0.1,,"AWS, Docker, Git, Machine Learning, NLP, NumPy, Pandas, Python, SQL, Scikit-learn"
CAND_1217,0.16,0.0,0.1,,"AWS, Docker, Git, Machine Learning, NLP, NumPy, Pandas, Python, SQL, Scikit-learn"
CAND_1570,0.16,0.0,0.1,,"AWS, Docker, Git, Machine Learning, NLP, NumPy, Pandas, Python, SQL, Scikit-learn"
CAND_726,0.17,0.0,0.1,,"AWS, Docker, Git, Machine Learning, NLP, NumPy, Pandas, Python, SQL, Scikit-learn"
CAND_713,0.16,0.0,0.1,,"AWS, Docker, Git, Machine Learning, NLP, NumPy, Pandas, Python, SQL, Scikit-learn"
CAND_1551,0.17,0.0,0.1,,"AWS, Docker, Git, Machine Learning, NLP, NumPy, Pandas, Python, SQL, Scikit-learn"
CAND_1540,0.16,0.0,0.1,,"AWS, Docker, Git, Machine Learning, NLP, NumPy, Pandas, Python, SQL, Scikit-learn"
CAND_1216,0.16,0.0,0.1,,"AWS, Docker, Git, Machine Learning, NLP, NumPy, Pandas, Python, SQL, Scikit-learn"
CAND_1539,0.16,0.0,0.1,,"AWS, Docker, Git, Machine Learning, NLP, NumPy, Pandas, Python, SQL, Scikit-learn"
CAND_1213,0.16,0.0,0.1,,"AWS, Docker, Git, Machine Learning, NLP, NumPy, Pandas, Python, SQL, Scikit-learn"
CAND_931,0.16,0.0,0.1,,"AWS, Docker, Git, Machine Learning, NLP, NumPy, Pandas, Python, SQL, Scikit-learn"
CAND_936,0.16,0.0,0.1,,"AWS, Docker, Git, Machine Learning, NLP, NumPy, Pandas, Python, SQL, Scikit-learn"
CAND_1553,0.17,0.0,0.1,,"AWS, Docker, Git, Machine Learning, NLP, NumPy, Pandas, Python, SQL, Scikit-learn"
CAND_1530,0.16,0.0,0.1,,"AWS, Docker, Git, Machine Learning, NLP, NumPy, Pandas, Python, SQL, Scikit-learn"
CAND_832,0.15,0.0,0.09,,"AWS, Docker, Git, Machine Learning, NLP, NumPy, Pandas, Python, SQL, Scikit-learn"
CAND_495,0.15,0.0,0.09,,"AWS, Docker, Git, Machine Learning, NLP, NumPy, Pandas, Python, SQL, Scikit-learn"
CAND_1418,0.15,0.0,0.09,,"AWS, Docker, Git, Machine Learning, NLP, NumPy, Pandas, Python, SQL, Scikit-learn"
CAND_2053,0.15,0.0,0.09,,"AWS, Docker, Git, Machine Learning, NLP, NumPy, Pandas, Python, SQL, Scikit-learn"
CAND_138,0.15,0.0,0.09,,"AWS, Docker, Git, Machine Learning, NLP, NumPy, Pandas, Python, SQL, Scikit-learn"
CAND_151,0.15,0.0,0.09,,"AWS, Docker, Git, Machine Learning, NLP, NumPy, Pandas, Python, SQL, Scikit-learn"
CAND_2085,0.15,0.0,0.09,,"AWS, Docker, Git, Machine Learning, NLP, NumPy, Pandas, Python, SQL, Scikit-learn"
CAND_1689,0.15,0.0,0.09,,"AWS, Docker, Git, Machine Learning, NLP, NumPy, Pandas, Python, SQL, Scikit-learn"
CAND_1919,0.15,0.0,0.09,,"AWS, Docker, Git, Machine Learning, NLP, NumPy, Pandas, Python, SQL, Scikit-learn"
CAND_1920,0.15,0.0,0.09,,"AWS, Docker, Git, Machine Learning, NLP, NumPy, Pandas, Python, SQL, Scikit-learn"
CAND_1916,0.15,0.0,0.09,,"AWS, Docker, Git, Machine Learning, NLP, NumPy, Pandas, Python, SQL, Scikit-learn"
CAND_1076,0.15,0.0,0.09,,"AWS, Docker, Git, Machine Learning, NLP, NumPy, Pandas, Python, SQL, Scikit-learn"
CAND_2294,0.15,0.0,0.09,,"AWS, Docker, Git, Machine Learning, NLP, NumPy, Pandas, Python, SQL, Scikit-learn"
CAND_181,0.15,0.0,0.09,,"AWS, Docker, Git, Machine Learning, NLP, NumPy, Pandas, Python, SQL, Scikit-learn"
CAND_2253,0.15,0.0,0.09,,"AWS, Docker, Git, Machine Learning, NLP, NumPy, Pandas, Python, SQL, Scikit-learn"
CAND_1073,0.15,0.0,0.09,,"AWS, Docker, Git, Machine Learning, NLP, NumPy, Pandas, Python, SQL, Scikit-learn"
CAND_1900,0.15,0.0,0.09,,"AWS, Docker, Git, Machine Learning, NLP, NumPy, Pandas, Python, SQL, Scikit-learn"
CAND_1676,0.15,0.0,0.09,,"AWS, Docker, Git, Machine Learning, NLP, NumPy, Pandas, Python, SQL, Scikit-learn"
CAND_2240,0.15,0.0,0.09,,"AWS, Docker, Git, Machine Learning, NLP, NumPy, Pandas, Python, SQL, Scikit-learn"
CAND_272,0.15,0.0,0.09,,"AWS, Docker, Git, Machine Learning, NLP, NumPy, Pandas, Python, SQL, Scikit-learn"
CAND_1945,0.15,0.0,0.09,,"AWS, Docker, Git, Machine Learning, NLP, NumPy, Pandas, Python, SQL, Scikit-learn"
CAND_470,0.15,0.0,0.09,,"AWS, Docker, Git, Machine Learning, NLP, NumPy, Pandas, Python, SQL, Scikit-learn"
CAND_1588,0.15,0.0,0.09,,"AWS, Docker, Git, Machine Learning, NLP, NumPy, Pandas, Python, SQL, Scikit-learn"
CAND_532,0.15,0.0,0.09,,"AWS, Docker, Git, Machine Learning, NLP, NumPy, Pandas, Python, SQL, Scikit-learn"
CAND_973,0.15,0.0,0.09,,"AWS, Docker, Git, Machine Learning, NLP, NumPy, Pandas, Python, SQL, Scikit-learn"
CAND_446,0.15,0.0,0.09,,"AWS, Docker, Git, Machine Learning, NLP, NumPy, Pandas, Python, SQL, Scikit-learn"
CAND_910,0.15,0.0,0.09,,"AWS, Docker, Git, Machine Learning, NLP, NumPy, Pandas, Python, SQL, Scikit-learn"
CAND_2144,0.15,0.0,0.09,,"AWS, Docker, Git, Machine Learning, NLP, NumPy, Pandas, Python, SQL, Scikit-learn"
CAND_2043,0.15,0.0,0.09,,"AWS, Docker, Git, Machine Learning, NLP, NumPy, Pandas, Python, SQL, Scikit-learn"
CAND_1534,0.15,0.0,0.09,,"AWS, Docker, Git, Machine Learning, NLP, NumPy, Pandas, Python, SQL, Scikit-learn"
CAND_924,0.15,0.0,0.09,,"AWS, Docker, Git, Machine Learning, NLP, NumPy, Pandas, Python, SQL, Scikit-learn"
CAND_1485,0.15,0.0,0.09,,"AWS, Docker, Git, Machine Learning, NLP, NumPy, Pandas, Python, SQL, Scikit-learn"
CAND_2005,0.15,0.0,0.09,,"AWS, Docker, Git, Machine Learning, NLP, NumPy, Pandas, Python, SQL, Scikit-learn"
CAND_424,0.15,0.0,0.09,,"AWS, Docker, Git, Machine Learning, NLP, NumPy, Pandas, Python, SQL, Scikit-learn"
CAND_1087,0.15,0.0,0.09,,"AWS, Docker, Git, Machine Learning, NLP, NumPy, Pandas, Python, SQL, Scikit-learn"
CAND_558,0.15,0.0,0.09,,"AWS, Docker, Git, Machine Learning, NLP, NumPy, Pandas, Python, SQL, Scikit-learn"
CAND_1996,0.15,0.0,0.09,,"AWS, Docker, Git, Machine Learning, NLP, NumPy, Pandas, Python, SQL, Scikit-learn"
CAND_486,0.15,0.0,0.09,,"AWS, Docker, Git, Machine Learning, NLP, NumPy, Pandas, Python, SQL, Scikit-learn"
CAND_568,0.15,0.0,0.09,,"AWS, Docker, Git, Machine Learning, NLP, NumPy, Pandas, Python, SQL, Scikit-learn"
CAND_491,0.15,0.0,0.09,,"AWS, Docker, Git, Machine Learning, NLP, NumPy, Pandas, Python, SQL, Scikit-learn"
CAND_1640,0.15,0.0,0.09,,"AWS, Docker, Git, Machine Learning, NLP, NumPy, Pandas, Python, SQL, Scikit-learn"
CAND_589,0.15,0.0,0.09,,"AWS, Docker, Git, Machine Learning, NLP, NumPy, Pandas, Python, SQL, Scikit-learn"
CAND_1656,0.15,0.0,0.09,,"AWS, Docker, Git, Machine Learning, NLP, NumPy, Pandas, Python, SQL, Scikit-learn"
CAND_1955,0.15,0.0,0.09,,"AWS, Docker, Git, Machine Learning, NLP, NumPy, Pandas, Python, SQL, Scikit-learn"
CAND_612,0.15,0.0,0.09,,"AWS, Docker, Git, Machine Learning, NLP, NumPy, Pandas, Python, SQL, Scikit-learn"
CAND_1528,0.15,0.0,0.09,,"AWS, Docker, Git, Machine Learning, NLP, NumPy, Pandas, Python, SQL, Scikit-learn"
CAND_1210,0.15,0.0,0.09,,"AWS, Docker, Git, Machine Learning, NLP, NumPy, Pandas, Python, SQL, Scikit-learn"
CAND_2069,0.15,0.0,0.09,,"AWS, Docker, Git, Machine Learning, NLP, NumPy, Pandas, Python, SQL, Scikit-learn"
CAND_055,0.15,0.0,0.09,,"AWS, Docker, Git, Machine Learning, NLP, NumPy, Pandas, Python, SQL, Scikit-learn"
CAND_709,0.15,0.0,0.09,,"AWS, Docker, Git, Machine Learning, NLP, NumPy, Pandas, Python, SQL, Scikit-learn"
CAND_766,0.15,0.0,0.09,,"AWS, Docker, Git, Machine Learning, NLP, NumPy, Pandas, Python, SQL, Scikit-learn"
CAND_007,0.15,0.0,0.09,,"AWS, Docker, Git, Machine Learning, NLP, NumPy, Pandas, Python, SQL, Scikit-learn"
CAND_1201,0.15,0.0,0.09,,"AWS, Docker, Git, Machine Learning, NLP, NumPy, Pandas, Python, SQL, Scikit-learn"
CAND_1818,0.15,0.0,0.09,,"AWS, Docker, Git, Machine Learning, NLP, NumPy, Pandas, Python, SQL, Scikit-learn"
CAND_1323,0.15,0.0,0.09,,"AWS, Docker, Git, Machine Learning, NLP, NumPy, Pandas, Python, SQL, Scikit-learn"
CAND_1285,0.15,0.0,0.09,,"AWS, Docker, Git, Machine Learning, NLP, NumPy, Pandas, Python, SQL, Scikit-learn"
CAND_2370,0.15,0.0,0.09,,"AWS, Docker, Git, Machine Learning, NLP, NumPy, Pandas, Python, SQL, Scikit-learn"
CAND_1284,0.15,0.0,0.09,,"AWS, Docker, Git, Machine Learning, NLP, NumPy, Pandas, Python, SQL, Scikit-learn"
CAND_011,0.15,0.0,0.09,,"AWS, Docker, Git, Machine Learning, NLP, NumPy, Pandas, Python, SQL, Scikit-learn"
CAND_658,0.15,0.0,0.09,,"AWS, Docker, Git, Machine Learning, NLP, NumPy, Pandas, Python, SQL, Scikit-learn"
CAND_767,0.15,0.0,0.09,,"AWS, Docker, Git, Machine Learning, NLP, NumPy, Pandas, Python, SQL, Scikit-learn"
CAND_1193,0.15,0.0,0.09,,"AWS, Docker, Git, Machine Learning, NLP, NumPy, Pandas, Python, SQL, Scikit-learn"
CAND_2461,0.15,0.0,0.09,,"AWS, Docker, Git, Machine Learning, NLP, NumPy, Pandas, Python, SQL, Scikit-learn"
CAND_024,0.15,0.0,0.09,,"AWS, Docker, Git, Machine Learning, NLP, NumPy, Pandas, Python, SQL, Scikit-learn"
CAND_1823,0.15,0.0,0.09,,"AWS, Docker, Git, Machine Learning, NLP, NumPy, Pandas, Python, SQL, Scikit-learn"
CAND_1246,0.15,0.0,0.09,,"AWS, Docker, Git, Machine Learning, NLP, NumPy, Pandas, Python, SQL, Scikit-learn"
CAND_1255,0.15,0.0,0.09,,"AWS, Docker, Git, Machine Learning, NLP, NumPy, Pandas, Python, SQL, Scikit-learn"
CAND_2233,0.14,0.0,0.08,,"AWS, Docker, Git, Machine Learning, NLP, NumPy, Pandas, Python, SQL, Scikit-learn"
CAND_014,0.13,0.0,0.08,,"AWS, Docker, Git, Machine Learning, NLP, NumPy, Pandas, Python, SQL, Scikit-learn"
CAND_2206,0.14,0.0,0.08,,"AWS, Docker, Git, Machine Learning, NLP, NumPy, Pandas, Python, SQL, Scikit-learn"
CAND_1651,0.13,0.0,0.08,,"AWS, Docker, Git, Machine Learning, NLP, NumPy, Pandas, Python, SQL, Scikit-learn"
CAND_596,0.13,0.0,0.08,,"AWS, Docker, Git, Machine Learning, NLP, NumPy, Pandas, Python, SQL, Scikit-learn"
CAND_2207,0.13,0.0,0.08,,"AWS, Docker, Git, Machine Learning, NLP, NumPy, Pandas, Python, SQL, Scikit-learn"
CAND_286,0.13,0.0,0.08,,"AWS, Docker, Git, Machine Learning, NLP, NumPy, Pandas, Python, SQL, Scikit-learn"
CAND_323,0.13,0.0,0.08,,"AWS, Docker, Git, Machine Learning, NLP, NumPy, Pandas, Python, SQL, Scikit-learn"
CAND_872,0.14,0.0,0.08,,"AWS, Docker, Git, Machine Learning, NLP, NumPy, Pandas, Python, SQL, Scikit-learn"
CAND_1967,0.14,0.0,0.08,,"AWS, Docker, Git, Machine Learning, NLP, NumPy, Pandas, Python, SQL, Scikit-learn"
CAND_1445,0.14,0.0,0.08,,"AWS, Docker, Git, Machine Learning, NLP, NumPy, Pandas, Python, SQL, Scikit-learn"
CAND_2216,0.13,0.0,0.08,,"AWS, Docker, Git, Machine Learning, NLP, NumPy, Pandas, Python, SQL, Scikit-learn"
CAND_1586,0.13,0.0,0.08,,"AWS, Docker, Git, Machine Learning, NLP, NumPy, Pandas, Python, SQL, Scikit-learn"
CAND_293,0.14,0.0,0.08,,"AWS, Docker, Git, Machine Learning, NLP, NumPy, Pandas, Python, SQL, Scikit-learn"
CAND_604,0.13,0.0,0.08,,"AWS, Docker, Git, Machine Learning, NLP, NumPy, Pandas, Python, SQL, Scikit-learn"
CAND_1524,0.13,0.0,0.08,,"AWS, Docker, Git, Machine Learning, NLP, NumPy, Pandas, Python, SQL, Scikit-learn"
CAND_2038,0.14,0.0,0.08,,"AWS, Docker, Git, Machine Learning, NLP, NumPy, Pandas, Python, SQL, Scikit-learn"
CAND_2039,0.14,0.0,0.08,,"AWS, Docker, Git, Machine Learning, NLP, NumPy, Pandas, Python, SQL, Scikit-learn"
CAND_962,0.14,0.0,0.08,,"AWS, Docker, Git, Machine Learning, NLP, NumPy, Pandas, Python, SQL, Scikit-learn"
CAND_261,0.14,0.0,0.08,,"AWS, Docker, Git, Machine Learning, NLP, NumPy, Pandas, Python, SQL, Scikit-learn"
CAND_1015,0.13,0.0,0.08,,"AWS, Docker, Git, Machine Learning, NLP, NumPy, Pandas, Python, SQL, Scikit-learn"
CAND_387,0.14,0.0,0.08,,"AWS, Docker, Git, Machine Learning, NLP, NumPy, Pandas, Python, SQL, Scikit-learn"
CAND_1824,0.14,0.0,0.08,,"AWS, Docker, Git, Machine Learning, NLP, NumPy, Pandas, Python, SQL, Scikit-learn"
CAND_1490,0.13,0.0,0.08,,"AWS, Docker, Git, Machine Learning, NLP, NumPy, Pandas, Python, SQL, Scikit-learn"
CAND_2141,0.14,0.0,0.08,,"AWS, Docker, Git, Machine Learning, NLP, NumPy, Pandas, Python, SQL, Scikit-learn"
CAND_2449,0.14,0.0,0.08,,"AWS, Docker, Git, Machine Learning, NLP, NumPy, Pandas, Python, SQL, Scikit-learn"
CAND_1612,0.13,0.0,0.08,,"AWS, Docker, Git, Machine Learning, NLP, NumPy, Pandas, Python, SQL, Scikit-learn"
CAND_2160,0.13,0.0,0.08,,"AWS, Docker, Git, Machine Learning, NLP, NumPy, Pandas, Python, SQL, Scikit-learn"
CAND_1477,0.13,0.0,0.08,,"AWS, Docker, Git, Machine Learning, NLP, NumPy, Pandas, Python, SQL, Scikit-learn"
CAND_1619,0.13,0.0,0.08,,"AWS, Docker, Git, Machine Learning, NLP, NumPy, Pandas, Python, SQL, Scikit-learn"
CAND_2173,0.14,0.0,0.08,,"AWS, Docker, Git, Machine Learning, NLP, NumPy, Pandas, Python, SQL, Scikit-learn"
CAND_1836,0.14,0.0,0.08,,"AWS, Docker, Git, Machine Learning, NLP, NumPy, Pandas, Python, SQL, Scikit-learn"
CAND_528,0.14,0.0,0.08,,"AWS, Docker, Git, Machine Learning, NLP, NumPy, Pandas, Python, SQL, Scikit-learn"
CAND_2421,0.14,0.0,0.08,,"AWS, Docker, Git, Machine Learning, NLP, NumPy, Pandas, Python, SQL, Scikit-learn"
CAND_394,0.14,0.0,0.08,,"AWS, Docker, Git, Machine Learning, NLP, NumPy, Pandas, Python, SQL, Scikit-learn"
CAND_1264,0.14,0.0,0.08,,"AWS, Docker, Git, Machine Learning, NLP, NumPy, Pandas, Python, SQL, Scikit-learn"
CAND_1510,0.14,0.0,0.08,,"AWS, Docker, Git, Machine Learning, NLP, NumPy, Pandas, Python, SQL, Scikit-learn"
CAND_2025,0.14,0.0,0.08,,"AWS, Docker, Git, Machine Learning, NLP, NumPy, Pandas, Python, SQL, Scikit-learn"
CAND_1630,0.14,0.0,0.08,,"AWS, Docker, Git, Machine Learning, NLP, NumPy, Pandas, Python, SQL, Scikit-learn"
CAND_1151,0.14,0.0,0.08,,"AWS, Docker, Git, Machine Learning, NLP, NumPy, Pandas, Python, SQL, Scikit-learn"
CAND_525,0.14,0.0,0.08,,"AWS, Docker, Git, Machine Learning, NLP, NumPy, Pandas, Python, SQL, Scikit-learn"
CAND_576,0.14,0.0,0.08,,"AWS, Docker, Git, Machine Learning, NLP, NumPy, Pandas, Python, SQL, Scikit-learn"
CAND_2195,0.13,0.0,0.08,,"AWS, Docker, Git, Machine Learning, NLP, NumPy, Pandas, Python, SQL, Scikit-learn"
CAND_1456,0.14,0.0,0.08,,"AWS, Docker, Git, Machine Learning, NLP, NumPy, Pandas, Python, SQL, Scikit-learn"
CAND_2126,0.13,0.0,0.08,,"AWS, Docker, Git, Machine Learning, NLP, NumPy, Pandas, Python, SQL, Scikit-learn"
CAND_522,0.14,0.0,0.08,,"AWS, Docker, Git, Machine Learning, NLP, NumPy, Pandas, Python, SQL, Scikit-learn"
CAND_891,0.13,0.0,0.08,,"AWS, Docker, Git, Machine Learning, NLP, NumPy, Pandas, Python, SQL, Scikit-learn"
CAND_1008,0.13,0.0,0.08,,"AWS, Docker, Git, Machine Learning, NLP, NumPy, Pandas, Python, SQL, Scikit-learn"
CAND_2239,0.14,0.0,0.08,,"AWS, Docker, Git, Machine Learning, NLP, NumPy, Pandas, Python, SQL, Scikit-learn"
CAND_2203,0.13,0.0,0.08,,"AWS, Docker, Git, Machine Learning, NLP, NumPy, Pandas, Python, SQL, Scikit-learn"
CAND_1506,0.14,0.0,0.08,,"AWS, Docker, Git, Machine Learning, NLP, NumPy, Pandas, Python, SQL, Scikit-learn"
CAND_274,0.14,0.0,0.08,,"AWS, Docker, Git, Machine Learning, NLP, NumPy, Pandas, Python, SQL, Scikit-learn"
CAND_758,0.13,0.0,0.08,,"AWS, Docker, Git, Machine Learning, NLP, NumPy, Pandas, Python, SQL, Scikit-learn"
CAND_823,0.14,0.0,0.08,,"AWS, Docker, Git, Machine Learning, NLP, NumPy, Pandas, Python, SQL, Scikit-learn"
CAND_852,0.14,0.0,0.08,,"AWS, Docker, Git, Machine Learning, NLP, NumPy, Pandas, Python, SQL, Scikit-learn"
CAND_918,0.13,0.0,0.08,,"AWS, Docker, Git, Machine Learning, NLP, NumPy, Pandas, Python, SQL, Scikit-learn"
CAND_711,0.13,0.0,0.08,,"AWS, Docker, Git, Machine Learning, NLP, NumPy, Pandas, Python, SQL, Scikit-learn"
CAND_643,0.14,0.0,0.08,,"AWS, Docker, Git, Machine Learning, NLP, NumPy, Pandas, Python, SQL, Scikit-learn"
CAND_1907,0.14,0.0,0.08,,"AWS, Docker, Git, Machine Learning, NLP, NumPy, Pandas, Python, SQL, Scikit-learn"
CAND_1102,0.14,0.0,0.08,,"AWS, Docker, Git, Machine Learning, NLP, NumPy, Pandas, Python, SQL, Scikit-learn"
CAND_1370,0.14,0.0,0.08,,"AWS, Docker, Git, Machine Learning, NLP, NumPy, Pandas, Python, SQL, Scikit-learn"
CAND_836,0.14,0.0,0.08,,"AWS, Docker, Git, Machine Learning, NLP, NumPy, Pandas, Python, SQL, Scikit-learn"
CAND_1901,0.14,0.0,0.08,,"AWS, Docker, Git, Machine Learning, NLP, NumPy, Pandas, Python, SQL, Scikit-learn"
CAND_003,0.13,0.0,0.08,,"AWS, Docker, Git, Machine Learning, NLP, NumPy, Pandas, Python, SQL, Scikit-learn"
CAND_2303,0.14,0.0,0.08,,"AWS, Docker, Git, Machine Learning, NLP, NumPy, Pandas, Python, SQL, Scikit-learn"
CAND_107,0.14,0.0,0.08,,"AWS, Docker, Git, Machine Learning, NLP, NumPy, Pandas, Python, SQL, Scikit-learn"
CAND_1334,0.14,0.0,0.08,,"AWS, Docker, Git, Machine Learning, NLP, NumPy, Pandas, Python, SQL, Scikit-learn"
CAND_1567,0.13,0.0,0.08,,"AWS, Docker, Git, Machine Learning, NLP, NumPy, Pandas, Python, SQL, Scikit-learn"
CAND_1895,0.14,0.0,0.08,,"AWS, Docker, Git, Machine Learning, NLP, NumPy, Pandas, Python, SQL, Scikit-learn"
CAND_501,0.14,0.0,0.08,,"AWS, Docker, Git, Machine Learning, NLP, NumPy, Pandas, Python, SQL, Scikit-learn"
CAND_154,0.14,0.0,0.08,,"AWS, Docker, Git, Machine Learning, NLP, NumPy, Pandas, Python, SQL, Scikit-learn"
CAND_1341,0.13,0.0,0.08,,"AWS, Docker, Git, Machine Learning, NLP, NumPy, Pandas, Python, SQL, Scikit-learn"
CAND_152,0.13,0.0,0.08,,"AWS, Docker, Git, Machine Learning, NLP, NumPy, Pandas, Python, SQL, Scikit-learn"
CAND_2319,0.13,0.0,0.08,,"AWS, Docker, Git, Machine Learning, NLP, NumPy, Pandas, Python, SQL, Scikit-learn"
CAND_810,0.13,0.0,0.08,,"AWS, Docker, Git, Machine Learning, NLP, NumPy, Pandas, Python, SQL, Scikit-learn"
CAND_114,0.13,0.0,0.08,,"AWS, Docker, Git, Machine Learning, NLP, NumPy, Pandas, Python, SQL, Scikit-learn"
CAND_807,0.14,0.0,0.08,,"AWS, Docker, Git, Machine Learning, NLP, NumPy, Pandas, Python, SQL, Scikit-learn"
CAND_146,0.13,0.0,0.08,,"AWS, Docker, Git, Machine Learning, NLP, NumPy, Pandas, Python, SQL, Scikit-learn"
CAND_1877,0.13,0.0,0.08,,"AWS, Docker, Git, Machine Learning, NLP, NumPy, Pandas, Python, SQL, Scikit-learn"
CAND_2070,0.14,0.0,0.08,,"AWS, Docker, Git, Machine Learning, NLP, NumPy, Pandas, Python, SQL, Scikit-learn"
CAND_717,0.13,0.0,0.08,,"AWS, Docker, Git, Machine Learning, NLP, NumPy, Pandas, Python, SQL, Scikit-learn"
CAND_192,0.13,0.0,0.08,,"AWS, Docker, Git, Machine Learning, NLP, NumPy, Pandas, Python, SQL, Scikit-learn"
CAND_672,0.13,0.0,0.08,,"AWS, Docker, Git, Machine Learning, NLP, NumPy, Pandas, Python, SQL, Scikit-learn"
CAND_1928,0.13,0.0,0.08,,"AWS, Docker, Git, Machine Learning, NLP, NumPy, Pandas, Python, SQL, Scikit-learn"
CAND_1032,0.14,0.0,0.08,,"AWS, Docker, Git, Machine Learning, NLP, NumPy, Pandas, Python, SQL, Scikit-learn"
CAND_617,0.13,0.0,0.08,,"AWS, Docker, Git, Machine Learning, NLP, NumPy, Pandas, Python, SQL, Scikit-learn"
CAND_271,0.14,0.0,0.08,,"AWS, Docker, Git, Machine Learning, NLP, NumPy, Pandas, Python, SQL, Scikit-learn"
CAND_1673,0.14,0.0,0.08,,"AWS, Docker, Git, Machine Learning, NLP, NumPy, Pandas, Python, SQL, Scikit-learn"
CAND_1579,0.14,0.0,0.08,,"AWS, Docker, Git, Machine Learning, NLP, NumPy, Pandas, Python, SQL, Scikit-learn"
CAND_623,0.13,0.0,0.08,,"AWS, Docker, Git, Machine Learning, NLP, NumPy, Pandas, Python, SQL, Scikit-learn"
CAND_1675,0.13,0.0,0.08,,"AWS, Docker, Git, Machine Learning, NLP, NumPy, Pandas, Python, SQL, Scikit-learn"
CAND_762,0.13,0.0,0.08,,"AWS, Docker, Git, Machine Learning, NLP, NumPy, Pandas, Python, SQL, Scikit-learn"
CAND_661,0.13,0.0,0.08,,"AWS, Docker, Git, Machine Learning, NLP, NumPy, Pandas, Python, SQL, Scikit-learn"
CAND_1225,0.13,0.0,0.08,,"AWS, Docker, Git, Machine Learning, NLP, NumPy, Pandas, Python, SQL, Scikit-learn"
CAND_091,0.14,0.0,0.08,,"AWS, Docker, Git, Machine Learning, NLP, NumPy, Pandas, Python, SQL, Scikit-learn"
CAND_069,0.14,0.0,0.08,,"AWS, Docker, Git, Machine Learning, NLP, NumPy, Pandas, Python, SQL, Scikit-learn"
CAND_1202,0.14,0.0,0.08,,"AWS, Docker, Git, Machine Learning, NLP, NumPy, Pandas, Python, SQL, Scikit-learn"
CAND_641,0.13,0.0,0.08,,"AWS, Docker, Git, Machine Learning, NLP, NumPy, Pandas, Python, SQL, Scikit-learn"
CAND_1858,0.14,0.0,0.08,,"AWS, Docker, Git, Machine Learning, NLP, NumPy, Pandas, Python, SQL, Scikit-learn"
CAND_1301,0.13,0.0,0.08,,"AWS, Docker, Git, Machine Learning, NLP, NumPy, Pandas, Python, SQL, Scikit-learn"
CAND_1603,0.13,0.0,0.08,,"AWS, Docker, Git, Machine Learning, NLP, NumPy, Pandas, Python, SQL, Scikit-learn"
CAND_2080,0.11,0.0,0.07,,"AWS, Docker, Git, Machine Learning, NLP, NumPy, Pandas, Python, SQL, Scikit-learn"
CAND_1229,0.12,0.0,0.07,,"AWS, Docker, Git, Machine Learning, NLP, NumPy, Pandas, Python, SQL, Scikit-learn"
CAND_1501,0.12,0.0,0.07,,"AWS, Docker, Git, Machine Learning, NLP, NumPy, Pandas, Python, SQL, Scikit-learn"
CAND_701,0.11,0.0,0.07,,"AWS, Docker, Git, Machine Learning, NLP, NumPy, Pandas, Python, SQL, Scikit-learn"
CAND_018,0.11,0.0,0.07,,"AWS, Docker, Git, Machine Learning, NLP, NumPy, Pandas, Python, SQL, Scikit-learn"
CAND_2470,0.11,0.0,0.07,,"AWS, Docker, Git, Machine Learning, NLP, NumPy, Pandas, Python, SQL, Scikit-learn"
CAND_1542,0.11,0.0,0.07,,"AWS, Docker, Git, Machine Learning, NLP, NumPy, Pandas, Python, SQL, Scikit-learn"
CAND_2452,0.12,0.0,0.07,,"AWS, Docker, Git, Machine Learning, NLP, NumPy, Pandas, Python, SQL, Scikit-learn"
CAND_1184,0.12,0.0,0.07,,"AWS, Docker, Git, Machine Learning, NLP, NumPy, Pandas, Python, SQL, Scikit-learn"
CAND_948,0.12,0.0,0.07,,"AWS, Docker, Git, Machine Learning, NLP, NumPy, Pandas, Python, SQL, Scikit-learn"
CAND_2478,0.11,0.0,0.07,,"AWS, Docker, Git, Machine Learning, NLP, NumPy, Pandas, Python, SQL, Scikit-learn"
CAND_1226,0.11,0.0,0.07,,"AWS, Docker, Git, Machine Learning, NLP, NumPy, Pandas, Python, SQL, Scikit-learn"
CAND_932,0.11,0.0,0.07,,"AWS, Docker, Git, Machine Learning, NLP, NumPy, Pandas, Python, SQL, Scikit-learn"
CAND_2104,0.11,0.0,0.07,,"AWS, Docker, Git, Machine Learning, NLP, NumPy, Pandas, Python, SQL, Scikit-learn"
CAND_1547,0.11,0.0,0.07,,"AWS, Docker, Git, Machine Learning, NLP, NumPy, Pandas, Python, SQL, Scikit-learn"
CAND_2135,0.12,0.0,0.07,,"AWS, Docker, Git, Machine Learning, NLP, NumPy, Pandas, Python, SQL, Scikit-learn"
CAND_1090,0.11,0.0,0.07,,"AWS, Docker, Git, Machine Learning, NLP, NumPy, Pandas, Python, SQL, Scikit-learn"
CAND_1182,0.12,0.0,0.07,,"AWS, Docker, Git, Machine Learning, NLP, NumPy, Pandas, Python, SQL, Scikit-learn"
CAND_202,0.11,0.0,0.07,,"AWS, Docker, Git, Machine Learning, NLP, NumPy, Pandas, Python, SQL, Scikit-learn"
CAND_2252,0.12,0.0,0.07,,"AWS, Docker, Git, Machine Learning, NLP, NumPy, Pandas, Python, SQL, Scikit-learn"
CAND_2256,0.11,0.0,0.07,,"AWS, Docker, Git, Machine Learning, NLP, NumPy, Pandas, Python, SQL, Scikit-learn"
CAND_2260,0.11,0.0,0.07,,"AWS, Docker, Git, Machine Learning, NLP, NumPy, Pandas, Python, SQL, Scikit-learn"
CAND_1416,0.12,0.0,0.07,,"AWS, Docker, Git, Machine Learning, NLP, NumPy, Pandas, Python, SQL, Scikit-learn"
CAND_1294,0.12,0.0,0.07,,"AWS, Docker, Git, Machine Learning, NLP, NumPy, Pandas, Python, SQL, Scikit-learn"
CAND_504,0.11,0.0,0.07,,"AWS, Docker, Git, Machine Learning, NLP, NumPy, Pandas, Python, SQL, Scikit-learn"
CAND_1407,0.11,0.0,0.07,,"AWS, Docker, Git, Machine Learning, NLP, NumPy, Pandas, Python, SQL, Scikit-learn"
CAND_233,0.12,0.0,0.07,,"AWS, Docker, Git, Machine Learning, NLP, NumPy, Pandas, Python, SQL, Scikit-learn"
CAND_1046,0.12,0.0,0.07,,"AWS, Docker, Git, Machine Learning, NLP, NumPy, Pandas, Python, SQL, Scikit-learn"
CAND_1306,0.11,0.0,0.07,,"AWS, Docker, Git, Machine Learning, NLP, NumPy, Pandas, Python, SQL, Scikit-learn"
CAND_1108,0.12,0.0,0.07,,"AWS, Docker, Git, Machine Learning, NLP, NumPy, Pandas, Python, SQL, Scikit-learn"
CAND_1142,0.11,0.0,0.07,,"AWS, Docker, Git, Machine Learning, NLP, NumPy, Pandas, Python, SQL, Scikit-learn"
CAND_198,0.12,0.0,0.07,,"AWS, Docker, Git, Machine Learning, NLP, NumPy, Pandas, Python, SQL, Scikit-learn"
CAND_1054,0.11,0.0,0.07,,"AWS, Docker, Git, Machine Learning, NLP, NumPy, Pandas, Python, SQL, Scikit-learn"
CAND_096,0.11,0.0,0.07,,"AWS, Docker, Git, Machine Learning, NLP, NumPy, Pandas, Python, SQL, Scikit-learn"
CAND_097,0.12,0.0,0.07,,"AWS, Docker, Git, Machine Learning, NLP, NumPy, Pandas, Python, SQL, Scikit-learn"
CAND_2352,0.12,0.0,0.07,,"AWS, Docker, Git, Machine Learning, NLP, NumPy, Pandas, Python, SQL, Scikit-learn"
CAND_106,0.12,0.0,0.07,,"AWS, Docker, Git, Machine Learning, NLP, NumPy, Pandas, Python, SQL, Scikit-learn"
CAND_161,0.11,0.0,0.07,,"AWS, Docker, Git, Machine Learning, NLP, NumPy, Pandas, Python, SQL, Scikit-learn"
CAND_158,0.11,0.0,0.07,,"AWS, Docker, Git, Machine Learning, NLP, NumPy, Pandas, Python, SQL, Scikit-learn"
CAND_1354,0.11,0.0,0.07,,"AWS, Docker, Git, Machine Learning, NLP, NumPy, Pandas, Python, SQL, Scikit-learn"
CAND_2339,0.11,0.0,0.07,,"AWS, Docker, Git, Machine Learning, NLP, NumPy, Pandas, Python, SQL, Scikit-learn"
CAND_059,0.12,0.0,0.07,,"AWS, Docker, Git, Machine Learning, NLP, NumPy, Pandas, Python, SQL, Scikit-learn"
CAND_1425,0.12,0.0,0.07,,"AWS, Docker, Git, Machine Learning, NLP, NumPy, Pandas, Python, SQL, Scikit-learn"
CAND_1486,0.11,0.0,0.07,,"AWS, Docker, Git, Machine Learning, NLP, NumPy, Pandas, Python, SQL, Scikit-learn"
CAND_1268,0.11,0.0,0.07,,"AWS, Docker, Git, Machine Learning, NLP, NumPy, Pandas, Python, SQL, Scikit-learn"
CAND_1482,0.12,0.0,0.07,,"AWS, Docker, Git, Machine Learning, NLP, NumPy, Pandas, Python, SQL, Scikit-learn"
CAND_2161,0.12,0.0,0.07,,"AWS, Docker, Git, Machine Learning, NLP, NumPy, Pandas, Python, SQL, Scikit-learn"
CAND_2164,0.11,0.0,0.07,,"AWS, Docker, Git, Machine Learning, NLP, NumPy, Pandas, Python, SQL, Scikit-learn"
CAND_2179,0.12,0.0,0.07,,"AWS, Docker, Git, Machine Learning, NLP, NumPy, Pandas, Python, SQL, Scikit-learn"
CAND_985,0.11,0.0,0.07,,"AWS, Docker, Git, Machine Learning, NLP, NumPy, Pandas, Python, SQL, Scikit-learn"
CAND_1262,0.11,0.0,0.07,,"AWS, Docker, Git, Machine Learning, NLP, NumPy, Pandas, Python, SQL, Scikit-learn"
CAND_993,0.12,0.0,0.07,,"AWS, Docker, Git, Machine Learning, NLP, NumPy, Pandas, Python, SQL, Scikit-learn"
CAND_378,0.11,0.0,0.07,,"AWS, Docker, Git, Machine Learning, NLP, NumPy, Pandas, Python, SQL, Scikit-learn"
CAND_368,0.11,0.0,0.07,,"AWS, Docker, Git, Machine Learning, NLP, NumPy, Pandas, Python, SQL, Scikit-learn"
CAND_2201,0.12,0.0,0.07,,"AWS, Docker, Git, Machine Learning, NLP, NumPy, Pandas, Python, SQL, Scikit-learn"
CAND_2204,0.11,0.0,0.07,,"AWS, Docker, Git, Machine Learning, NLP, NumPy, Pandas, Python, SQL, Scikit-learn"
CAND_1031,0.12,0.0,0.07,,"AWS, Docker, Git, Machine Learning, NLP, NumPy, Pandas, Python, SQL, Scikit-learn"
CAND_2413,0.11,0.0,0.07,,"AWS, Docker, Git, Machine Learning, NLP, NumPy, Pandas, Python, SQL, Scikit-learn"
CAND_1084,0.11,0.0,0.07,,"AWS, Docker, Git, Machine Learning, NLP, NumPy, Pandas, Python, SQL, Scikit-learn"
CAND_2212,0.11,0.0,0.07,,"AWS, Docker, Git, Machine Learning, NLP, NumPy, Pandas, Python, SQL, Scikit-learn"
CAND_1440,0.12,0.0,0.07,,"AWS, Docker, Git, Machine Learning, NLP, NumPy, Pandas, Python, SQL, Scikit-learn"
CAND_1269,0.12,0.0,0.07,,"AWS, Docker, Git, Machine Learning, NLP, NumPy, Pandas, Python, SQL, Scikit-learn"
CAND_288,0.12,0.0,0.07,,"AWS, Docker, Git, Machine Learning, NLP, NumPy, Pandas, Python, SQL, Scikit-learn"
CAND_2405,0.11,0.0,0.07,,"AWS, Docker, Git, Machine Learning, NLP, NumPy, Pandas, Python, SQL, Scikit-learn"
CAND_1434,0.12,0.0,0.07,,"AWS, Docker, Git, Machine Learning, NLP, NumPy, Pandas, Python, SQL, Scikit-learn"
CAND_287,0.12,0.0,0.07,,"AWS, Docker, Git, Machine Learning, NLP, NumPy, Pandas, Python, SQL, Scikit-learn"
CAND_2404,0.12,0.0,0.07,,"AWS, Docker, Git, Machine Learning, NLP, NumPy, Pandas, Python, SQL, Scikit-learn"
CAND_2409,0.11,0.0,0.07,,"AWS, Docker, Git, Machine Learning, NLP, NumPy, Pandas, Python, SQL, Scikit-learn"
CAND_2137,0.11,0.0,0.07,,"AWS, Docker, Git, Machine Learning, NLP, NumPy, Pandas, Python, SQL, Scikit-learn"
CAND_818,0.12,0.0,0.07,,"AWS, Docker, Git, Machine Learning, NLP, NumPy, Pandas, Python, SQL, Scikit-learn"
CAND_535,0.11,0.0,0.07,,"AWS, Docker, Git, Machine Learning, NLP, NumPy, Pandas, Python, SQL, Scikit-learn"
CAND_736,0.11,0.0,0.07,,"AWS, Docker, Git, Machine Learning, NLP, NumPy, Pandas, Python, SQL, Scikit-learn"
CAND_1869,0.12,0.0,0.07,,"AWS, Docker, Git, Machine Learning, NLP, NumPy, Pandas, Python, SQL, Scikit-learn"
CAND_517,0.12,0.0,0.07,,"AWS, Docker, Git, Machine Learning, NLP, NumPy, Pandas, Python, SQL, Scikit-learn"
CAND_777,0.12,0.0,0.07,,"AWS, Docker, Git, Machine Learning, NLP, NumPy, Pandas, Python, SQL, Scikit-learn"
CAND_738,0.11,0.0,0.07,,"AWS, Docker, Git, Machine Learning, NLP, NumPy, Pandas, Python, SQL, Scikit-learn"
CAND_1589,0.12,0.0,0.07,,"AWS, Docker, Git, Machine Learning, NLP, NumPy, Pandas, Python, SQL, Scikit-learn"
CAND_859,0.11,0.0,0.07,,"AWS, Docker, Git, Machine Learning, NLP, NumPy, Pandas, Python, SQL, Scikit-learn"
CAND_524,0.11,0.0,0.07,,"AWS, Docker, Git, Machine Learning, NLP, NumPy, Pandas, Python, SQL, Scikit-learn"
CAND_660,0.12,0.0,0.07,,"AWS, Docker, Git, Machine Learning, NLP, NumPy, Pandas, Python, SQL, Scikit-learn"
CAND_1596,0.11,0.0,0.07,,"AWS, Docker, Git, Machine Learning, NLP, NumPy, Pandas, Python, SQL, Scikit-learn"
CAND_534,0.12,0.0,0.07,,"AWS, Docker, Git, Machine Learning, NLP, NumPy, Pandas, Python, SQL, Scikit-learn"
CAND_616,0.11,0.0,0.07,,"AWS, Docker, Git, Machine Learning, NLP, NumPy, Pandas, Python, SQL, Scikit-learn"
CAND_2042,0.12,0.0,0.07,,"AWS, Docker, Git, Machine Learning, NLP, NumPy, Pandas, Python, SQL, Scikit-learn"
CAND_1669,0.12,0.0,0.07,,"AWS, Docker, Git, Machine Learning, NLP, NumPy, Pandas, Python, SQL, Scikit-learn"
CAND_1609,0.12,0.0,0.07,,"AWS, Docker, Git, Machine Learning, NLP, NumPy, Pandas, Python, SQL, Scikit-learn"
CAND_1855,0.12,0.0,0.07,,"AWS, Docker, Git, Machine Learning, NLP, NumPy, Pandas, Python, SQL, Scikit-learn"
CAND_909,0.12,0.0,0.07,,"AWS, Docker, Git, Machine Learning, NLP, NumPy, Pandas, Python, SQL, Scikit-learn"
CAND_549,0.11,0.0,0.07,,"AWS, Docker, Git, Machine Learning, NLP, NumPy, Pandas, Python, SQL, Scikit-learn"
CAND_1957,0.11,0.0,0.07,,"AWS, Docker, Git, Machine Learning, NLP, NumPy, Pandas, Python, SQL, Scikit-learn"
CAND_903,0.11,0.0,0.07,,"AWS, Docker, Git, Machine Learning, NLP, NumPy, Pandas, Python, SQL, Scikit-learn"
CAND_759,0.11,0.0,0.07,,"AWS, Docker, Git, Machine Learning, NLP, NumPy, Pandas, Python, SQL, Scikit-learn"
CAND_1655,0.12,0.0,0.07,,"AWS, Docker, Git, Machine Learning, NLP, NumPy, Pandas, Python, SQL, Scikit-learn"
CAND_875,0.12,0.0,0.07,,"AWS, Docker, Git, Machine Learning, NLP, NumPy, Pandas, Python, SQL, Scikit-learn"
CAND_878,0.11,0.0,0.07,,"AWS, Docker, Git, Machine Learning, NLP, NumPy, Pandas, Python, SQL, Scikit-learn"
CAND_780,0.12,0.0,0.07,,"AWS, Docker, Git, Machine Learning, NLP, NumPy, Pandas, Python, SQL, Scikit-learn"
CAND_1983,0.11,0.0,0.07,,"AWS, Docker, Git, Machine Learning, NLP, NumPy, Pandas, Python, SQL, Scikit-learn"
CAND_664,0.12,0.0,0.07,,"AWS, Docker, Git, Machine Learning, NLP, NumPy, Pandas, Python, SQL, Scikit-learn"
CAND_1572,0.11,0.0,0.07,,"AWS, Docker, Git, Machine Learning, NLP, NumPy, Pandas, Python, SQL, Scikit-learn"
CAND_837,0.11,0.0,0.07,,"AWS, Docker, Git, Machine Learning, NLP, NumPy, Pandas, Python, SQL, Scikit-learn"
CAND_1812,0.12,0.0,0.07,,"AWS, Docker, Git, Machine Learning, NLP, NumPy, Pandas, Python, SQL, Scikit-learn"
CAND_1889,0.12,0.0,0.07,,"AWS, Docker, Git, Machine Learning, NLP, NumPy, Pandas, Python, SQL, Scikit-learn"
CAND_1569,0.12,0.0,0.07,,"AWS, Docker, Git, Machine Learning, NLP, NumPy, Pandas, Python, SQL, Scikit-learn"
CAND_712,0.12,0.0,0.07,,"AWS, Docker, Git, Machine Learning, NLP, NumPy, Pandas, Python, SQL, Scikit-learn"
CAND_731,0.12,0.0,0.07,,"AWS, Docker, Git, Machine Learning, NLP, NumPy, Pandas, Python, SQL, Scikit-learn"
CAND_821,0.12,0.0,0.07,,"AWS, Docker, Git, Machine Learning, NLP, NumPy, Pandas, Python, SQL, Scikit-learn"
CAND_683,0.12,0.0,0.07,,"AWS, Docker, Git, Machine Learning, NLP, NumPy, Pandas, Python, SQL, Scikit-learn"
CAND_1808,0.11,0.0,0.07,,"AWS, Docker, Git, Machine Learning, NLP, NumPy, Pandas, Python, SQL, Scikit-learn"
CAND_685,0.11,0.0,0.07,,"AWS, Docker, Git, Machine Learning, NLP, NumPy, Pandas, Python, SQL, Scikit-learn"
CAND_1423,0.1,0.0,0.06,,"AWS, Docker, Git, Machine Learning, NLP, NumPy, Pandas, Python, SQL, Scikit-learn"
CAND_543,0.1,0.0,0.06,,"AWS, Docker, Git, Machine Learning, NLP, NumPy, Pandas, Python, SQL, Scikit-learn"
CAND_1035,0.1,0.0,0.06,,"AWS, Docker, Git, Machine Learning, NLP, NumPy, Pandas, Python, SQL, Scikit-learn"
CAND_1493,0.1,0.0,0.06,,"AWS, Docker, Git, Machine Learning, NLP, NumPy, Pandas, Python, SQL, Scikit-learn"
CAND_452,0.1,0.0,0.06,,"AWS, Docker, Git, Machine Learning, NLP, NumPy, Pandas, Python, SQL, Scikit-learn"
CAND_2459,0.1,0.0,0.06,,"AWS, Docker, Git, Machine Learning, NLP, NumPy, Pandas, Python, SQL, Scikit-learn"
CAND_1160,0.1,0.0,0.06,,"AWS, Docker, Git, Machine Learning, NLP, NumPy, Pandas, Python, SQL, Scikit-learn"
CAND_1481,0.1,0.0,0.06,,"AWS, Docker, Git, Machine Learning, NLP, NumPy, Pandas, Python, SQL, Scikit-learn"
CAND_1314,0.1,0.0,0.06,,"AWS, Docker, Git, Machine Learning, NLP, NumPy, Pandas, Python, SQL, Scikit-learn"
CAND_1286,0.1,0.0,0.06,,"AWS, Docker, Git, Machine Learning, NLP, NumPy, Pandas, Python, SQL, Scikit-learn"
CAND_2170,0.1,0.0,0.06,,"AWS, Docker, Git, Machine Learning, NLP, NumPy, Pandas, Python, SQL, Scikit-learn"
CAND_1475,0.1,0.0,0.06,,"AWS, Docker, Git, Machine Learning, NLP, NumPy, Pandas, Python, SQL, Scikit-learn"
CAND_746,0.1,0.0,0.06,,"AWS, Docker, Git, Machine Learning, NLP, NumPy, Pandas, Python, SQL, Scikit-learn"
CAND_048,0.1,0.0,0.06,,"AWS, Docker, Git, Machine Learning, NLP, NumPy, Pandas, Python, SQL, Scikit-learn"
CAND_983,0.1,0.0,0.06,,"AWS, Docker, Git, Machine Learning, NLP, NumPy, Pandas, Python, SQL, Scikit-learn"
CAND_1444,0.1,0.0,0.06,,"AWS, Docker, Git, Machine Learning, NLP, NumPy, Pandas, Python, SQL, Scikit-learn"
CAND_1466,0.1,0.0,0.06,,"AWS, Docker, Git, Machine Learning, NLP, NumPy, Pandas, Python, SQL, Scikit-learn"
CAND_992,0.1,0.0,0.06,,"AWS, Docker, Git, Machine Learning, NLP, NumPy, Pandas, Python, SQL, Scikit-learn"
CAND_897,0.1,0.0,0.06,,"AWS, Docker, Git, Machine Learning, NLP, NumPy, Pandas, Python, SQL, Scikit-learn"
CAND_1313,0.1,0.0,0.06,,"AWS, Docker, Git, Machine Learning, NLP, NumPy, Pandas, Python, SQL, Scikit-learn"
CAND_2147,0.1,0.0,0.06,,"AWS, Docker, Git, Machine Learning, NLP, NumPy, Pandas, Python, SQL, Scikit-learn"
CAND_203,0.1,0.0,0.06,,"AWS, Docker, Git, Machine Learning, NLP, NumPy, Pandas, Python, SQL, Scikit-learn"
CAND_652,0.1,0.0,0.06,,"AWS, Docker, Git, Machine Learning, NLP, NumPy, Pandas, Python, SQL, Scikit-learn"
CAND_1585,0.1,0.0,0.06,,"AWS, Docker, Git, Machine Learning, NLP, NumPy, Pandas, Python, SQL, Scikit-learn"
CAND_793,0.1,0.0,0.06,,"AWS, Docker, Git, Machine Learning, NLP, NumPy, Pandas, Python, SQL, Scikit-learn"
CAND_1815,0.1,0.0,0.06,,"AWS, Docker, Git, Machine Learning, NLP, NumPy, Pandas, Python, SQL, Scikit-learn"
CAND_112,0.1,0.0,0.06,,"AWS, Docker, Git, Machine Learning, NLP, NumPy, Pandas, Python, SQL, Scikit-learn"
CAND_642,0.1,0.0,0.06,,"AWS, Docker, Git, Machine Learning, NLP, NumPy, Pandas, Python, SQL, Scikit-learn"
CAND_1045,0.1,0.0,0.06,,"AWS, Docker, Git, Machine Learning, NLP, NumPy, Pandas, Python, SQL, Scikit-learn"
CAND_493,0.1,0.0,0.06,,"AWS, Docker, Git, Machine Learning, NLP, NumPy, Pandas, Python, SQL, Scikit-learn"
CAND_1874,0.1,0.0,0.06,,"AWS, Docker, Git, Machine Learning, NLP, NumPy, Pandas, Python, SQL, Scikit-learn"
CAND_1051,0.1,0.0,0.06,,"AWS, Docker, Git, Machine Learning, NLP, NumPy, Pandas, Python, SQL, Scikit-learn"
CAND_1086,0.09,0.0,0.05,,"AWS, Docker, Git, Machine Learning, NLP, NumPy, Pandas, Python, SQL, Scikit-learn"
CAND_650,0.09,0.0,0.05,,"AWS, Docker, Git, Machine Learning, NLP, NumPy, Pandas, Python, SQL, Scikit-learn"
CAND_1439,0.08,0.0,0.05,,"AWS, Docker, Git, Machine Learning, NLP, NumPy, Pandas, Python, SQL, Scikit-learn"
CAND_603,0.09,0.0,0.05,,"AWS, Docker, Git, Machine Learning, NLP, NumPy, Pandas, Python, SQL, Scikit-learn"
CAND_1388,0.08,0.0,0.05,,"AWS, Docker, Git, Machine Learning, NLP, NumPy, Pandas, Python, SQL, Scikit-learn"
CAND_060,0.08,0.0,0.05,,"AWS, Docker, Git, Machine Learning, NLP, NumPy, Pandas, Python, SQL, Scikit-learn"
CAND_761,0.08,0.0,0.05,,"AWS, Docker, Git, Machine Learning, NLP, NumPy, Pandas, Python, SQL, Scikit-learn"
CAND_065,0.08,0.0,0.05,,"AWS, Docker, Git, Machine Learning, NLP, NumPy, Pandas, Python, SQL, Scikit-learn"
CAND_2351,0.08,0.0,0.05,,"AWS, Docker, Git, Machine Learning, NLP, NumPy, Pandas, Python, SQL, Scikit-learn"
CAND_1081,0.08,0.0,0.05,,"AWS, Docker, Git, Machine Learning, NLP, NumPy, Pandas, Python, SQL, Scikit-learn"
CAND_1097,0.08,0.0,0.05,,"AWS, Docker, Git, Machine Learning, NLP, NumPy, Pandas, Python, SQL, Scikit-learn"
CAND_1141,0.09,0.0,0.05,,"AWS, Docker, Git, Machine Learning, NLP, NumPy, Pandas, Python, SQL, Scikit-learn"
CAND_1850,0.08,0.0,0.05,,"AWS, Docker, Git, Machine Learning, NLP, NumPy, Pandas, Python, SQL, Scikit-learn"
CAND_2292,0.08,0.0,0.05,,"AWS, Docker, Git, Machine Learning, NLP, NumPy, Pandas, Python, SQL, Scikit-learn"
CAND_607,0.08,0.0,0.05,,"AWS, Docker, Git, Machine Learning, NLP, NumPy, Pandas, Python, SQL, Scikit-learn"
CAND_1848,0.09,0.0,0.05,,"AWS, Docker, Git, Machine Learning, NLP, NumPy, Pandas, Python, SQL, Scikit-learn"
CAND_1875,0.09,0.0,0.05,,"AWS, Docker, Git, Machine Learning, NLP, NumPy, Pandas, Python, SQL, Scikit-learn"
CAND_853,0.09,0.0,0.05,,"AWS, Docker, Git, Machine Learning, NLP, NumPy, Pandas, Python, SQL, Scikit-learn"
CAND_2400,0.08,0.0,0.05,,"AWS, Docker, Git, Machine Learning, NLP, NumPy, Pandas, Python, SQL, Scikit-learn"
CAND_1145,0.09,0.0,0.05,,"AWS, Docker, Git, Machine Learning, NLP, NumPy, Pandas, Python, SQL, Scikit-learn"
CAND_1018,0.09,0.0,0.05,,"AWS, Docker, Git, Machine Learning, NLP, NumPy, Pandas, Python, SQL, Scikit-learn"
CAND_1644,0.08,0.0,0.05,,"AWS, Docker, Git, Machine Learning, NLP, NumPy, Pandas, Python, SQL, Scikit-learn"
CAND_1642,0.09,0.0,0.05,,"AWS, Docker, Git, Machine Learning, NLP, NumPy, Pandas, Python, SQL, Scikit-learn"
CAND_2410,0.08,0.0,0.05,,"AWS, Docker, Git, Machine Learning, NLP, NumPy, Pandas, Python, SQL, Scikit-learn"
CAND_1870,0.08,0.0,0.05,,"AWS, Docker, Git, Machine Learning, NLP, NumPy, Pandas, Python, SQL, Scikit-learn"
CAND_1288,0.08,0.0,0.05,,"AWS, Docker, Git, Machine Learning, NLP, NumPy, Pandas, Python, SQL, Scikit-learn"
CAND_787,0.08,0.0,0.05,,"AWS, Docker, Git, Machine Learning, NLP, NumPy, Pandas, Python, SQL, Scikit-learn"
CAND_2246,0.08,0.0,0.05,,"AWS, Docker, Git, Machine Learning, NLP, NumPy, Pandas, Python, SQL, Scikit-learn"
CAND_051,0.09,0.0,0.05,,"AWS, Docker, Git, Machine Learning, NLP, NumPy, Pandas, Python, SQL, Scikit-learn"
CAND_2365,0.08,0.0,0.05,,"AWS, Docker, Git, Machine Learning, NLP, NumPy, Pandas, Python, SQL, Scikit-learn"
CAND_844,0.09,0.0,0.05,,"AWS, Docker, Git, Machine Learning, NLP, NumPy, Pandas, Python, SQL, Scikit-learn"
CAND_768,0.08,0.0,0.05,,"AWS, Docker, Git, Machine Learning, NLP, NumPy, Pandas, Python, SQL, Scikit-learn"
CAND_090,0.09,0.0,0.05,,"AWS, Docker, Git, Machine Learning, NLP, NumPy, Pandas, Python, SQL, Scikit-learn"
CAND_269,0.08,0.0,0.05,,"AWS, Docker, Git, Machine Learning, NLP, NumPy, Pandas, Python, SQL, Scikit-learn"
CAND_1860,0.09,0.0,0.05,,"AWS, Docker, Git, Machine Learning, NLP, NumPy, Pandas, Python, SQL, Scikit-learn"
CAND_1674,0.09,0.0,0.05,,"AWS, Docker, Git, Machine Learning, NLP, NumPy, Pandas, Python, SQL, Scikit-learn"
CAND_839,0.08,0.0,0.05,,"AWS, Docker, Git, Machine Learning, NLP, NumPy, Pandas, Python, SQL, Scikit-learn"
CAND_772,0.08,0.0,0.05,,"AWS, Docker, Git, Machine Learning, NLP, NumPy, Pandas, Python, SQL, Scikit-learn"
CAND_1122,0.08,0.0,0.05,,"AWS, Docker, Git, Machine Learning, NLP, NumPy, Pandas, Python, SQL, Scikit-learn"
CAND_2335,0.08,0.0,0.05,,"AWS, Docker, Git, Machine Learning, NLP, NumPy, Pandas, Python, SQL, Scikit-learn"
CAND_2290,0.09,0.0,0.05,,"AWS, Docker, Git, Machine Learning, NLP, NumPy, Pandas, Python, SQL, Scikit-learn"
CAND_235,0.09,0.0,0.05,,"AWS, Docker, Git, Machine Learning, NLP, NumPy, Pandas, Python, SQL, Scikit-learn"
CAND_2263,0.08,0.0,0.05,,"AWS, Docker, Git, Machine Learning, NLP, NumPy, Pandas, Python, SQL, Scikit-learn"
CAND_185,0.09,0.0,0.05,,"AWS, Docker, Git, Machine Learning, NLP, NumPy, Pandas, Python, SQL, Scikit-learn"
CAND_773,0.09,0.0,0.05,,"AWS, Docker, Git, Machine Learning, NLP, NumPy, Pandas, Python, SQL, Scikit-learn"
CAND_1668,0.08,0.0,0.05,,"AWS, Docker, Git, Machine Learning, NLP, NumPy, Pandas, Python, SQL, Scikit-learn"
CAND_1922,0.08,0.0,0.05,,"AWS, Docker, Git, Machine Learning, NLP, NumPy, Pandas, Python, SQL, Scikit-learn"
CAND_2330,0.09,0.0,0.05,,"AWS, Docker, Git, Machine Learning, NLP, NumPy, Pandas, Python, SQL, Scikit-learn"
CAND_1124,0.09,0.0,0.05,,"AWS, Docker, Git, Machine Learning, NLP, NumPy, Pandas, Python, SQL, Scikit-learn"
CAND_144,0.09,0.0,0.05,,"AWS, Docker, Git, Machine Learning, NLP, NumPy, Pandas, Python, SQL, Scikit-learn"
CAND_074,0.08,0.0,0.05,,"AWS, Docker, Git, Machine Learning, NLP, NumPy, Pandas, Python, SQL, Scikit-learn"
CAND_1885,0.08,0.0,0.05,,"AWS, Docker, Git, Machine Learning, NLP, NumPy, Pandas, Python, SQL, Scikit-learn"
CAND_2236,0.09,0.0,0.05,,"AWS, Docker, Git, Machine Learning, NLP, NumPy, Pandas, Python, SQL, Scikit-learn"
CAND_1659,0.08,0.0,0.05,,"AWS, Docker, Git, Machine Learning, NLP, NumPy, Pandas, Python, SQL, Scikit-learn"
CAND_610,0.08,0.0,0.05,,"AWS, Docker, Git, Machine Learning, NLP, NumPy, Pandas, Python, SQL, Scikit-learn"
CAND_1657,0.08,0.0,0.05,,"AWS, Docker, Git, Machine Learning, NLP, NumPy, Pandas, Python, SQL, Scikit-learn"
CAND_1311,0.08,0.0,0.05,,"AWS, Docker, Git, Machine Learning, NLP, NumPy, Pandas, Python, SQL, Scikit-learn"
CAND_1393,0.08,0.0,0.05,,"AWS, Docker, Git, Machine Learning, NLP, NumPy, Pandas, Python, SQL, Scikit-learn"
CAND_049,0.08,0.0,0.05,,"AWS, Docker, Git, Machine Learning, NLP, NumPy, Pandas, Python, SQL, Scikit-learn"
CAND_1492,0.08,0.0,0.05,,"AWS, Docker, Git, Machine Learning, NLP, NumPy, Pandas, Python, SQL, Scikit-learn"
CAND_1520,0.08,0.0,0.05,,"AWS, Docker, Git, Machine Learning, NLP, NumPy, Pandas, Python, SQL, Scikit-learn"
CAND_923,0.08,0.0,0.05,,"AWS, Docker, Git, Machine Learning, NLP, NumPy, Pandas, Python, SQL, Scikit-learn"
CAND_520,0.08,0.0,0.05,,"AWS, Docker, Git, Machine Learning, NLP, NumPy, Pandas, Python, SQL, Scikit-learn"
CAND_2119,0.09,0.0,0.05,,"AWS, Docker, Git, Machine Learning, NLP, NumPy, Pandas, Python, SQL, Scikit-learn"
CAND_1238,0.09,0.0,0.05,,"AWS, Docker, Git, Machine Learning, NLP, NumPy, Pandas, Python, SQL, Scikit-learn"
CAND_2123,0.08,0.0,0.05,,"AWS, Docker, Git, Machine Learning, NLP, NumPy, Pandas, Python, SQL, Scikit-learn"
CAND_1503,0.08,0.0,0.05,,"AWS, Docker, Git, Machine Learning, NLP, NumPy, Pandas, Python, SQL, Scikit-learn"
CAND_2125,0.09,0.0,0.05,,"AWS, Docker, Git, Machine Learning, NLP, NumPy, Pandas, Python, SQL, Scikit-learn"
CAND_460,0.08,0.0,0.05,,"AWS, Docker, Git, Machine Learning, NLP, NumPy, Pandas, Python, SQL, Scikit-learn"
CAND_021,0.08,0.0,0.05,,"AWS, Docker, Git, Machine Learning, NLP, NumPy, Pandas, Python, SQL, Scikit-learn"
CAND_2133,0.09,0.0,0.05,,"AWS, Docker, Git, Machine Learning, NLP, NumPy, Pandas, Python, SQL, Scikit-learn"
CAND_1169,0.09,0.0,0.05,,"AWS, Docker, Git, Machine Learning, NLP, NumPy, Pandas, Python, SQL, Scikit-learn"
CAND_919,0.08,0.0,0.05,,"AWS, Docker, Git, Machine Learning, NLP, NumPy, Pandas, Python, SQL, Scikit-learn"
CAND_2139,0.09,0.0,0.05,,"AWS, Docker, Git, Machine Learning, NLP, NumPy, Pandas, Python, SQL, Scikit-learn"
CAND_533,0.09,0.0,0.05,,"AWS, Docker, Git, Machine Learning, NLP, NumPy, Pandas, Python, SQL, Scikit-learn"
CAND_1248,0.08,0.0,0.05,,"AWS, Docker, Git, Machine Learning, NLP, NumPy, Pandas, Python, SQL, Scikit-learn"
CAND_1249,0.08,0.0,0.05,,"AWS, Docker, Git, Machine Learning, NLP, NumPy, Pandas, Python, SQL, Scikit-learn"
CAND_2148,0.08,0.0,0.05,,"AWS, Docker, Git, Machine Learning, NLP, NumPy, Pandas, Python, SQL, Scikit-learn"
CAND_2149,0.09,0.0,0.05,,"AWS, Docker, Git, Machine Learning, NLP, NumPy, Pandas, Python, SQL, Scikit-learn"
CAND_1232,0.08,0.0,0.05,,"AWS, Docker, Git, Machine Learning, NLP, NumPy, Pandas, Python, SQL, Scikit-learn"
CAND_2108,0.08,0.0,0.05,,"AWS, Docker, Git, Machine Learning, NLP, NumPy, Pandas, Python, SQL, Scikit-learn"
CAND_478,0.08,0.0,0.05,,"AWS, Docker, Git, Machine Learning, NLP, NumPy, Pandas, Python, SQL, Scikit-learn"
CAND_1568,0.09,0.0,0.05,,"AWS, Docker, Git, Machine Learning, NLP, NumPy, Pandas, Python, SQL, Scikit-learn"
CAND_1564,0.09,0.0,0.05,,"AWS, Docker, Git, Machine Learning, NLP, NumPy, Pandas, Python, SQL, Scikit-learn"
CAND_719,0.08,0.0,0.05,,"AWS, Docker, Git, Machine Learning, NLP, NumPy, Pandas, Python, SQL, Scikit-learn"
CAND_2062,0.08,0.0,0.05,,"AWS, Docker, Git, Machine Learning, NLP, NumPy, Pandas, Python, SQL, Scikit-learn"
CAND_1552,0.08,0.0,0.05,,"AWS, Docker, Git, Machine Learning, NLP, NumPy, Pandas, Python, SQL, Scikit-learn"
CAND_006,0.09,0.0,0.05,,"AWS, Docker, Git, Machine Learning, NLP, NumPy, Pandas, Python, SQL, Scikit-learn"
CAND_2472,0.08,0.0,0.05,,"AWS, Docker, Git, Machine Learning, NLP, NumPy, Pandas, Python, SQL, Scikit-learn"
CAND_508,0.08,0.0,0.05,,"AWS, Docker, Git, Machine Learning, NLP, NumPy, Pandas, Python, SQL, Scikit-learn"
CAND_2465,0.08,0.0,0.05,,"AWS, Docker, Git, Machine Learning, NLP, NumPy, Pandas, Python, SQL, Scikit-learn"
CAND_950,0.08,0.0,0.05,,"AWS, Docker, Git, Machine Learning, NLP, NumPy, Pandas, Python, SQL, Scikit-learn"
CAND_2455,0.09,0.0,0.05,,"AWS, Docker, Git, Machine Learning, NLP, NumPy, Pandas, Python, SQL, Scikit-learn"
CAND_487,0.08,0.0,0.05,,"AWS, Docker, Git, Machine Learning, NLP, NumPy, Pandas, Python, SQL, Scikit-learn"
CAND_732,0.09,0.0,0.05,,"AWS, Docker, Git, Machine Learning, NLP, NumPy, Pandas, Python, SQL, Scikit-learn"
CAND_1814,0.09,0.0,0.05,,"AWS, Docker, Git, Machine Learning, NLP, NumPy, Pandas, Python, SQL, Scikit-learn"
CAND_2048,0.09,0.0,0.05,,"AWS, Docker, Git, Machine Learning, NLP, NumPy, Pandas, Python, SQL, Scikit-learn"
CAND_1583,0.08,0.0,0.05,,"AWS, Docker, Git, Machine Learning, NLP, NumPy, Pandas, Python, SQL, Scikit-learn"
CAND_956,0.09,0.0,0.05,,"AWS, Docker, Git, Machine Learning, NLP, NumPy, Pandas, Python, SQL, Scikit-learn"
CAND_2103,0.09,0.0,0.05,,"AWS, Docker, Git, Machine Learning, NLP, NumPy, Pandas, Python, SQL, Scikit-learn"
CAND_2105,0.08,0.0,0.05,,"AWS, Docker, Git, Machine Learning, NLP, NumPy, Pandas, Python, SQL, Scikit-learn"
CAND_2435,0.09,0.0,0.05,,"AWS, Docker, Git, Machine Learning, NLP, NumPy, Pandas, Python, SQL, Scikit-learn"
CAND_2439,0.08,0.0,0.05,,"AWS, Docker, Git, Machine Learning, NLP, NumPy, Pandas, Python, SQL, Scikit-learn"
CAND_1474,0.08,0.0,0.05,,"AWS, Docker, Git, Machine Learning, NLP, NumPy, Pandas, Python, SQL, Scikit-learn"
CAND_994,0.08,0.0,0.05,,"AWS, Docker, Git, Machine Learning, NLP, NumPy, Pandas, Python, SQL, Scikit-learn"
CAND_1839,0.08,0.0,0.05,,"AWS, Docker, Git, Machine Learning, NLP, NumPy, Pandas, Python, SQL, Scikit-learn"
CAND_2422,0.09,0.0,0.05,,"AWS, Docker, Git, Machine Learning, NLP, NumPy, Pandas, Python, SQL, Scikit-learn"
CAND_2180,0.09,0.0,0.05,,"AWS, Docker, Git, Machine Learning, NLP, NumPy, Pandas, Python, SQL, Scikit-learn"
CAND_900,0.08,0.0,0.05,,"AWS, Docker, Git, Machine Learning, NLP, NumPy, Pandas, Python, SQL, Scikit-learn"
CAND_899,0.08,0.0,0.05,,"AWS, Docker, Git, Machine Learning, NLP, NumPy, Pandas, Python, SQL, Scikit-learn"
CAND_2423,0.08,0.0,0.05,,"AWS, Docker, Git, Machine Learning, NLP, NumPy, Pandas, Python, SQL, Scikit-learn"
CAND_045,0.08,0.0,0.05,,"AWS, Docker, Git, Machine Learning, NLP, NumPy, Pandas, Python, SQL, Scikit-learn"
CAND_2415,0.08,0.0,0.05,,"AWS, Docker, Git, Machine Learning, NLP, NumPy, Pandas, Python, SQL, Scikit-learn"
CAND_2189,0.08,0.0,0.05,,"AWS, Docker, Git, Machine Learning, NLP, NumPy, Pandas, Python, SQL, Scikit-learn"
CAND_1628,0.08,0.0,0.05,,"AWS, Docker, Git, Machine Learning, NLP, NumPy, Pandas, Python, SQL, Scikit-learn"
CAND_1613,0.09,0.0,0.05,,"AWS, Docker, Git, Machine Learning, NLP, NumPy, Pandas, Python, SQL, Scikit-learn"
CAND_2315,0.09,0.0,0.05,,"AWS, Docker, Git, Machine Learning, NLP, NumPy, Pandas, Python, SQL, Scikit-learn"
CAND_2162,0.08,0.0,0.05,,"AWS, Docker, Git, Machine Learning, NLP, NumPy, Pandas, Python, SQL, Scikit-learn"
CAND_410,0.08,0.0,0.05,,"AWS, Docker, Git, Machine Learning, NLP, NumPy, Pandas, Python, SQL, Scikit-learn"
CAND_894,0.08,0.0,0.05,,"AWS, Docker, Git, Machine Learning, NLP, NumPy, Pandas, Python, SQL, Scikit-learn"
CAND_1834,0.08,0.0,0.05,,"AWS, Docker, Git, Machine Learning, NLP, NumPy, Pandas, Python, SQL, Scikit-learn"
CAND_1610,0.08,0.0,0.05,,"AWS, Docker, Git, Machine Learning, NLP, NumPy, Pandas, Python, SQL, Scikit-learn"
CAND_2159,0.08,0.0,0.05,,"AWS, Docker, Git, Machine Learning, NLP, NumPy, Pandas, Python, SQL, Scikit-learn"
CAND_1883,0.07,0.0,0.04,,"AWS, Docker, Git, Machine Learning, NLP, NumPy, Pandas, Python, SQL, Scikit-learn"
CAND_811,0.06,0.0,0.04,,"AWS, Docker, Git, Machine Learning, NLP, NumPy, Pandas, Python, SQL, Scikit-learn"
CAND_1844,0.07,0.0,0.04,,"AWS, Docker, Git, Machine Learning, NLP, NumPy, Pandas, Python, SQL, Scikit-learn"
CAND_2320,0.07,0.0,0.04,,"AWS, Docker, Git, Machine Learning, NLP, NumPy, Pandas, Python, SQL, Scikit-learn"
CAND_808,0.07,0.0,0.04,,"AWS, Docker, Git, Machine Learning, NLP, NumPy, Pandas, Python, SQL, Scikit-learn"
CAND_015,0.07,0.0,0.04,,"AWS, Docker, Git, Machine Learning, NLP, NumPy, Pandas, Python, SQL, Scikit-learn"
CAND_1147,0.06,0.0,0.04,,"AWS, Docker, Git, Machine Learning, NLP, NumPy, Pandas, Python, SQL, Scikit-learn"
CAND_755,0.06,0.0,0.04,,"AWS, Docker, Git, Machine Learning, NLP, NumPy, Pandas, Python, SQL, Scikit-learn"
CAND_751,0.06,0.0,0.04,,"AWS, Docker, Git, Machine Learning, NLP, NumPy, Pandas, Python, SQL, Scikit-learn"
CAND_724,0.06,0.0,0.04,,"AWS, Docker, Git, Machine Learning, NLP, NumPy, Pandas, Python, SQL, Scikit-learn"
CAND_1350,0.06,0.0,0.04,,"AWS, Docker, Git, Machine Learning, NLP, NumPy, Pandas, Python, SQL, Scikit-learn"
CAND_1884,0.06,0.0,0.04,,"AWS, Docker, Git, Machine Learning, NLP, NumPy, Pandas, Python, SQL, Scikit-learn"
CAND_788,0.07,0.0,0.04,,"AWS, Docker, Git, Machine Learning, NLP, NumPy, Pandas, Python, SQL, Scikit-learn"
CAND_1277,0.07,0.0,0.04,,"AWS, Docker, Git, Machine Learning, NLP, NumPy, Pandas, Python, SQL, Scikit-learn"
CAND_1845,0.07,0.0,0.04,,"AWS, Docker, Git, Machine Learning, NLP, NumPy, Pandas, Python, SQL, Scikit-learn"
CAND_1275,0.06,0.0,0.04,,"AWS, Docker, Git, Machine Learning, NLP, NumPy, Pandas, Python, SQL, Scikit-learn"
CAND_1224,0.06,0.0,0.04,,"AWS, Docker, Git, Machine Learning, NLP, NumPy, Pandas, Python, SQL, Scikit-learn"
CAND_2394,0.07,0.0,0.04,,"AWS, Docker, Git, Machine Learning, NLP, NumPy, Pandas, Python, SQL, Scikit-learn"
CAND_1209,0.07,0.0,0.04,,"AWS, Docker, Git, Machine Learning, NLP, NumPy, Pandas, Python, SQL, Scikit-learn"
CAND_1223,0.06,0.0,0.04,,"AWS, Docker, Git, Machine Learning, NLP, NumPy, Pandas, Python, SQL, Scikit-learn"
CAND_1295,0.07,0.0,0.04,,"AWS, Docker, Git, Machine Learning, NLP, NumPy, Pandas, Python, SQL, Scikit-learn"
CAND_1329,0.06,0.0,0.04,,"AWS, Docker, Git, Machine Learning, NLP, NumPy, Pandas, Python, SQL, Scikit-learn"
CAND_1817,0.06,0.0,0.04,,"AWS, Docker, Git, Machine Learning, NLP, NumPy, Pandas, Python, SQL, Scikit-learn"
CAND_076,0.07,0.0,0.04,,"AWS, Docker, Git, Machine Learning, NLP, NumPy, Pandas, Python, SQL, Scikit-learn"
CAND_2382,0.07,0.0,0.04,,"AWS, Docker, Git, Machine Learning, NLP, NumPy, Pandas, Python, SQL, Scikit-learn"
CAND_1831,0.06,0.0,0.04,,"AWS, Docker, Git, Machine Learning, NLP, NumPy, Pandas, Python, SQL, Scikit-learn"
CAND_084,0.06,0.0,0.04,,"AWS, Docker, Git, Machine Learning, NLP, NumPy, Pandas, Python, SQL, Scikit-learn"
CAND_1121,0.06,0.0,0.04,,"AWS, Docker, Git, Machine Learning, NLP, NumPy, Pandas, Python, SQL, Scikit-learn"
CAND_2375,0.06,0.0,0.04,,"AWS, Docker, Git, Machine Learning, NLP, NumPy, Pandas, Python, SQL, Scikit-learn"
CAND_745,0.06,0.0,0.04,,"AWS, Docker, Git, Machine Learning, NLP, NumPy, Pandas, Python, SQL, Scikit-learn"
CAND_1857,0.07,0.0,0.04,,"AWS, Docker, Git, Machine Learning, NLP, NumPy, Pandas, Python, SQL, Scikit-learn"
CAND_1303,0.07,0.0,0.04,,"AWS, Docker, Git, Machine Learning, NLP, NumPy, Pandas, Python, SQL, Scikit-learn"
CAND_2408,0.06,0.0,0.04,,"AWS, Docker, Git, Machine Learning, NLP, NumPy, Pandas, Python, SQL, Scikit-learn"
CAND_1828,0.07,0.0,0.04,,"AWS, Docker, Git, Machine Learning, NLP, NumPy, Pandas, Python, SQL, Scikit-learn"
CAND_1863,0.06,0.0,0.04,,"AWS, Docker, Git, Machine Learning, NLP, NumPy, Pandas, Python, SQL, Scikit-learn"
CAND_036,0.06,0.0,0.04,,"AWS, Docker, Git, Machine Learning, NLP, NumPy, Pandas, Python, SQL, Scikit-learn"
CAND_1854,0.07,0.0,0.04,,"AWS, Docker, Git, Machine Learning, NLP, NumPy, Pandas, Python, SQL, Scikit-learn"
CAND_1170,0.07,0.0,0.04,,"AWS, Docker, Git, Machine Learning, NLP, NumPy, Pandas, Python, SQL, Scikit-learn"
CAND_1827,0.07,0.0,0.04,,"AWS, Docker, Git, Machine Learning, NLP, NumPy, Pandas, Python, SQL, Scikit-learn"
CAND_2429,0.06,0.0,0.04,,"AWS, Docker, Git, Machine Learning, NLP, NumPy, Pandas, Python, SQL, Scikit-learn"
CAND_068,0.06,0.0,0.04,,"AWS, Docker, Git, Machine Learning, NLP, NumPy, Pandas, Python, SQL, Scikit-learn"
CAND_1290,0.07,0.0,0.04,,"AWS, Docker, Git, Machine Learning, NLP, NumPy, Pandas, Python, SQL, Scikit-learn"
CAND_1101,0.06,0.0,0.04,,"AWS, Docker, Git, Machine Learning, NLP, NumPy, Pandas, Python, SQL, Scikit-learn"
CAND_1835,0.06,0.0,0.04,,"AWS, Docker, Git, Machine Learning, NLP, NumPy, Pandas, Python, SQL, Scikit-learn"
CAND_1157,0.07,0.0,0.04,,"AWS, Docker, Git, Machine Learning, NLP, NumPy, Pandas, Python, SQL, Scikit-learn"
CAND_041,0.07,0.0,0.04,,"AWS, Docker, Git, Machine Learning, NLP, NumPy, Pandas, Python, SQL, Scikit-learn"
CAND_1821,0.07,0.0,0.04,,"AWS, Docker, Git, Machine Learning, NLP, NumPy, Pandas, Python, SQL, Scikit-learn"
CAND_1819,0.06,0.0,0.04,,"AWS, Docker, Git, Machine Learning, NLP, NumPy, Pandas, Python, SQL, Scikit-learn"
CAND_105,0.06,0.0,0.04,,"AWS, Docker, Git, Machine Learning, NLP, NumPy, Pandas, Python, SQL, Scikit-learn"
CAND_1250,0.06,0.0,0.04,,"AWS, Docker, Git, Machine Learning, NLP, NumPy, Pandas, Python, SQL, Scikit-learn"
CAND_1841,0.07,0.0,0.04,,"AWS, Docker, Git, Machine Learning, NLP, NumPy, Pandas, Python, SQL, Scikit-learn"
CAND_694,0.06,0.0,0.04,,"AWS, Docker, Git, Machine Learning, NLP, NumPy, Pandas, Python, SQL, Scikit-learn"
CAND_1893,0.06,0.0,0.04,,"AWS, Docker, Git, Machine Learning, NLP, NumPy, Pandas, Python, SQL, Scikit-learn"
CAND_618,0.07,0.0,0.04,,"AWS, Docker, Git, Machine Learning, NLP, NumPy, Pandas, Python, SQL, Scikit-learn"
CAND_2232,0.07,0.0,0.04,,"AWS, Docker, Git, Machine Learning, NLP, NumPy, Pandas, Python, SQL, Scikit-learn"
CAND_979,0.06,0.0,0.04,,"AWS, Docker, Git, Machine Learning, NLP, NumPy, Pandas, Python, SQL, Scikit-learn"
CAND_553,0.06,0.0,0.04,,"AWS, Docker, Git, Machine Learning, NLP, NumPy, Pandas, Python, SQL, Scikit-learn"
CAND_2157,0.07,0.0,0.04,,"AWS, Docker, Git, Machine Learning, NLP, NumPy, Pandas, Python, SQL, Scikit-learn"
CAND_1662,0.07,0.0,0.04,,"AWS, Docker, Git, Machine Learning, NLP, NumPy, Pandas, Python, SQL, Scikit-learn"
CAND_1664,0.07,0.0,0.04,,"AWS, Docker, Git, Machine Learning, NLP, NumPy, Pandas, Python, SQL, Scikit-learn"
CAND_1428,0.07,0.0,0.04,,"AWS, Docker, Git, Machine Learning, NLP, NumPy, Pandas, Python, SQL, Scikit-learn"
CAND_613,0.07,0.0,0.04,,"AWS, Docker, Git, Machine Learning, NLP, NumPy, Pandas, Python, SQL, Scikit-learn"
CAND_2248,0.06,0.0,0.04,,"AWS, Docker, Git, Machine Learning, NLP, NumPy, Pandas, Python, SQL, Scikit-learn"
CAND_1672,0.06,0.0,0.04,,"AWS, Docker, Git, Machine Learning, NLP, NumPy, Pandas, Python, SQL, Scikit-learn"
CAND_450,0.06,0.0,0.04,,"AWS, Docker, Git, Machine Learning, NLP, NumPy, Pandas, Python, SQL, Scikit-learn"
CAND_2254,0.07,0.0,0.04,,"AWS, Docker, Git, Machine Learning, NLP, NumPy, Pandas, Python, SQL, Scikit-learn"
CAND_1419,0.06,0.0,0.04,,"AWS, Docker, Git, Machine Learning, NLP, NumPy, Pandas, Python, SQL, Scikit-learn"
CAND_2146,0.07,0.0,0.04,,"AWS, Docker, Git, Machine Learning, NLP, NumPy, Pandas, Python, SQL, Scikit-learn"
CAND_622,0.07,0.0,0.04,,"AWS, Docker, Git, Machine Learning, NLP, NumPy, Pandas, Python, SQL, Scikit-learn"
CAND_626,0.07,0.0,0.04,,"AWS, Docker, Git, Machine Learning, NLP, NumPy, Pandas, Python, SQL, Scikit-learn"
CAND_267,0.07,0.0,0.04,,"AWS, Docker, Git, Machine Learning, NLP, NumPy, Pandas, Python, SQL, Scikit-learn"
CAND_539,0.07,0.0,0.04,,"AWS, Docker, Git, Machine Learning, NLP, NumPy, Pandas, Python, SQL, Scikit-learn"
CAND_1677,0.07,0.0,0.04,,"AWS, Docker, Git, Machine Learning, NLP, NumPy, Pandas, Python, SQL, Scikit-learn"
CAND_1497,0.06,0.0,0.04,,"AWS, Docker, Git, Machine Learning, NLP, NumPy, Pandas, Python, SQL, Scikit-learn"
CAND_2230,0.07,0.0,0.04,,"AWS, Docker, Git, Machine Learning, NLP, NumPy, Pandas, Python, SQL, Scikit-learn"
CAND_608,0.06,0.0,0.04,,"AWS, Docker, Git, Machine Learning, NLP, NumPy, Pandas, Python, SQL, Scikit-learn"
CAND_2228,0.06,0.0,0.04,,"AWS, Docker, Git, Machine Learning, NLP, NumPy, Pandas, Python, SQL, Scikit-learn"
CAND_2226,0.06,0.0,0.04,,"AWS, Docker, Git, Machine Learning, NLP, NumPy, Pandas, Python, SQL, Scikit-learn"
CAND_998,0.07,0.0,0.04,,"AWS, Docker, Git, Machine Learning, NLP, NumPy, Pandas, Python, SQL, Scikit-learn"
CAND_361,0.07,0.0,0.04,,"AWS, Docker, Git, Machine Learning, NLP, NumPy, Pandas, Python, SQL, Scikit-learn"
CAND_898,0.06,0.0,0.04,,"AWS, Docker, Git, Machine Learning, NLP, NumPy, Pandas, Python, SQL, Scikit-learn"
CAND_335,0.06,0.0,0.04,,"AWS, Docker, Git, Machine Learning, NLP, NumPy, Pandas, Python, SQL, Scikit-learn"
CAND_2181,0.07,0.0,0.04,,"AWS, Docker, Git, Machine Learning, NLP, NumPy, Pandas, Python, SQL, Scikit-learn"
CAND_583,0.07,0.0,0.04,,"AWS, Docker, Git, Machine Learning, NLP, NumPy, Pandas, Python, SQL, Scikit-learn"
CAND_1976,0.07,0.0,0.04,,"AWS, Docker, Git, Machine Learning, NLP, NumPy, Pandas, Python, SQL, Scikit-learn"
CAND_876,0.07,0.0,0.04,,"AWS, Docker, Git, Machine Learning, NLP, NumPy, Pandas, Python, SQL, Scikit-learn"
CAND_598,0.07,0.0,0.04,,"AWS, Docker, Git, Machine Learning, NLP, NumPy, Pandas, Python, SQL, Scikit-learn"
CAND_563,0.07,0.0,0.04,,"AWS, Docker, Git, Machine Learning, NLP, NumPy, Pandas, Python, SQL, Scikit-learn"
CAND_409,0.07,0.0,0.04,,"AWS, Docker, Git, Machine Learning, NLP, NumPy, Pandas, Python, SQL, Scikit-learn"
CAND_1617,0.07,0.0,0.04,,"AWS, Docker, Git, Machine Learning, NLP, NumPy, Pandas, Python, SQL, Scikit-learn"
CAND_2169,0.06,0.0,0.04,,"AWS, Docker, Git, Machine Learning, NLP, NumPy, Pandas, Python, SQL, Scikit-learn"
CAND_1021,0.07,0.0,0.04,,"AWS, Docker, Git, Machine Learning, NLP, NumPy, Pandas, Python, SQL, Scikit-learn"
CAND_2218,0.07,0.0,0.04,,"AWS, Docker, Git, Machine Learning, NLP, NumPy, Pandas, Python, SQL, Scikit-learn"
CAND_2219,0.07,0.0,0.04,,"AWS, Docker, Git, Machine Learning, NLP, NumPy, Pandas, Python, SQL, Scikit-learn"
CAND_1026,0.07,0.0,0.04,,"AWS, Docker, Git, Machine Learning, NLP, NumPy, Pandas, Python, SQL, Scikit-learn"
CAND_2224,0.06,0.0,0.04,,"AWS, Docker, Git, Machine Learning, NLP, NumPy, Pandas, Python, SQL, Scikit-learn"
CAND_289,0.06,0.0,0.04,,"AWS, Docker, Git, Machine Learning, NLP, NumPy, Pandas, Python, SQL, Scikit-learn"
CAND_448,0.07,0.0,0.04,,"AWS, Docker, Git, Machine Learning, NLP, NumPy, Pandas, Python, SQL, Scikit-learn"
CAND_2187,0.06,0.0,0.04,,"AWS, Docker, Git, Machine Learning, NLP, NumPy, Pandas, Python, SQL, Scikit-learn"
CAND_1683,0.07,0.0,0.04,,"AWS, Docker, Git, Machine Learning, NLP, NumPy, Pandas, Python, SQL, Scikit-learn"
CAND_1575,0.07,0.0,0.04,,"AWS, Docker, Git, Machine Learning, NLP, NumPy, Pandas, Python, SQL, Scikit-learn"
CAND_2078,0.06,0.0,0.04,,"AWS, Docker, Git, Machine Learning, NLP, NumPy, Pandas, Python, SQL, Scikit-learn"
CAND_2285,0.07,0.0,0.04,,"AWS, Docker, Git, Machine Learning, NLP, NumPy, Pandas, Python, SQL, Scikit-learn"
CAND_199,0.07,0.0,0.04,,"AWS, Docker, Git, Machine Learning, NLP, NumPy, Pandas, Python, SQL, Scikit-learn"
CAND_1077,0.07,0.0,0.04,,"AWS, Docker, Git, Machine Learning, NLP, NumPy, Pandas, Python, SQL, Scikit-learn"
CAND_851,0.06,0.0,0.04,,"AWS, Docker, Git, Machine Learning, NLP, NumPy, Pandas, Python, SQL, Scikit-learn"
CAND_1578,0.07,0.0,0.04,,"AWS, Docker, Git, Machine Learning, NLP, NumPy, Pandas, Python, SQL, Scikit-learn"
CAND_1374,0.06,0.0,0.04,,"AWS, Docker, Git, Machine Learning, NLP, NumPy, Pandas, Python, SQL, Scikit-learn"
CAND_515,0.06,0.0,0.04,,"AWS, Docker, Git, Machine Learning, NLP, NumPy, Pandas, Python, SQL, Scikit-learn"
CAND_2095,0.06,0.0,0.04,,"AWS, Docker, Git, Machine Learning, NLP, NumPy, Pandas, Python, SQL, Scikit-learn"
CAND_2091,0.06,0.0,0.04,,"AWS, Docker, Git, Machine Learning, NLP, NumPy, Pandas, Python, SQL, Scikit-learn"
CAND_644,0.07,0.0,0.04,,"AWS, Docker, Git, Machine Learning, NLP, NumPy, Pandas, Python, SQL, Scikit-learn"
CAND_2061,0.07,0.0,0.04,,"AWS, Docker, Git, Machine Learning, NLP, NumPy, Pandas, Python, SQL, Scikit-learn"
CAND_492,0.07,0.0,0.04,,"AWS, Docker, Git, Machine Learning, NLP, NumPy, Pandas, Python, SQL, Scikit-learn"
CAND_2056,0.07,0.0,0.04,,"AWS, Docker, Git, Machine Learning, NLP, NumPy, Pandas, Python, SQL, Scikit-learn"
CAND_1584,0.06,0.0,0.04,,"AWS, Docker, Git, Machine Learning, NLP, NumPy, Pandas, Python, SQL, Scikit-learn"
CAND_513,0.07,0.0,0.04,,"AWS, Docker, Git, Machine Learning, NLP, NumPy, Pandas, Python, SQL, Scikit-learn"
CAND_1917,0.06,0.0,0.04,,"AWS, Docker, Git, Machine Learning, NLP, NumPy, Pandas, Python, SQL, Scikit-learn"
CAND_855,0.07,0.0,0.04,,"AWS, Docker, Git, Machine Learning, NLP, NumPy, Pandas, Python, SQL, Scikit-learn"
CAND_635,0.06,0.0,0.04,,"AWS, Docker, Git, Machine Learning, NLP, NumPy, Pandas, Python, SQL, Scikit-learn"
CAND_1558,0.07,0.0,0.04,,"AWS, Docker, Git, Machine Learning, NLP, NumPy, Pandas, Python, SQL, Scikit-learn"
CAND_457,0.06,0.0,0.04,,"AWS, Docker, Git, Machine Learning, NLP, NumPy, Pandas, Python, SQL, Scikit-learn"
CAND_1409,0.06,0.0,0.04,,"AWS, Docker, Git, Machine Learning, NLP, NumPy, Pandas, Python, SQL, Scikit-learn"
CAND_1502,0.07,0.0,0.04,,"AWS, Docker, Git, Machine Learning, NLP, NumPy, Pandas, Python, SQL, Scikit-learn"
CAND_1687,0.07,0.0,0.04,,"AWS, Docker, Git, Machine Learning, NLP, NumPy, Pandas, Python, SQL, Scikit-learn"
CAND_2122,0.07,0.0,0.04,,"AWS, Docker, Git, Machine Learning, NLP, NumPy, Pandas, Python, SQL, Scikit-learn"
CAND_938,0.06,0.0,0.04,,"AWS, Docker, Git, Machine Learning, NLP, NumPy, Pandas, Python, SQL, Scikit-learn"
CAND_2066,0.06,0.0,0.04,,"AWS, Docker, Git, Machine Learning, NLP, NumPy, Pandas, Python, SQL, Scikit-learn"
CAND_1508,0.07,0.0,0.04,,"AWS, Docker, Git, Machine Learning, NLP, NumPy, Pandas, Python, SQL, Scikit-learn"
CAND_854,0.06,0.0,0.04,,"AWS, Docker, Git, Machine Learning, NLP, NumPy, Pandas, Python, SQL, Scikit-learn"
CAND_1894,0.06,0.0,0.04,,"AWS, Docker, Git, Machine Learning, NLP, NumPy, Pandas, Python, SQL, Scikit-learn"
CAND_1513,0.07,0.0,0.04,,"AWS, Docker, Git, Machine Learning, NLP, NumPy, Pandas, Python, SQL, Scikit-learn"
CAND_940,0.06,0.0,0.04,,"AWS, Docker, Git, Machine Learning, NLP, NumPy, Pandas, Python, SQL, Scikit-learn"
CAND_1566,0.05,0.0,0.03,,"AWS, Docker, Git, Machine Learning, NLP, NumPy, Pandas, Python, SQL, Scikit-learn"
CAND_2473,0.05,0.0,0.03,,"AWS, Docker, Git, Machine Learning, NLP, NumPy, Pandas, Python, SQL, Scikit-learn"
CAND_725,0.05,0.0,0.03,,"AWS, Docker, Git, Machine Learning, NLP, NumPy, Pandas, Python, SQL, Scikit-learn"
CAND_497,0.05,0.0,0.03,,"AWS, Docker, Git, Machine Learning, NLP, NumPy, Pandas, Python, SQL, Scikit-learn"
CAND_2456,0.05,0.0,0.03,,"AWS, Docker, Git, Machine Learning, NLP, NumPy, Pandas, Python, SQL, Scikit-learn"
CAND_1999,0.05,0.0,0.03,,"AWS, Docker, Git, Machine Learning, NLP, NumPy, Pandas, Python, SQL, Scikit-learn"
CAND_1478,0.05,0.0,0.03,,"AWS, Docker, Git, Machine Learning, NLP, NumPy, Pandas, Python, SQL, Scikit-learn"
CAND_2047,0.05,0.0,0.03,,"AWS, Docker, Git, Machine Learning, NLP, NumPy, Pandas, Python, SQL, Scikit-learn"
CAND_1535,0.05,0.0,0.03,,"AWS, Docker, Git, Machine Learning, NLP, NumPy, Pandas, Python, SQL, Scikit-learn"
CAND_384,0.05,0.0,0.03,,"AWS, Docker, Git, Machine Learning, NLP, NumPy, Pandas, Python, SQL, Scikit-learn"
CAND_2041,0.05,0.0,0.03,,"AWS, Docker, Git, Machine Learning, NLP, NumPy, Pandas, Python, SQL, Scikit-learn"
CAND_958,0.05,0.0,0.03,,"AWS, Docker, Git, Machine Learning, NLP, NumPy, Pandas, Python, SQL, Scikit-learn"
CAND_976,0.05,0.0,0.03,,"AWS, Docker, Git, Machine Learning, NLP, NumPy, Pandas, Python, SQL, Scikit-learn"
CAND_1494,0.05,0.0,0.03,,"AWS, Docker, Git, Machine Learning, NLP, NumPy, Pandas, Python, SQL, Scikit-learn"
CAND_971,0.05,0.0,0.03,,"AWS, Docker, Git, Machine Learning, NLP, NumPy, Pandas, Python, SQL, Scikit-learn"
CAND_972,0.05,0.0,0.03,,"AWS, Docker, Git, Machine Learning, NLP, NumPy, Pandas, Python, SQL, Scikit-learn"
CAND_1443,0.05,0.0,0.03,,"AWS, Docker, Git, Machine Learning, NLP, NumPy, Pandas, Python, SQL, Scikit-learn"
CAND_2067,0.05,0.0,0.03,,"AWS, Docker, Git, Machine Learning, NLP, NumPy, Pandas, Python, SQL, Scikit-learn"
CAND_829,0.05,0.0,0.03,,"AWS, Docker, Git, Machine Learning, NLP, NumPy, Pandas, Python, SQL, Scikit-learn"
CAND_857,0.05,0.0,0.03,,"AWS, Docker, Git, Machine Learning, NLP, NumPy, Pandas, Python, SQL, Scikit-learn"
CAND_1682,0.05,0.0,0.03,,"AWS, Docker, Git, Machine Learning, NLP, NumPy, Pandas, Python, SQL, Scikit-learn"
CAND_2282,0.05,0.0,0.03,,"AWS, Docker, Git, Machine Learning, NLP, NumPy, Pandas, Python, SQL, Scikit-learn"
CAND_2364,0.05,0.0,0.03,,"AWS, Docker, Git, Machine Learning, NLP, NumPy, Pandas, Python, SQL, Scikit-learn"
CAND_784,0.05,0.0,0.03,,"AWS, Docker, Git, Machine Learning, NLP, NumPy, Pandas, Python, SQL, Scikit-learn"
CAND_1072,0.05,0.0,0.03,,"AWS, Docker, Git, Machine Learning, NLP, NumPy, Pandas, Python, SQL, Scikit-learn"
CAND_2250,0.05,0.0,0.03,,"AWS, Docker, Git, Machine Learning, NLP, NumPy, Pandas, Python, SQL, Scikit-learn"
CAND_1881,0.05,0.0,0.03,,"AWS, Docker, Git, Machine Learning, NLP, NumPy, Pandas, Python, SQL, Scikit-learn"
CAND_1431,0.05,0.0,0.03,,"AWS, Docker, Git, Machine Learning, NLP, NumPy, Pandas, Python, SQL, Scikit-learn"
CAND_2301,0.05,0.0,0.03,,"AWS, Docker, Git, Machine Learning, NLP, NumPy, Pandas, Python, SQL, Scikit-learn"
CAND_1316,0.05,0.0,0.03,,"AWS, Docker, Git, Machine Learning, NLP, NumPy, Pandas, Python, SQL, Scikit-learn"
CAND_756,0.05,0.0,0.03,,"AWS, Docker, Git, Machine Learning, NLP, NumPy, Pandas, Python, SQL, Scikit-learn"
CAND_322,0.05,0.0,0.03,,"AWS, Docker, Git, Machine Learning, NLP, NumPy, Pandas, Python, SQL, Scikit-learn"
CAND_599,0.05,0.0,0.03,,"AWS, Docker, Git, Machine Learning, NLP, NumPy, Pandas, Python, SQL, Scikit-learn"
CAND_1356,0.05,0.0,0.03,,"AWS, Docker, Git, Machine Learning, NLP, NumPy, Pandas, Python, SQL, Scikit-learn"
CAND_1020,0.05,0.0,0.03,,"AWS, Docker, Git, Machine Learning, NLP, NumPy, Pandas, Python, SQL, Scikit-learn"
CAND_160,0.05,0.0,0.03,,"AWS, Docker, Git, Machine Learning, NLP, NumPy, Pandas, Python, SQL, Scikit-learn"
CAND_1362,0.05,0.0,0.03,,"AWS, Docker, Git, Machine Learning, NLP, NumPy, Pandas, Python, SQL, Scikit-learn"
CAND_2469,0.03,0.0,0.02,,"AWS, Docker, Git, Machine Learning, NLP, NumPy, Pandas, Python, SQL, Scikit-learn"
CAND_1387,0.03,0.0,0.02,,"AWS, Docker, Git, Machine Learning, NLP, NumPy, Pandas, Python, SQL, Scikit-learn"
CAND_1636,0.03,0.0,0.02,,"AWS, Docker, Git, Machine Learning, NLP, NumPy, Pandas, Python, SQL, Scikit-learn"
CAND_2065,0.04,0.0,0.02,,"AWS, Docker, Git, Machine Learning, NLP, NumPy, Pandas, Python, SQL, Scikit-learn"
CAND_1071,0.04,0.0,0.02,,"AWS, Docker, Git, Machine Learning, NLP, NumPy, Pandas, Python, SQL, Scikit-learn"
CAND_1220,0.04,0.0,0.02,,"AWS, Docker, Git, Machine Learning, NLP, NumPy, Pandas, Python, SQL, Scikit-learn"
CAND_2323,0.04,0.0,0.02,,"AWS, Docker, Git, Machine Learning, NLP, NumPy, Pandas, Python, SQL, Scikit-learn"
CAND_168,0.04,0.0,0.02,,"AWS, Docker, Git, Machine Learning, NLP, NumPy, Pandas, Python, SQL, Scikit-learn"
CAND_2307,0.04,0.0,0.02,,"AWS, Docker, Git, Machine Learning, NLP, NumPy, Pandas, Python, SQL, Scikit-learn"
CAND_1398,0.04,0.0,0.02,,"AWS, Docker, Git, Machine Learning, NLP, NumPy, Pandas, Python, SQL, Scikit-learn"
CAND_1083,0.04,0.0,0.02,,"AWS, Docker, Git, Machine Learning, NLP, NumPy, Pandas, Python, SQL, Scikit-learn"
CAND_1634,0.03,0.0,0.02,,"AWS, Docker, Git, Machine Learning, NLP, NumPy, Pandas, Python, SQL, Scikit-learn"
CAND_2448,0.03,0.0,0.02,,"AWS, Docker, Git, Machine Learning, NLP, NumPy, Pandas, Python, SQL, Scikit-learn"
CAND_633,0.03,0.0,0.02,,"AWS, Docker, Git, Machine Learning, NLP, NumPy, Pandas, Python, SQL, Scikit-learn"
CAND_2373,0.04,0.0,0.02,,"AWS, Docker, Git, Machine Learning, NLP, NumPy, Pandas, Python, SQL, Scikit-learn"
CAND_2176,0.04,0.0,0.02,,"AWS, Docker, Git, Machine Learning, NLP, NumPy, Pandas, Python, SQL, Scikit-learn"
CAND_814,0.04,0.0,0.02,,"AWS, Docker, Git, Machine Learning, NLP, NumPy, Pandas, Python, SQL, Scikit-learn"
CAND_1263,0.04,0.0,0.02,,"AWS, Docker, Git, Machine Learning, NLP, NumPy, Pandas, Python, SQL, Scikit-learn"
CAND_1367,0.01,0.0,0.01,,"AWS, Docker, Git, Machine Learning, NLP, NumPy, Pandas, Python, SQL, Scikit-learn"
CAND_1563,0.0,0.0,0.0,,"AWS, Docker, Git, Machine Learning, NLP, NumPy, Pandas, Python, SQL, Scikit-learn"
CAND_657,0.0,0.0,0.0,,"AWS, Docker, Git, Machine Learning, NLP, NumPy, Pandas, Python, SQL, Scikit-learn"
CAND_1638,0.0,0.0,0.0,,"AWS, Docker, Git, Machine Learning, NLP, NumPy, Pandas, Python, SQL, Scikit-learn"
CAND_426,0.0,0.0,0.0,,"AWS, Docker, Git, Machine Learning, NLP, NumPy, Pandas, Python, SQL, Scikit-learn"
CAND_1476,0.0,0.0,0.0,,"AWS, Docker, Git, Machine Learning, NLP, NumPy, Pandas, Python, SQL, Scikit-learn"
CAND_147,0.0,0.0,0.0,,"AWS, Docker, Git, Machine Learning, NLP, NumPy, Pandas, Python, SQL, Scikit-learn"
CAND_1849,0.0,0.0,0.0,,"AWS, Docker, Git, Machine Learning, NLP, NumPy, Pandas, Python, SQL, Scikit-learn"
CAND_690,0.0,0.0,0.0,,"AWS, Docker, Git, Machine Learning, NLP, NumPy, Pandas, Python, SQL, Scikit-learn"
CAND_1075,0.0,0.0,0.0,,"AWS, Docker, Git, Machine Learning, NLP, NumPy, Pandas, Python, SQL, Scikit-learn"
CAND_1654,0.0,0.0,0.0,,"AWS, Docker, Git, Machine Learning, NLP, NumPy, Pandas, Python, SQL, Scikit-learn"
CAND_1127,0.0,0.0,0.0,,"AWS, Docker, Git, Machine Learning, NLP, NumPy, Pandas, Python, SQL, Scikit-learn"
CAND_494,0.0,0.0,0.0,,"AWS, Docker, Git, Machine Learning, NLP, NumPy, Pandas, Python, SQL, Scikit-learn"
CAND_1592,0.0,0.0,0.0,,"AWS, Docker, Git, Machine Learning, NLP, NumPy, Pandas, Python, SQL, Scikit-learn"
CAND_2086,0.0,0.0,0.0,,"AWS, Docker, Git, Machine Learning, NLP, NumPy, Pandas, Python, SQL, Scikit-learn"
CAND_1913,0.0,0.0,0.0,,"AWS, Docker, Git, Machine Learning, NLP, NumPy, Pandas, Python, SQL, Scikit-learn"
CAND_770,0.0,0.0,0.0,,"AWS, Docker, Git, Machine Learning, NLP, NumPy, Pandas, Python, SQL, Scikit-learn"
CAND_213,0.0,0.0,0.0,,"AWS, Docker, Git, Machine Learning, NLP, NumPy, Pandas, Python, SQL, Scikit-learn"
CAND_1326,0.0,0.0,0.0,,"AWS, Docker, Git, Machine Learning, NLP, NumPy, Pandas, Python, SQL, Scikit-learn"
CAND_1414,0.0,0.0,0.0,,"AWS, Docker, Git, Machine Learning, NLP, NumPy, Pandas, Python, SQL, Scikit-learn"
CAND_1385,0.0,0.0,0.0,,"AWS, Docker, Git, Machine Learning, NLP, NumPy, Pandas, Python, SQL, Scikit-learn"
CAND_769,0.0,0.0,0.0,,"AWS, Docker, Git, Machine Learning, NLP, NumPy, Pandas, Python, SQL, Scikit-learn"
CAND_1910,0.0,0.0,0.0,,"AWS, Docker, Git, Machine Learning, NLP, NumPy, Pandas, Python, SQL, Scikit-learn"
CAND_1825,0.0,0.0,0.0,,"AWS, Docker, Git, Machine Learning, NLP, NumPy, Pandas, Python, SQL, Scikit-learn"
CAND_791,0.0,0.0,0.0,,"AWS, Docker, Git, Machine Learning, NLP, NumPy, Pandas, Python, SQL, Scikit-learn"
CAND_1113,0.0,0.0,0.0,,"AWS, Docker, Git, Machine Learning, NLP, NumPy, Pandas, Python, SQL, Scikit-learn"
CAND_130,0.0,0.0,0.0,,"AWS, Docker, Git, Machine Learning, NLP, NumPy, Pandas, Python, SQL, Scikit-learn"
CAND_1166,0.0,0.0,0.0,,"AWS, Docker, Git, Machine Learning, NLP, NumPy, Pandas, Python, SQL, Scikit-learn"
CAND_551,0.0,0.0,0.0,,"AWS, Docker, Git, Machine Learning, NLP, NumPy, Pandas, Python, SQL, Scikit-learn"
CAND_870,0.0,0.0,0.0,,"AWS, Docker, Git, Machine Learning, NLP, NumPy, Pandas, Python, SQL, Scikit-learn"
CAND_730,0.0,0.0,0.0,,"AWS, Docker, Git, Machine Learning, NLP, NumPy, Pandas, Python, SQL, Scikit-learn"
